frame,phase,exposure,angle,dangle,t_req_a,t_sav_a,ab_a,aa_a,t_req_b,t_sav_b,ab_b,aa_b,n_body,n_bg,n_body_detected,fb_med_body,fb_p90_body,body_flow,same_angle,static_med,static_cl,affine_med,affine_cl,epi_img_med,epi_img_cl,epi_enc_med,epi_enc_cl,epi_enc_cl30,epi_enc_bg,epi_sens_px_per_deg,motion_mm,candidate_raw,accel_guard,motion_state,geometry_state,state,label,alarm_confirmed,alarm_any,alarm,n_bed,epi_bed,n_offplane,epi_offplane,n_floor,epi_floor,n_bed_near,epi_bed_near
2,approach,False,-1.2269999980926514,0.0,0.0,0.187,-1.2269999980926514,-1.2269999980926514,0.286,0.448,-1.2269999980926514,-1.2269999980926514,210,1859,211,0.013793078251183033,0.04746181517839432,0.045533081388814706,True,0.01081836135057997,0.0484225957725751,nan,nan,nan,nan,nan,nan,nan,nan,nan,0.10811071750807459,False,False,NO_MOTION,NOT_CHECKED,NO_MOTION/NOT_CHECKED,no motion; geometry not checked,False,False,False,,,,,,,,
3,approach,False,-1.2269999980926514,0.0,0.286,0.448,-1.2269999980926514,-1.2269999980926514,0.52,0.683,-1.2269999980926514,-1.2269999980926514,219,1856,219,0.013630975969135761,0.0402652882039547,0.0483490968236314,True,0.013591481770644578,0.0497139466541134,nan,nan,nan,nan,nan,nan,nan,nan,nan,0.11099385229526128,False,False,NO_MOTION,NOT_CHECKED,NO_MOTION/NOT_CHECKED,no motion; geometry not checked,False,False,False,,,,,,,,
4,approach,False,-1.2269999980926514,0.0,0.52,0.683,-1.2269999980926514,-1.2269999980926514,0.783,0.947,-1.2269999980926514,-1.2269999980926514,237,1696,240,0.01608887128531933,0.04623810946941376,0.04843805296119171,True,0.0058767314857326985,0.04590106903913206,nan,nan,nan,nan,nan,nan,nan,nan,nan,0.1024810303750541,False,False,NO_MOTION,NOT_CHECKED,NO_MOTION/NOT_CHECKED,no motion; geometry not checked,False,False,False,,,,,,,,
5,approach,False,-1.268400001525879,-0.041400003433227583,0.783,0.947,-1.2269999980926514,-1.2269999980926514,1.048,1.185,-1.2269999980926514,-1.2730000019073486,209,1931,210,0.01345683354884386,0.0482763908803463,0.051204303515009646,False,nan,nan,0.057251372442982965,0.1511558715040897,0.0576918778293252,0.17496633770336625,0.027661100833749414,0.0793849637695983,0.05784870367934683,0.04732264940343114,0.04064309479065761,0.12915591908908503,False,False,NO_MOTION,VERIFIED,NO_MOTION/VERIFIED,no motion; geometry verified by background,False,False,False,253,0.023770601843656588,0,nan,1678,0.05244495916123475,184,0.020354063370234505
6,approach,False,-1.517199945449829,-0.2487999439239501,1.048,1.185,-1.2269999980926514,-1.2730000019073486,1.287,1.452,-1.3389999866485596,-1.5369999408721924,221,1881,227,0.018510062247514725,0.05548805743455887,0.2620431426912458,False,nan,nan,0.7583706312910304,0.9126182235989995,0.30227580429766016,0.4615436484100133,0.030966922722427192,0.08949664487397214,0.048942620573390966,0.06248296962592608,0.03189741592768289,0.10927175097687591,False,False,NO_MOTION,VERIFIED,NO_MOTION/VERIFIED,no motion; geometry verified by background,False,False,False,242,0.04287055619777773,1,2.109342708657267,1638,0.06720844932679154,170,0.03102141544408236
7,approach,False,-1.9175999999046325,-0.4004000544548034,1.287,1.452,-1.3389999866485596,-1.5369999408721924,1.52,1.679,-1.6349999904632568,-1.9490000009536743,163,1851,171,0.023692099377512932,0.05887738615274429,0.6596799672151444,False,nan,nan,1.3267936362435808,1.5395008600059699,0.04633779455934899,0.15255977190524964,0.03703722562710896,0.12214781825477279,0.04770499907723248,0.06969679987018643,0.03761227483356458,0.10650857511200643,False,False,NO_MOTION,VERIFIED,NO_MOTION/VERIFIED,no motion; geometry verified by background,False,False,False,188,0.0265815428114293,58,0.10078702947400621,1605,0.07643665312008967,129,0.026569390473098444
8,approach,False,-2.2010000467300417,-0.2834000468254092,1.52,1.679,-1.6349999904632568,-1.9490000009536743,1.717,1.815,-2.003000020980835,-2.2230000495910645,192,1820,201,0.019103605300188065,0.056992221623659134,0.4657678682365371,False,nan,nan,1.4393428824743935,1.7685191891445866,0.2166993153697096,0.5395438797027333,0.03737039539839339,0.13229705875023018,0.05934600424898785,0.06718923642897749,0.04434066924026894,0.13249886748593284,False,False,NO_MOTION,VERIFIED,NO_MOTION/VERIFIED,no motion; geometry verified by background,False,False,False,219,0.03377881349210796,41,0.28658231739674783,1560,0.07268399727908072,149,0.027802273598018564
9,approach,False,-2.744099974632263,-0.5430999279022215,1.717,1.815,-2.003000020980835,-2.2230000495910645,1.917,2.08,-2.4210000038146973,-2.7799999713897705,146,1755,179,0.028191406279802322,0.07802286744117737,1.292276358051026,False,nan,nan,2.541535629507673,4.344969860621553,0.4397632152544965,0.6603162592397064,0.5364678438161593,1.1309018595798694,1.055006057614937,0.21475205470752362,0.04194316390439323,2.355459471850829,True,False,SUSPECT,VERIFIED,SUSPECT/VERIFIED,motion suspected; geometry verified by background,False,False,False,204,0.09719626020120956,49,0.23673162885744212,1502,0.24511237601177108,138,0.07545998762334874
10,approach,False,-3.2381999015808107,-0.49409992694854754,1.917,2.08,-2.4210000038146973,-2.7799999713897705,2.178,2.314,-2.9700000286102295,-3.2679998874664307,197,1561,219,0.024521952494978905,0.06527705490589142,1.013085384391345,False,nan,nan,3.4167742206278615,4.326428598723787,0.8710316326212014,1.4351134601377455,0.3309225709315267,0.8396567466303162,0.8031991647675913,0.1895431466435204,0.0472856904077773,1.7932627654399846,True,False,SUSPECT,VERIFIED,SUSPECT/VERIFIED,motion suspected; geometry verified by background,False,False,False,197,0.09657685212305894,67,0.19858926259418352,1297,0.22716897932437574,127,0.07169687297078516
11,approach,False,-3.7833000898361204,-0.5451001882553097,2.178,2.314,-2.9700000286102295,-3.2679998874664307,2.391,2.582,-3.3269999027252197,-3.8340001106262207,217,1507,234,0.02437260001897812,0.07131951302289963,1.1370396110297205,False,nan,nan,2.581473267670482,3.951066041211808,0.1312407417302693,0.34863400842243225,0.0632845549729508,0.3291481787861833,0.2169903489825588,0.2769398429415065,0.049114936046760656,0.4844635432394209,False,False,NO_MOTION,VERIFIED,NO_MOTION/VERIFIED,no motion; geometry verified by background,False,False,False,198,0.15464132748801726,49,0.22840659490059123,1260,0.33831074598355737,133,0.09539059463259882
12,approach,False,-4.2823997974395756,-0.4990997076034551,2.391,2.582,-3.3269999027252197,-3.8340001106262207,2.675,2.814,-4.015999794006348,-4.311999797821045,190,1501,201,0.019818298518657684,0.06255311518907547,0.9864212895004503,False,nan,nan,3.399976823435763,4.176119864990891,0.9580931529490376,1.4896242231639967,0.05509681841580108,0.13867044039735,0.10260307068481682,0.19039481732551547,0.035037809178306845,0.22907676495421686,False,False,NO_MOTION,VERIFIED,NO_MOTION/VERIFIED,no motion; geometry verified by background,False,False,False,224,0.1037079362621752,43,0.2600303550109099,1234,0.22874852424816455,143,0.06862650474175437
13,approach,False,-4.827099800109863,-0.5447000026702877,2.675,2.814,-4.015999794006348,-4.311999797821045,2.909,3.083,-4.486000061035156,-4.864999771118164,141,1557,161,0.023970581591129303,0.07188952714204788,1.2944258208549244,False,nan,nan,3.329106743881866,4.101062273099326,0.6165005910700516,1.1932944210373106,0.5708931174468842,1.1556507159810843,1.11165357611721,0.24705485480804354,0.03716887443899752,2.481933564629663,True,False,SUSPECT,VERIFIED,SUSPECT/VERIFIED,motion suspected; geometry verified by background,False,False,False,211,0.13543994797185802,41,0.1966156853715561,1305,0.30285893379424117,138,0.09240422203473181
14,approach,False,-5.325700044631958,-0.4986002445220947,2.909,3.083,-4.486000061035156,-4.864999771118164,3.158,3.318,-5.007999897003174,-5.361000061035156,199,1568,219,0.026818614453077316,0.06250639259815216,1.1492316872743666,False,nan,nan,1.6474644296203893,2.3450718432965965,0.8713551468084214,1.5164764669112962,0.5560464147613939,1.184460498886893,1.1183510013073246,0.19809370703539253,0.04962798538751034,2.4968865722329863,True,False,SUSPECT,VERIFIED,SUSPECT/VERIFIED,motion suspected; geometry verified by background,False,False,False,215,0.10373522924601777,40,0.2379851490974088,1313,0.2515646185640378,134,0.0654078523325994
15,approach,False,-5.880699920654297,-0.5549998760223387,3.158,3.318,-5.007999897003174,-5.361000061035156,3.421,3.58,-5.563000202178955,-5.915999889373779,174,1437,244,0.03229651227593422,0.07830508798360825,1.5213850783835117,False,nan,nan,3.5482273488953804,5.45733334704264,0.44904904736678575,2.9917443228253573,0.4119372977613315,3.0843321351500537,2.8442583198081937,0.22799787462064644,0.0539124526953523,6.3502338696788545,True,False,SUSPECT,VERIFIED,SUSPECT/VERIFIED,motion suspected; geometry verified by background,False,False,False,226,0.1217174756191031,41,0.17114868121623064,1170,0.287900664225761,143,0.08181846245320099
16,approach,False,-6.377799940109253,-0.4971000194549564,3.421,3.58,-5.563000202178955,-5.915999889373779,3.671,3.816,-6.0970001220703125,-6.408999919891357,151,1584,182,0.028255075216293335,0.070611372590065,1.2614751189527627,False,nan,nan,3.5469833094267362,4.330910902818368,0.9285954213463835,2.1439098189497487,0.8428815942670748,1.9500363285590687,1.6735428671643224,0.17497194386705833,0.04926977319423376,3.736435795375651,True,False,SUSPECT,VERIFIED,SUSPECT/VERIFIED,motion suspected; geometry verified by background,False,False,False,235,0.09618738079069594,42,0.2536049404616973,1307,0.20734994123857745,152,0.06646779710402703
17,approach,False,-6.915200185775757,-0.5374002456665039,3.671,3.816,-6.0970001220703125,-6.408999919891357,3.882,4.082,-6.53000020980835,-6.958000183105469,121,1707,183,0.03419173136353493,0.08000285178422928,1.4343049822069411,False,nan,nan,3.78589761833965,5.6667719455164605,0.6568375609049094,3.657142033041204,0.8176453698477234,3.744363274765917,3.3675949987678035,0.2612040073370385,0.06451988245981255,7.518661603837218,True,False,SUSPECT,VERIFIED,SUSPECT/VERIFIED,motion suspected; geometry verified by background,False,False,False,229,0.12554836863126478,41,0.19009860144892013,1437,0.32106522935825144,153,0.08390749579799778
18,approach,False,-7.415300035476685,-0.5000998497009279,3.882,4.082,-6.53000020980835,-6.958000183105469,4.17,4.314,-7.130000114440918,-7.447000026702881,152,1816,194,0.030227504670619965,0.07663341611623764,1.7466763802470988,False,nan,nan,2.4040016559001516,3.7015054903812397,1.3146677139437417,2.7986021191171826,1.2569257709037274,2.7507207947338608,2.6945373252140894,0.19124209550060894,0.05491569552654979,6.015959263096144,True,False,SUSPECT,VERIFIED,SUSPECT/VERIFIED,motion suspected; geometry verified by background,False,False,False,217,0.09631532923873078,59,0.1581186104351444,1540,0.22892241114131887,144,0.06645776663085728
19,approach,False,-7.9987999439239506,-0.5834999084472656,4.17,4.314,-7.130000114440918,-7.447000026702881,4.401,4.585,-7.627999782562256,-8.039999961853027,121,1663,195,0.04125458374619484,0.07897307723760605,1.425960510220822,False,nan,nan,3.233511553045096,4.082949708877226,0.8431321127424862,5.33111125492287,0.5444720787228404,5.225698262946782,4.803388766090434,0.1912007791050991,0.05335745164401828,10.724286826985313,True,False,SUSPECT,VERIFIED,SUSPECT/VERIFIED,motion suspected; geometry verified by background,False,False,False,220,0.11251166185150466,52,0.2858962515733928,1391,0.2245724169756362,143,0.07709899844211797
20,approach,False,-8.487799644470215,-0.4889997005462643,4.401,4.585,-7.627999782562256,-8.039999961853027,4.679,4.815,-8.215999603271484,-8.517999649047852,161,1836,176,0.02311752364039421,0.06280073523521423,0.9963059576524946,False,nan,nan,1.6350464249718586,2.165656880330386,0.40810680076200384,0.6801438848078216,0.09160412800432118,0.22134614958239685,0.129445604375703,0.19040495155898482,0.04504109024607433,0.28900675281950894,False,False,NO_MOTION,VERIFIED,NO_MOTION/VERIFIED,no motion; geometry verified by background,False,False,False,224,0.11303096566048479,48,0.20954338928365077,1564,0.22341260830313603,147,0.07751331702826462
21,approach,False,-9.036800003051757,-0.5490003585815426,4.679,4.815,-8.215999603271484,-8.517999649047852,4.914,5.083,-8.711000442504883,-9.072999954223633,174,1675,210,0.027667446061968803,0.06802760064601898,1.3201948573119426,False,nan,nan,3.402957671606191,4.056686256135683,0.7279954952706822,2.1789761652151256,0.7406140306867088,2.1785300055920658,2.000072219624613,0.2593470328042398,0.04451325958524155,4.465461615216611,True,False,SUSPECT,VERIFIED,SUSPECT/VERIFIED,motion suspected; geometry verified by background,False,False,False,212,0.12750622738254572,54,0.2592726922583405,1409,0.3044065852609662,140,0.07651764965789776
22,approach,False,-9.772899723052978,-0.7360997200012207,4.914,5.083,-8.711000442504883,-9.072999954223633,5.222,5.448,-9.348999977111816,-9.819999694824219,142,1659,180,0.031993478536605835,0.07417913526296616,1.89866251125466,False,nan,nan,3.2550849238711015,5.873275326149496,0.8468202246580715,3.8154150831920575,0.7642723506693893,3.696908872201538,3.410760633213603,0.37425353680656903,0.04948824627032167,7.615035365655863,True,False,SUSPECT,VERIFIED,SUSPECT/VERIFIED,motion suspected; geometry verified by background,False,False,False,188,0.2431494537756705,48,0.3941575949435279,1423,0.42448517482456205,121,0.15145161292631693
23,approach,False,-10.269600296020508,-0.49670057296753,5.222,5.448,-9.348999977111816,-9.819999694824219,5.548,5.683,-10.013999938964844,-10.29800033569336,154,1854,171,0.028135258704423904,0.07717350125312805,1.1013222916943894,False,nan,nan,2.7889808472094857,3.523711406000471,0.4893356316922741,1.3201790863985117,0.38012609993539126,1.4061324064561678,1.2994269872702988,0.19487096023703476,0.04311808676972895,2.9011659061597004,True,False,SUSPECT,VERIFIED,SUSPECT/VERIFIED,motion suspected; geometry verified by background,False,False,False,212,0.09675766123098026,54,0.21396149416721516,1588,0.21933398595915055,137,0.06681715248860007
24,approach,False,-10.798300075531007,-0.5286997795104984,5.548,5.683,-10.013999938964844,-10.29800033569336,5.761,5.947,-10.359999656677246,-10.847000122070312,155,1759,176,0.02418842911720276,0.06133720651268959,1.2171258180866193,False,nan,nan,1.973131790425289,4.3271250849912875,0.7113829718243853,1.714170721732593,0.7523143185661175,1.7853330854970997,1.571881558529578,0.2812430343174455,0.048503175585324215,3.509461655638665,True,False,SUSPECT,VERIFIED,SUSPECT/VERIFIED,motion suspected; geometry verified by background,False,False,False,214,0.16763760104974773,52,0.35820738187075696,1493,0.3262312707895142,139,0.11206208486191052
25,approach,False,-11.30690040588379,-0.5086003303527828,5.761,5.947,-10.359999656677246,-10.847000122070312,6.045,6.182,-11.045000076293945,-11.336000442504883,214,1870,239,0.021828027442097664,0.06567084789276123,1.0006606628751678,False,nan,nan,2.1680576407489838,3.4662805853778824,0.3546962698058659,0.5209524085555151,0.058441376219645555,0.16964417087650385,0.1119551248901616,0.17430042460006684,0.04811477346747986,0.24995663052488623,False,False,NO_MOTION,VERIFIED,NO_MOTION/VERIFIED,no motion; geometry verified by background,False,False,False,199,0.09557432953456019,51,0.24863837625479213,1620,0.19559307630548128,127,0.06692206110515145
26,approach,False,-11.870600032806397,-0.5636996269226078,6.045,6.182,-11.045000076293945,-11.336000442504883,6.279,6.45,-11.534000396728516,-11.907999992370605,248,1835,269,0.02430187538266182,0.06539162993431091,1.1147736710653215,False,nan,nan,2.341864017297168,3.706100820975001,0.0708381565281957,0.17636593837226516,0.05638935072771374,0.13770458465556779,0.10540131414807369,0.21991802688964,0.048661814378001544,0.23532426374581028,False,False,NO_MOTION,VERIFIED,NO_MOTION/VERIFIED,no motion; geometry verified by background,False,False,False,203,0.12793335271895848,44,0.24499518708546603,1588,0.24581943848423976,128,0.08477385832947266
27,approach,False,-12.377500343322755,-0.5069003105163574,6.279,6.45,-11.534000396728516,-11.907999992370605,6.541,6.68,-12.093999862670898,-12.409000396728516,217,1813,235,0.022331945598125458,0.0649198591709137,0.9976368739921258,False,nan,nan,2.1337637609048627,3.4880002296632977,0.2209354737675234,0.35700690207589414,0.05309787754256181,0.13063396705815833,0.09037134037356255,0.17294841076317774,0.04533760689638594,0.20176758998710542,False,False,NO_MOTION,VERIFIED,NO_MOTION/VERIFIED,no motion; geometry verified by background,False,False,False,200,0.09168537787073637,47,0.3521790652509665,1566,0.19542479255197687,129,0.06754555655573692
28,approach,False,-12.935099601745605,-0.5575992584228509,6.541,6.68,-12.093999862670898,-12.409000396728516,6.773,6.948,-12.593999862670898,-12.972999572753906,195,1809,212,0.025177741423249245,0.06762436777353287,1.159307796423237,False,nan,nan,2.794080570218605,3.937776842670382,0.04171795193309203,0.14087043023919094,0.04360991621018239,0.13736563093723927,0.08690127347365012,0.2341357516564203,0.045393076075918005,0.19402014447401242,False,False,NO_MOTION,VERIFIED,NO_MOTION/VERIFIED,no motion; geometry verified by background,False,False,False,201,0.11614950808560214,52,0.3097128096625617,1556,0.25903930828909594,134,0.08238620005186939
29,approach,False,-13.426199817657471,-0.4911002159118656,6.773,6.948,-12.593999862670898,-12.972999572753906,7.039,7.184,-13.14900016784668,-13.456999778747559,212,1859,235,0.022111205384135246,0.06651602685451508,0.966058254016688,False,nan,nan,1.830246141408376,2.2671920641347985,0.2701424201838202,0.4041695469279812,0.04500765164349592,0.11333786865008652,0.0844099685848344,0.1877872476066329,0.04660434225723889,0.1884579321480515,False,False,NO_MOTION,VERIFIED,NO_MOTION/VERIFIED,no motion; geometry verified by background,False,False,False,218,0.10365167812231892,53,0.30757115625686104,1588,0.21400464865297136,148,0.0772048608717865
30,approach,False,-13.963699626922608,-0.5374998092651371,7.039,7.184,-13.14900016784668,-13.456999778747559,7.25,7.447,-13.583000183105469,-14.005999565124512,228,1821,259,0.02130018174648285,0.06559397280216217,1.1253125424936445,False,nan,nan,2.4891389910833572,3.8738041720213934,0.67351033836285,1.3620168679216134,0.06617385984936786,0.33050886928171674,0.17763835663193267,0.2642061257613996,0.048156947592663674,0.3966043101578275,False,False,NO_MOTION,VERIFIED,NO_MOTION/VERIFIED,no motion; geometry verified by background,False,False,False,194,0.1377665246598459,52,0.27549401290320474,1575,0.3115920656531875,128,0.09487874484731153
31,approach,False,-14.461700248718262,-0.4980006217956543,7.25,7.447,-13.583000183105469,-14.005999565124512,7.553,7.679,-14.215999603271484,-14.48900032043457,210,1828,226,0.020032670348882675,0.06124485284090042,0.981667833138097,False,nan,nan,2.4196442839826657,3.405544119372139,0.05484599142022728,0.17998912472420747,0.046007288327812465,0.15021975094914908,0.09112803756967681,0.19031324667771554,0.047474567467965974,0.20345703012353433,False,False,NO_MOTION,VERIFIED,NO_MOTION/VERIFIED,no motion; geometry verified by background,False,False,False,210,0.10040221836092297,48,0.33386518508871343,1570,0.2165924368672697,141,0.08043045849220991
32,approach,False,-15.014599704742432,-0.5528994560241696,7.553,7.679,-14.215999603271484,-14.48900032043457,7.782,7.95,-14.687000274658203,-15.050999641418457,213,1820,229,0.01982351578772068,0.06185301020741463,1.138250242178587,False,nan,nan,2.823462002273766,3.905213119540139,0.23617189660311663,0.4096333545366559,0.05937249541243649,0.17697155115438107,0.09885462182386674,0.2419975330144074,0.04813602655400394,0.22070778990374762,False,False,NO_MOTION,VERIFIED,NO_MOTION/VERIFIED,no motion; geometry verified by background,False,False,False,199,0.12314442584509401,53,0.39022517303457516,1568,0.26599523228681765,136,0.09222271534536408
33,approach,False,-15.492900276184082,-0.4783005714416504,7.782,7.95,-14.687000274658203,-15.050999641418457,8.044,8.18,-15.230999946594238,-15.522000312805176,245,1784,274,0.022307179868221283,0.07069985568523407,0.9518921478822573,False,nan,nan,1.9048455479621849,2.7456039024091705,0.23874455731032138,0.44304118462415654,0.04904579711417822,0.1389810497524957,0.08543459682366823,0.21496051306508748,0.048968262978307184,0.19074556857711913,False,False,NO_MOTION,VERIFIED,NO_MOTION/VERIFIED,no motion; geometry verified by background,False,False,False,187,0.09627486568034373,55,0.21063037344843402,1542,0.24379225059883924,128,0.08333924540561026
34,approach,False,-16.05510034561157,-0.5622000694274885,8.044,8.18,-15.230999946594238,-15.522000312805176,8.321,8.447,-15.71399974822998,-16.093000411987305,205,1724,221,0.020049747079610825,0.06381779164075851,1.0704124417994003,False,nan,nan,2.8166601801728874,4.004130155796927,0.06351222910719995,0.2889366121499159,0.05777097715879309,0.21598687695683474,0.1347661484751426,0.23957291274028777,0.03915290756798001,0.30088566659821936,False,False,NO_MOTION,VERIFIED,NO_MOTION/VERIFIED,no motion; geometry verified by background,False,False,False,198,0.13233701888974936,55,0.21109341222412686,1471,0.28119707196221166,140,0.10090470113028716
35,approach,False,-16.56390037536621,-0.5088000297546387,8.321,8.447,-15.71399974822998,-16.093000411987305,8.542,8.679,-16.302000045776367,-16.593000411987305,198,1714,214,0.02046377956867218,0.06217203661799431,0.9637955003780436,False,nan,nan,2.2874450620708124,3.356809231815804,0.06674965105937175,0.20776231809943901,0.045784638086563946,0.14868742169293825,0.09828995311543984,0.19791007746636352,0.04597688803438308,0.21944708220626882,False,False,NO_MOTION,VERIFIED,NO_MOTION/VERIFIED,no motion; geometry verified by background,False,False,False,183,0.0938908880779793,67,0.4208142273866018,1464,0.2144095725760942,121,0.07160538529379935
36,approach,False,-16.83230056762695,-0.2684001922607422,8.542,8.679,-16.302000045776367,-16.593000411987305,8.771,8.952,-16.708999633789062,-16.84600067138672,188,1631,202,0.019045546650886536,0.06237955763936043,0.8314262474882319,False,nan,nan,1.732252790548162,2.2141626086064887,0.13866805327482312,0.26089940713969095,0.05416709527039422,0.11183431741735594,0.08320974313671814,0.30327896471192,0.04398406783796188,0.1857782485768376,False,False,NO_MOTION,VERIFIED,NO_MOTION/VERIFIED,no motion; geometry verified by background,False,False,False,199,0.1833863680203343,64,0.3486091875800319,1368,0.3358174373500573,137,0.15686195778266307
37,approach,False,-16.555099868774413,0.27720069885253906,8.771,8.952,-16.708999633789062,-16.84600067138672,9.019,9.197,-16.86199951171875,-16.520999908447266,198,1715,203,0.015356259420514107,0.05787200480699539,0.18925489322230507,False,nan,nan,0.6708782275751134,0.7634766393767883,0.2245641724119109,0.35830580250642974,0.03803634700068131,0.12695781079845764,0.06509359711427616,0.4475160183676559,0.03921267545151489,0.14533123177158594,False,False,NO_MOTION,VERIFIED,NO_MOTION/VERIFIED,no motion; geometry verified by background,False,False,False,253,0.2848977044685242,0,nan,1462,0.5372680208993587,187,0.23530485998850179
38,dwell_start,False,-16.517000198364258,0.03809967041015483,9.019,9.197,-16.86199951171875,-16.520999908447266,9.257,9.447,-16.517000198364258,-16.517000198364258,277,1766,286,0.016165245324373245,0.059451378881931305,0.054182023307313594,False,nan,nan,0.12451335983811182,0.1980394197864306,0.03994406581710385,0.09272825824522922,0.026607941208374612,0.07734292410809246,0.04501086454788206,0.06978649959347971,0.04741279223300934,0.10049351515117064,False,False,NO_MOTION,VERIFIED,NO_MOTION/VERIFIED,no motion; geometry verified by background,False,False,False,254,0.04520871402347626,0,nan,1512,0.07820298305655504,192,0.03456323094578246
39,dwell_start,False,-16.518999099731445,-0.0019989013671875,9.257,9.447,-16.517000198364258,-16.517000198364258,9.544,9.683,-16.518999099731445,-16.518999099731445,302,1779,311,0.01820506900548935,0.05937368795275688,0.05608505372875706,True,0.013106399189407572,0.05375234509981091,nan,nan,nan,nan,nan,nan,nan,nan,nan,0.12001018334034588,False,False,NO_MOTION,NOT_CHECKED,NO_MOTION/NOT_CHECKED,no motion; geometry not checked,False,False,False,,,,,,,,
40,dwell_start,False,-16.518999099731445,0.0,9.544,9.683,-16.518999099731445,-16.518999099731445,9.778,9.95,-16.518999099731445,-16.518999099731445,330,1758,347,0.018603570759296417,0.059228911995887756,0.055475837516366845,True,0.013455603164351009,0.060035628312714015,nan,nan,nan,nan,nan,nan,nan,nan,nan,0.13403855678079082,False,False,NO_MOTION,NOT_CHECKED,NO_MOTION/NOT_CHECKED,no motion; geometry not checked,False,False,False,,,,,,,,
41,dwell_start,False,-16.518999099731445,0.0,9.778,9.95,-16.518999099731445,-16.518999099731445,10.043,10.18,-16.518999099731445,-16.518999099731445,264,1756,274,0.01594368927180767,0.05100107938051224,0.05426912283189821,True,0.015156773021416192,0.060095215636937226,nan,nan,nan,nan,nan,nan,nan,nan,nan,0.13417159443136234,False,False,NO_MOTION,NOT_CHECKED,NO_MOTION/NOT_CHECKED,no motion; geometry not checked,False,False,False,,,,,,,,
42,dwell_start,False,-16.518999099731445,0.0,10.043,10.18,-16.518999099731445,-16.518999099731445,10.274,10.453,-16.518999099731445,-16.518999099731445,295,1810,306,0.017956892028450966,0.05512871965765953,0.05777216704976595,True,0.010201657112715484,0.06540665645065784,nan,nan,nan,nan,nan,nan,nan,nan,nan,0.1460301837575097,False,False,NO_MOTION,NOT_CHECKED,NO_MOTION/NOT_CHECKED,no motion; geometry not checked,False,False,False,,,,,,,,
43,dwell_start,False,-16.518999099731445,0.0,10.274,10.453,-16.518999099731445,-16.518999099731445,10.551,10.68,-16.518999099731445,-16.518999099731445,302,1782,312,0.017477499321103096,0.056206509470939636,0.05286681897225933,True,0.026524334619947618,0.0629171333335144,nan,nan,nan,nan,nan,nan,nan,nan,nan,0.1404719495044061,False,False,NO_MOTION,NOT_CHECKED,NO_MOTION/NOT_CHECKED,no motion; geometry not checked,False,False,False,,,,,,,,
44,sweep,True,-16.086200523376466,0.43279857635497976,10.551,10.68,-16.518999099731445,-16.518999099731445,10.75,10.95,-16.402999877929688,-16.051000595092773,265,1795,291,0.020085876807570457,0.060538969933986664,0.4113149183848217,False,nan,nan,0.9177429480069833,1.2379545826164506,0.05019585629318072,0.19249192934662407,0.04049260201731919,0.09800286040788789,0.07654330960310737,0.13717095024766826,0.046010072377067474,0.17089443450120445,False,False,NO_MOTION,VERIFIED,NO_MOTION/VERIFIED,no motion; geometry verified by background,False,False,False,203,0.08991926806104993,44,0.22463864354864585,1548,0.14864098328775982,140,0.06875767658243699
45,sweep,True,-15.608500385284424,0.47770013809204137,10.75,10.95,-16.402999877929688,-16.051000595092773,11.05,11.183,-15.87399959564209,-15.579000473022461,211,1687,226,0.018633224070072174,0.06280592828989029,0.8715579364021091,False,nan,nan,2.145266930519387,3.163942427925275,0.09743940592007647,0.2658910557435442,0.04408564797913873,0.15160764749666666,0.09065890081150375,0.1254865236365279,0.04470530980025991,0.20240961185265702,False,False,NO_MOTION,VERIFIED,NO_MOTION/VERIFIED,no motion; geometry verified by background,False,False,False,196,0.06967995469866506,58,0.2570499213221235,1433,0.13884386650778044,133,0.05113447573833154
46,sweep,True,-15.31309995651245,0.29540042877197337,11.05,11.183,-15.87399959564209,-15.579000473022461,11.243,11.313,-15.458000183105469,-15.29699993133545,216,1595,229,0.01842736452817917,0.05319458246231079,0.5544465043102322,False,nan,nan,1.0899025213049724,1.5576122908488692,0.162740666821579,0.4045028776580729,0.040013545121885624,0.11790349994986413,0.08393805307078513,0.08592869116501616,0.0478510542803078,0.18740430988734744,False,False,NO_MOTION,VERIFIED,NO_MOTION/VERIFIED,no motion; geometry verified by background,False,False,False,209,0.045959669253418316,53,0.29500066185813406,1333,0.09368374469495992,144,0.04213550589943982
47,sweep,True,-14.744800472259522,0.568299484252929,11.243,11.313,-15.458000183105469,-15.29699993133545,11.404,11.584,-15.112000465393066,-14.704000473022461,227,1682,242,0.020086131989955902,0.06629017740488052,1.170448005642176,False,nan,nan,2.9389493828213347,4.1243500834616755,0.05450187902176412,0.22664106667624268,0.05805203903099888,0.17273533423574058,0.08879591192464735,0.2463229575239054,0.04800613526125341,0.19825020936598392,False,False,NO_MOTION,VERIFIED,NO_MOTION/VERIFIED,no motion; geometry verified by background,False,False,False,190,0.12137410016050625,53,0.3912308049752594,1439,0.2831550909661455,127,0.08235955421065157
48,sweep,True,-14.274900150299072,0.4699003219604503,11.404,11.584,-15.112000465393066,-14.704000473022461,11.686,11.814,-14.517000198364258,-14.248000144958496,235,1573,256,0.023246143013238907,0.0658838227391243,1.0083403364111647,False,nan,nan,1.9231222428362174,2.4895380142564543,0.2850147552410708,0.5263861680669724,0.05070451256126933,0.15785386644008292,0.09040146820181989,0.22714557876571878,0.045921263832593845,0.20183485488849898,False,False,NO_MOTION,VERIFIED,NO_MOTION/VERIFIED,no motion; geometry verified by background,False,False,False,202,0.10189305189928105,55,0.27103892760673487,1316,0.25380907498301475,136,0.07698761932676391
49,sweep,True,-13.73829984664917,0.5366003036499016,11.686,11.814,-14.517000198364258,-14.248000144958496,11.903,12.082,-14.083000183105469,-13.699999809265137,208,1821,232,0.022135384380817413,0.06612665951251984,1.1678818447544839,False,nan,nan,2.279446041690826,3.5480857278849025,0.14552178561360182,0.29821012298913196,0.049878633728190694,0.18216326895504506,0.09152395532315086,0.2574108229510307,0.04963908236146966,0.2043409759698763,False,False,NO_MOTION,VERIFIED,NO_MOTION/VERIFIED,no motion; geometry verified by background,False,False,False,192,0.12466071085222984,60,0.3265833542439521,1569,0.28793026323943566,129,0.09169032336742004
50,sweep,True,-13.252000045776366,0.48629980087280344,11.903,12.082,-14.083000183105469,-13.699999809265137,12.148,12.312,-13.567000389099121,-13.217000007629395,207,1838,225,0.020368969067931175,0.06667763739824295,0.9942142508749773,False,nan,nan,2.045575814498236,3.212767504617192,0.09227529583804131,0.2726800982583577,0.04630545083475034,0.1194404624345032,0.08720652068325363,0.20469657407340452,0.05170144488880743,0.19470165471362383,False,False,NO_MOTION,VERIFIED,NO_MOTION/VERIFIED,no motion; geometry verified by background,False,False,False,194,0.1028963558214009,57,0.34310342887790446,1587,0.22659415176455072,133,0.07945726997436452
51,sweep,True,-12.693999767303467,0.5580002784728997,12.148,12.312,-13.567000389099121,-13.217000007629395,12.401,12.581,-13.045000076293945,-12.654999732971191,231,1817,257,0.0216202549636364,0.06721854954957962,1.142421592756108,False,nan,nan,2.3332716691666695,3.6463167425365333,0.10413312056863754,0.29861499402036645,0.05637036550068138,0.20133081425928928,0.12908843149491356,0.22615658824536652,0.048221383615946745,0.28820931072041267,False,False,NO_MOTION,VERIFIED,NO_MOTION/VERIFIED,no motion; geometry verified by background,False,False,False,200,0.120072154669148,58,0.24064729466863544,1559,0.25225648041083676,130,0.07505051139365065
52,sweep,True,-12.197199821472168,0.49679994583129883,12.401,12.581,-13.045000076293945,-12.654999732971191,12.679,12.815,-12.468999862670898,-12.166999816894531,168,1668,181,0.016302794218063354,0.06004314124584198,0.9976865374561864,False,nan,nan,2.3427435201352083,3.558243936032575,0.07131122983995851,0.2166179019873008,0.03985154205689903,0.11065521326409669,0.07865132570614372,0.18218679246840724,0.04730750149843942,0.1756008970479089,False,False,NO_MOTION,VERIFIED,NO_MOTION/VERIFIED,no motion; geometry verified by background,False,False,False,210,0.09436657967031503,59,0.31638900256632074,1399,0.20598785442611292,134,0.07054681017674957
53,sweep,True,-11.627799606323242,0.5694002151489261,12.679,12.815,-12.468999862670898,-12.166999816894531,12.919,13.079,-11.958999633789062,-11.590999603271484,208,1800,226,0.023332111537456512,0.07010119408369064,1.1600609558350068,False,nan,nan,2.3722134027608055,3.7722352006088786,0.1730166322330936,0.32160938483358703,0.050172716873538914,0.160753107839409,0.11611830574658258,0.20515811252640342,0.0468573796285864,0.2592515570426105,False,False,NO_MOTION,VERIFIED,NO_MOTION/VERIFIED,no motion; geometry verified by background,False,False,False,196,0.1065360617016642,48,0.3067331570252112,1556,0.2340188285089768,131,0.07880788423722265
54,sweep,True,-11.111399936676026,0.5163996696472157,12.919,13.079,-11.958999633789062,-11.590999603271484,13.144,13.314,-11.456999778747559,-11.072999954223633,194,1817,206,0.022450853139162064,0.055092453956604004,0.9846287721260258,False,nan,nan,2.0177427072078973,3.1715141438010725,0.12853310987305883,0.35202335754726966,0.04542518260109488,0.12262915524356723,0.08521319958722251,0.17534778734452974,0.046271400725951886,0.19025126599576087,False,False,NO_MOTION,VERIFIED,NO_MOTION/VERIFIED,no motion; geometry verified by background,False,False,False,211,0.0891315456131524,52,0.2607131999752159,1554,0.19965972323062756,135,0.0630252684195555
55,sweep,True,-10.534600257873535,0.576799678802491,13.144,13.314,-11.456999778747559,-11.072999954223633,13.412,13.583,-10.881999969482422,-10.496000289916992,242,1717,294,0.03062238171696663,0.07527989149093628,1.2459650986932604,False,nan,nan,2.739895386088894,3.703761163119359,0.5436869727235634,1.307771072098858,0.4767973019223144,1.2164529177418795,0.999126761445629,0.21787300768439552,0.05006923819806164,2.2307005508073683,True,False,SUSPECT,VERIFIED,SUSPECT/VERIFIED,motion suspected; geometry verified by background,True,True,True,189,0.12781108419978346,48,0.39989275863425866,1480,0.2436455961084801,119,0.08211118269839354
56,sweep,True,-10.05739984512329,0.4772004127502445,13.412,13.583,-10.881999969482422,-10.496000289916992,13.679,13.814,-10.321999549865723,-10.027999877929688,168,1732,210,0.03540359064936638,0.08018910884857178,1.2993174318727743,False,nan,nan,2.086062315665802,3.24228800628748,0.39483543796820764,3.1187241788020996,0.4711912745419764,3.0357277540698995,2.7600403370095252,0.22323785132315088,0.05268841845002814,6.162204574632193,True,False,SUSPECT,VERIFIED,SUSPECT/VERIFIED,motion suspected; geometry verified by background,True,True,True,215,0.1180151922312662,54,0.34234805327234774,1463,0.2554761455849311,139,0.09569224309797947
57,sweep,True,-9.523800373077393,0.5335994720458981,13.679,13.814,-10.321999549865723,-10.027999877929688,13.909,14.082,-9.854999542236328,-9.487000465393066,134,1759,212,0.03608586639165878,0.07745594531297684,1.2715251736299946,False,nan,nan,3.4614519217228055,4.310078932613297,0.1276069077213346,4.773879683088858,0.19612735815887133,4.626947481662846,3.9739281924858423,0.28279982149557936,0.050481113199749295,8.872391522193753,True,False,SUSPECT,VERIFIED,SUSPECT/VERIFIED,motion suspected; geometry verified by background,True,True,True,200,0.14933376529183356,58,0.3228855587424938,1501,0.32211861313841056,129,0.0992410778204299
58,sweep,True,-9.03479986190796,0.4890005111694329,13.909,14.082,-9.854999542236328,-9.487000465393066,14.19,14.31,-9.267000198364258,-9.008999824523926,124,1821,160,0.03464660048484802,0.079093798995018,1.2027797686692114,False,nan,nan,3.377900561314007,4.722803197552254,0.5445677145289969,3.4403754079605946,0.510077917918338,3.3699965859476615,3.091307903236298,0.21424057345219202,0.04849782990597351,6.901809168325074,True,False,SUSPECT,VERIFIED,SUSPECT/VERIFIED,motion suspected; geometry verified by background,True,True,True,216,0.10139622412040936,59,0.2658471565016112,1546,0.25570390714329744,147,0.06659642764471813
59,sweep,True,-8.47660026550293,0.5581995964050304,14.19,14.31,-9.267000198364258,-9.008999824523926,14.404,14.583,-8.833000183105469,-8.437000274658203,117,1758,215,0.041603922843933105,0.08580401539802551,1.410841972033914,False,nan,nan,3.999419622506266,8.62011427823786,0.4338628388758993,6.680201613860269,0.34704447805588456,6.662376108836685,5.957941428363364,0.2510112623311582,0.05035053059342487,13.301999044343924,True,False,SUSPECT,VERIFIED,SUSPECT/VERIFIED,motion suspected; geometry verified by background,True,True,True,202,0.1184028038591646,77,0.2220231984778173,1479,0.2990877345127683,115,0.07064045339952187
60,sweep,True,-7.989100074768066,0.4875001907348633,14.404,14.583,-8.833000183105469,-8.437000274658203,14.685,14.813,-8.25100040435791,-7.960000038146973,180,1778,236,0.03141050040721893,0.08006192743778229,1.305373927390454,False,nan,nan,2.155367858718595,3.5754645581095312,0.5322180996816965,2.034966137268225,0.48932965059989764,2.04770644599124,1.750227757594681,0.19905620359596238,0.05403081643689245,3.9076463303372972,True,False,SUSPECT,VERIFIED,SUSPECT/VERIFIED,motion suspected; geometry verified by background,True,True,True,215,0.09980778143675971,56,0.26461980819028164,1507,0.2281693147578116,140,0.06087251066832902
61,sweep,True,-7.6893998146057125,0.2997002601623535,14.685,14.813,-8.25100040435791,-7.960000038146973,14.882,14.947,-7.828000068664551,-7.673999786376953,176,1845,196,0.02354087121784687,0.06097296625375748,0.7917254887614391,False,nan,nan,1.3620533350408173,1.9918885852180257,0.6047734397681863,1.3490697615238223,0.48159511962557067,1.2333786608467694,1.0295347148106666,0.09191755573674495,0.05201385726001165,2.2985908735749923,True,False,SUSPECT,VERIFIED,SUSPECT/VERIFIED,motion suspected; geometry verified by background,True,True,True,227,0.05833300841466235,47,0.17484598084152098,1571,0.10188110346396705,144,0.04283455013929274
62,sweep,True,-7.20389986038208,0.48549995422363246,14.882,14.947,-7.828000068664551,-7.673999786376953,15.043,15.183,-7.48199987411499,-7.172999858856201,237,1717,264,0.025400929152965546,0.07299459725618362,1.1247533658709292,False,nan,nan,2.0894190432130184,3.4460366660688653,0.5650908913881931,1.1073919144945334,0.3557516342333699,0.8101216837441381,0.7169091532191674,0.20941706110591954,0.05451402215454981,1.600607355017652,True,False,SUSPECT,VERIFIED,SUSPECT/VERIFIED,motion suspected; geometry verified by background,True,True,True,209,0.1086479719708358,42,0.2189771716098028,1466,0.2444490938081822,132,0.07876820257656902
63,sweep,True,-6.640200138092041,0.5636997222900391,15.043,15.183,-7.48199987411499,-7.172999858856201,15.278,15.449,-6.974999904632568,-6.603000164031982,219,1762,251,0.026290003210306168,0.07167858630418777,1.459389066884365,False,nan,nan,2.4174482480275374,3.8059572470344456,0.466369847067672,1.120850756366654,0.7269559709542667,1.472785645475554,1.4171913393402567,0.2058815260454951,0.04859452338406012,3.1640925088340532,True,False,SUSPECT,VERIFIED,SUSPECT/VERIFIED,motion suspected; geometry verified by background,True,True,True,197,0.1277802525169791,48,0.13843135111524255,1517,0.2459620774727491,126,0.08320839057581499
64,sweep,True,-6.14830002784729,0.49190011024475133,15.278,15.449,-6.974999904632568,-6.603000164031982,15.543,15.682,-6.421000003814697,-6.118000030517578,189,1798,230,0.02679603174328804,0.0741940438747406,1.4918083473279469,False,nan,nan,2.298734575483984,3.8316963387911906,0.7350712052784607,1.8019775943824712,0.7222265260024985,1.7959140229666006,1.6973591260222667,0.1878039853527927,0.04873215299973532,3.7896091701691734,True,False,SUSPECT,VERIFIED,SUSPECT/VERIFIED,motion suspected; geometry verified by background,True,True,True,215,0.10130081360695992,46,0.16367454142401028,1537,0.2167427916126305,138,0.06721225481036444
65,sweep,True,-5.605799770355224,0.5425002574920654,15.543,15.682,-6.421000003814697,-6.118000030517578,15.779,15.947,-5.936999797821045,-5.568999767303467,192,1714,211,0.018812967464327812,0.060023512691259384,1.0940167595941728,False,nan,nan,2.617561764183207,4.156797199732302,0.24799823457490583,0.7705120396791043,0.08766531966623994,0.2831399615796224,0.20637709889984976,0.24070642206780307,0.04400510185481425,0.46076786845727385,False,False,NO_MOTION,VERIFIED,NO_MOTION/VERIFIED,no motion; geometry verified by background,False,False,False,211,0.14825028380695965,41,0.21331508738459254,1462,0.2800915580330191,139,0.07831171559151229
66,sweep,True,-5.086899900436402,0.5188998699188225,15.779,15.947,-5.936999797821045,-5.568999767303467,16.04,16.183,-5.382999897003174,-5.053999900817871,169,1697,188,0.019436607137322426,0.061795853078365326,0.923128988621695,False,nan,nan,2.2816398817723718,3.3914160030994793,0.048640729788676305,0.13407846540204882,0.05137608136802458,0.13209807947487046,0.06953548159802458,0.1516552577473183,0.03942883317553072,0.15524840599498854,False,False,NO_MOTION,VERIFIED,NO_MOTION/VERIFIED,no motion; geometry verified by background,False,False,False,213,0.08884935478647657,40,0.1464673609026315,1444,0.17793903526981905,138,0.05537170727284651
67,sweep,True,-4.557199907302857,0.5296999931335451,16.04,16.183,-5.382999897003174,-5.053999900817871,16.274,16.446,-4.882999897003174,-4.520999908447266,213,1795,229,0.023817870765924454,0.06925348937511444,1.1558903706861858,False,nan,nan,2.9546660600393233,4.073744535222483,0.30254143414886264,0.6513136619594497,0.19578998984725837,0.5301404325662795,0.42185814873583666,0.24720526251385663,0.043008478196722155,0.9418616746748182,False,False,NO_MOTION,VERIFIED,NO_MOTION/VERIFIED,no motion; geometry verified by background,False,False,False,207,0.15799959987428003,43,0.16284218873781942,1545,0.29664965436688084,132,0.09974524431880268
68,sweep,True,-4.056700038909912,0.5004998683929447,16.274,16.446,-4.882999897003174,-4.520999908447266,16.538,16.68,-4.333000183105469,-4.026000022888184,206,1807,218,0.026935555040836334,0.07447879016399384,1.053845102044856,False,nan,nan,2.4187379345039606,3.6015824879867377,0.23789566804248813,0.6108244900224495,0.23843801283541427,0.6527214890599511,0.5814658939903121,0.1708217553924249,0.05172010519682968,1.2982099369685167,True,False,SUSPECT,VERIFIED,SUSPECT/VERIFIED,motion suspected; geometry verified by background,True,True,True,207,0.10237645098704036,47,0.25083970330704675,1553,0.19560681740519345,131,0.06634427964241327
69,sweep,True,-3.509299898147583,0.547400140762329,16.538,16.68,-4.333000183105469,-4.026000022888184,16.775,16.943,-3.8450000286102295,-3.4719998836517334,188,1681,213,0.025985408574342728,0.07409921288490295,1.1165254855681832,False,nan,nan,2.551294752572666,4.13700892877215,0.2505317787282024,0.6796551303115765,0.19721961309265057,0.6392045840822647,0.5178475606578068,0.2252051116796139,0.04566245661433439,1.1561724531552187,True,False,SUSPECT,VERIFIED,SUSPECT/VERIFIED,motion suspected; geometry verified by background,True,True,True,196,0.12598000026936296,37,0.39991688534541764,1448,0.2571783793963357,129,0.10020473114104446
70,sweep,True,-3.02090003490448,0.488399863243103,16.775,16.943,-3.8450000286102295,-3.4719998836517334,17.006,17.177,-3.361999988555908,-2.9830000400543213,234,1643,254,0.025526683777570724,0.06797118484973907,0.961385072575025,False,nan,nan,1.4928244125691708,1.8820073100982495,1.16845329327057,1.876070109493444,0.042601032040453596,0.10238225661455119,0.07265858385115057,0.19629000270870722,0.04418944425849922,0.16222120082454128,False,False,NO_MOTION,VERIFIED,NO_MOTION/VERIFIED,no motion; geometry verified by background,False,False,False,218,0.12224195033290883,39,0.2709625024152008,1386,0.22837447566792785,138,0.08235584473941267
71,sweep,True,-2.112100052833557,0.9087999820709229,17.006,17.177,-3.361999988555908,-2.9830000400543213,17.252,17.63,-2.8329999446868896,-2.0320000648498535,169,1514,182,0.025562603026628494,0.06303209811449051,1.1005498626857593,False,nan,nan,1.7055841682345236,2.05739193253401,0.17758471667974543,0.3388311385344033,0.12979205011576256,0.3035281135598168,0.2686003021153577,0.15961035164628723,0.03639298542012809,0.5996905147539277,False,False,NO_MOTION,VERIFIED,NO_MOTION/VERIFIED,no motion; geometry verified by background,False,False,False,207,0.09032869332727418,47,0.22866439280579717,1260,0.1815897709182711,137,0.07478993566164491
72,sweep,True,-1.2282000303268432,0.8839000225067137,17.252,17.63,-2.8329999446868896,-2.0320000648498535,17.763,18.037,-1.8509999513626099,-1.159000039100647,164,1358,191,0.02529757097363472,0.06507034599781036,2.0906889502427344,False,nan,nan,5.918102655122389,7.609617318384654,0.22027070578441027,0.4889104477742753,0.20285403855925868,0.48883517849304503,0.4246352632016905,0.6254449522373872,0.04824077165301727,0.9480619998064079,False,False,NO_MOTION,VERIFIED,NO_MOTION/VERIFIED,no motion; geometry verified by background,False,False,False,140,0.34729039138940365,54,0.42294052571419943,1164,0.7805324617106808,93,0.2689073732968543
73,sweep,True,-0.6071999847888947,0.6210000455379485,17.763,18.037,-1.8509999513626099,-1.159000039100647,18.128,18.314,-0.9779999852180481,-0.5659999847412109,208,1523,242,0.02431468293070793,0.06629787385463715,1.574702934793251,False,nan,nan,3.8731818034752012,6.005899529135977,1.0472995087936443,2.4041641022783278,0.06005429092926524,0.24232261852354978,0.11003283076545767,0.518196977302218,0.04534136340386248,0.24566482018784103,False,False,NO_MOTION,VERIFIED,NO_MOTION/VERIFIED,no motion; geometry verified by background,False,False,False,179,0.2701901457023559,52,0.3734855622771278,1292,0.625933787469975,125,0.18077485355952377
74,sweep,True,-0.023099999502301183,0.5840999852865936,18.128,18.314,-0.9779999852180481,-0.5659999847412109,18.407,18.585,-0.3840000033378601,0.017000000923871994,147,1490,158,0.022507598623633385,0.05492837354540825,1.0983523412828908,False,nan,nan,2.238135950331655,3.461923736254988,0.047891150059797084,0.11588369253327443,0.0423494399904171,0.09621315636756413,0.06847304186627282,0.19862581526124468,0.041060565825580056,0.15287634972918582,False,False,NO_MOTION,VERIFIED,NO_MOTION/VERIFIED,no motion; geometry verified by background,False,False,False,180,0.1295272994182421,36,0.16291567978849977,1274,0.22336360637742653,116,0.08784804489247758
75,sweep,True,0.4595000043511391,0.48260000385344026,18.407,18.585,-0.3840000033378601,0.017000000923871994,18.685,18.815,0.2029999941587448,0.4880000054836273,159,1603,168,0.017235813662409782,0.056620340794324875,1.0013702362578814,False,nan,nan,1.5078692697670346,1.8034584087178964,0.06551356137034313,0.24534452312302216,0.03993792109281126,0.16375835980711329,0.07839250600757447,0.20771850325687852,0.04217015111577904,0.17502304319949147,False,False,NO_MOTION,VERIFIED,NO_MOTION/VERIFIED,no motion; geometry verified by background,False,False,False,203,0.10836866987975323,46,0.2501436432533877,1354,0.2320471962629307,136,0.07173589387392401
76,sweep,True,1.0360000491142274,0.5765000447630884,18.685,18.815,0.2029999941587448,0.4880000054836273,18.938,19.083,0.7300000190734863,1.0700000524520874,140,1633,146,0.019266534596681595,0.056424014270305634,1.0732136859545278,False,nan,nan,3.0377113164124223,3.951523397389269,0.058175957283156374,0.21756399775915028,0.04163670196086644,0.1426166669068386,0.09541206588140827,0.2113365819278207,0.03357219681243575,0.21302176673495957,False,False,NO_MOTION,VERIFIED,NO_MOTION/VERIFIED,no motion; geometry verified by background,False,False,False,187,0.09520229338131657,53,0.2704604363988409,1393,0.24329165975938677,136,0.07668936060116477
77,sweep,True,1.5237000226974486,0.48769997358322126,18.938,19.083,0.7300000190734863,1.0700000524520874,19.181,19.318,1.2510000467300415,1.5540000200271606,173,1618,189,0.020206883549690247,0.06222115457057953,0.9594450113325418,False,nan,nan,1.4630403744922058,1.8780843649675423,0.3215473078907151,0.6374844748653451,0.044001156864336304,0.11970212435187258,0.08755283865747304,0.19990196003834781,0.04697375338115442,0.19547486160353633,False,False,NO_MOTION,VERIFIED,NO_MOTION/VERIFIED,no motion; geometry verified by background,False,False,False,213,0.11357531800529848,48,0.21174596589472042,1357,0.22009987809354095,142,0.07892023967702166
78,sweep,True,2.089500105381012,0.5658000826835634,19.181,19.318,1.2510000467300415,1.5540000200271606,19.401,19.582,1.725000023841858,2.130000114440918,160,1703,174,0.024740897119045258,0.06240272521972656,1.1003192193315572,False,nan,nan,2.6641940010368774,3.933029215845968,0.1413202135597708,0.2821516602830795,0.040757141356732376,0.1326147846530374,0.08504220694507957,0.22703189578763674,0.03571668574720174,0.18986949924129984,False,False,NO_MOTION,VERIFIED,NO_MOTION/VERIFIED,no motion; geometry verified by background,False,False,False,214,0.12469941521003822,40,0.25787982588586833,1449,0.2517435092902626,139,0.08075498600739682
79,sweep,True,2.5579999685287476,0.4684998631477355,19.401,19.582,1.725000023841858,2.130000114440918,19.68,19.81,2.305999994277954,2.5859999656677246,150,1733,154,0.025578372180461884,0.0629926398396492,0.9585007801157874,False,nan,nan,1.4500542740384974,1.9605901160929706,0.27394980582274275,0.4889062588904438,0.046968945826387845,0.11947348104537131,0.07442189830957821,0.2241732809649539,0.03929610256274113,0.1661580651799409,False,False,NO_MOTION,VERIFIED,NO_MOTION/VERIFIED,no motion; geometry verified by background,False,False,False,228,0.13158539023098434,48,0.34646170203226595,1457,0.2460098573335166,146,0.09652161618103366
80,sweep,True,3.118899917602539,0.5608999490737916,19.68,19.81,2.305999994277954,2.5859999656677246,19.899,20.081,2.757999897003174,3.1589999198913574,126,1684,134,0.017433010041713715,0.05291673541069031,1.0865807800515186,False,nan,nan,4.206521879381123,4.894846361298278,0.05549035880267438,0.16078963914134395,0.039413466386988116,0.10899210544322488,0.05344598484206103,0.23711234608879833,0.038814341451562095,0.11932618805358232,False,False,NO_MOTION,VERIFIED,NO_MOTION/VERIFIED,no motion; geometry verified by background,False,False,False,212,0.14554297134132338,43,0.2204763790250354,1429,0.25898399594643434,136,0.09257751893729657
81,sweep,True,3.6076000213623045,0.48870010375976536,19.899,20.081,2.757999897003174,3.1589999198913574,20.162,20.315,3.306999921798706,3.6410000324249268,133,1733,143,0.016862722113728523,0.06534634530544281,0.9272913618584216,False,nan,nan,1.362374998052756,1.9492065794128828,0.045122382208367284,0.1300869649066142,0.0397425659810364,0.11515111340723044,0.07651238559251605,0.20331862385850363,0.03645910195621637,0.17082539200317404,False,False,NO_MOTION,VERIFIED,NO_MOTION/VERIFIED,no motion; geometry verified by background,False,False,False,212,0.1184686294555545,61,0.2805605175959002,1460,0.21953008836184906,141,0.07456648742390584
82,sweep,True,4.183500051498413,0.5759000301361086,20.162,20.315,3.306999921798706,3.6410000324249268,20.41,20.583,3.828000068664551,4.2230000495910645,181,1625,194,0.020788883790373802,0.05804408714175224,1.0982298202812724,False,nan,nan,2.9346406515491714,4.1083753643629475,0.3630019374835196,0.5564600825866526,0.04295674439946984,0.13545582561103597,0.09588184992251611,0.23219701024102402,0.03891872425848353,0.21407063016220226,False,False,NO_MOTION,VERIFIED,NO_MOTION/VERIFIED,no motion; geometry verified by background,False,False,False,210,0.1346490846156232,44,0.28805132699889635,1371,0.24754900210909278,133,0.07763260799805144
83,sweep,True,4.667200040817261,0.48369998931884783,20.41,20.583,3.828000068664551,4.2230000495910645,20.673,20.814,4.39900016784668,4.697000026702881,187,1649,200,0.01952638477087021,0.0578494556248188,0.8946015011809476,False,nan,nan,1.4867203650485397,1.952642596018028,0.08151947780008344,0.3185063885195851,0.04112253414259295,0.14723778600442822,0.07580337701211237,0.20489468517003717,0.04913715595006418,0.16924242386353053,False,False,NO_MOTION,VERIFIED,NO_MOTION/VERIFIED,no motion; geometry verified by background,False,False,False,220,0.13922713183754315,54,0.29170366269650105,1375,0.22017688625999648,141,0.0932351157078846
84,sweep,True,5.222700119018555,0.5555000782012938,20.673,20.814,4.39900016784668,4.697000026702881,20.911,21.084,4.877999782562256,5.261000156402588,119,1450,132,0.01937238872051239,0.05165548995137215,1.0209850746328863,False,nan,nan,1.922412709346115,2.3009680141332853,0.08382091685532327,0.1736511121590904,0.05249460229924077,0.17253540425903197,0.1018267219171812,0.24506988776823246,0.043489651759911624,0.22734344973295537,False,False,NO_MOTION,VERIFIED,NO_MOTION/VERIFIED,no motion; geometry verified by background,False,False,False,204,0.17761313578930613,51,0.31915315549848156,1195,0.26417227565093776,121,0.08862446913512333
85,sweep,True,5.704100131988525,0.4814000129699707,20.911,21.084,4.877999782562256,5.261000156402588,21.175,21.314,5.426000118255615,5.735000133514404,141,1573,162,0.021600322797894478,0.05712350830435753,0.8690956957573386,False,nan,nan,2.5090026927306597,3.4998375035898,0.05916261618297843,0.1938808702081594,0.038480476987436105,0.14396805190543627,0.07327381617151385,0.21658412783878989,0.03921550280678282,0.16359479937966673,False,False,NO_MOTION,VERIFIED,NO_MOTION/VERIFIED,no motion; geometry verified by background,False,False,False,231,0.1415902733276288,51,0.3571926507726478,1291,0.23255360854247584,139,0.08715072564092359
86,sweep,True,6.25570011138916,0.5515999794006348,21.175,21.314,5.426000118255615,5.735000133514404,21.407,21.582,5.910999774932861,6.294000148773193,129,1516,139,0.017902273684740067,0.06300058960914612,1.0760803354751254,False,nan,nan,1.5032176824909649,1.8209218262411384,0.26263143549294937,0.4022879103781962,0.04660102188031571,0.15167413876060812,0.07680677217413526,0.26498989900173453,0.04011108218135245,0.171482654259685,False,False,NO_MOTION,VERIFIED,NO_MOTION/VERIFIED,no motion; geometry verified by background,False,False,False,218,0.19314214995997597,57,0.35444019841812013,1241,0.2805547414988804,127,0.09059036500264725
87,sweep,True,6.7574999809265135,0.5017998695373533,21.407,21.582,5.910999774932861,6.294000148773193,21.673,21.819,6.465000152587891,6.789999961853027,187,1529,205,0.021728966385126114,0.05923537164926529,0.9476198295136202,False,nan,nan,1.3159768124107711,2.0028135511783347,0.08364595945695455,0.2531744651114942,0.043569935407013274,0.15082239771235537,0.0861427582201082,0.2003359498671993,0.0414310316872777,0.19232664525132762,False,False,NO_MOTION,VERIFIED,NO_MOTION/VERIFIED,no motion; geometry verified by background,False,False,False,185,0.14277806500500104,78,0.30932600614798894,1266,0.20643122355449917,114,0.07124474305310832
88,sweep,True,7.306999921798706,0.5494999408721926,21.673,21.819,6.465000152587891,6.789999961853027,21.913,22.08,6.982999801635742,7.3429999351501465,158,1696,173,0.020857106894254684,0.06578441709280014,1.0308316488332903,False,nan,nan,2.979730679703981,4.2268835381630065,0.3486552587546825,0.5046107252731998,0.038997973651554635,0.12373505072390845,0.06506084850428442,0.2483690175445809,0.0398974512441291,0.14525811558136295,False,False,NO_MOTION,VERIFIED,NO_MOTION/VERIFIED,no motion; geometry verified by background,False,False,False,208,0.19884464113635247,58,0.38638859174978124,1430,0.25414126188844277,118,0.08203744591292711
89,sweep,True,7.814999961853028,0.5080000400543216,21.913,22.08,6.982999801635742,7.3429999351501465,22.191,22.313,7.563000202178955,7.8429999351501465,205,1465,226,0.02029651217162609,0.056441277265548706,0.889489071807189,False,nan,nan,1.8671583426604905,2.373341603115776,0.07218709832912437,0.1782699385535355,0.04003226494440329,0.1600153994655231,0.1063786481861882,0.20187627855233603,0.04270593509627024,0.23750630876879655,False,False,NO_MOTION,VERIFIED,NO_MOTION/VERIFIED,no motion; geometry verified by background,False,False,False,217,0.13669441652520276,49,0.3326701823114249,1199,0.2114697389714905,124,0.061891642226788335
90,sweep,True,8.36069974899292,0.5456997871398919,22.191,22.313,7.563000202178955,7.8429999351501465,22.404,22.579,8.024999618530273,8.39799976348877,157,1387,174,0.022725844755768776,0.06050333008170128,1.084831216771894,False,nan,nan,2.4084024772013377,3.0006289224140668,0.6316297069304551,0.9206090541974954,0.044487522839223886,0.1683212279172887,0.08465333957736215,0.2623645656461309,0.04938734012715329,0.18900129444003602,False,False,NO_MOTION,VERIFIED,NO_MOTION/VERIFIED,no motion; geometry verified by background,False,False,False,197,0.20332084733345177,59,0.48862358896672836,1131,0.27440653799514403,106,0.09734897071738013
91,sweep,True,8.857099628448486,0.4963998794555664,22.404,22.579,8.024999618530273,8.39799976348877,22.669,22.812,8.579000473022461,8.887999534606934,162,1436,176,0.020549189299345016,0.05088247358798981,0.9489447634349034,False,nan,nan,1.7576283953092595,2.2561655213490694,0.24462280469372302,0.3048265220386094,0.0424916060151444,0.1051698190681798,0.07030515747339787,0.21398672102596666,0.04121246859972319,0.1569668229820925,False,False,NO_MOTION,VERIFIED,NO_MOTION/VERIFIED,no motion; geometry verified by background,False,False,False,220,0.1481109757467926,60,0.4252524568479139,1156,0.21924607322671869,119,0.07005933370526594
92,sweep,True,9.412399578094483,0.5552999496459972,22.669,22.812,8.579000473022461,8.887999534606934,22.915,23.076,9.10099983215332,9.446999549865723,152,1407,168,0.021532997488975525,0.06518597900867462,1.0881684834368621,False,nan,nan,1.9095616188765114,2.8795582790812015,0.1684192261222644,0.4192605188525424,0.03844852206301248,0.16626261052242303,0.08092142061731399,0.24634120872282728,0.04829056050222692,0.18066922487590703,False,False,NO_MOTION,VERIFIED,NO_MOTION/VERIFIED,no motion; geometry verified by background,False,False,False,218,0.17171924615804368,59,0.46842359744695056,1130,0.2545788152676663,118,0.07106602851902949
93,sweep,True,9.904699897766113,0.4923003196716298,22.915,23.076,9.10099983215332,9.446999549865723,23.163,23.309,9.623000144958496,9.935999870300293,169,1666,181,0.02176731452345848,0.0637238472700119,0.9428775158940412,False,nan,nan,1.7216707676722647,2.1357357138298747,0.058372007932314736,0.17412390459940327,0.053718518985560335,0.19354389826020507,0.13206640065013703,0.21523935813847417,0.04850340523245247,0.29485807411178927,False,False,NO_MOTION,VERIFIED,NO_MOTION/VERIFIED,no motion; geometry verified by background,False,False,False,223,0.15422971214248477,66,0.42038199873881,1377,0.21529131064098514,114,0.05932403779678285
94,sweep,True,10.48390007019043,0.5792001724243168,23.163,23.309,9.623000144958496,9.935999870300293,23.427,23.582,10.168000221252441,10.519000053405762,153,1744,165,0.023932961747050285,0.06196722388267517,1.0784238080371547,False,nan,nan,1.9613397213737516,2.314670721179634,0.1432109788169665,0.280240280628298,0.04033042476319818,0.11807599173773356,0.08500952556909208,0.20299236442630786,0.04503533703613647,0.189796533161089,False,False,NO_MOTION,VERIFIED,NO_MOTION/VERIFIED,no motion; geometry verified by background,False,False,False,253,0.13423327067412322,75,0.4656915700624513,1416,0.20916233270892493,126,0.0711637879725136
95,sweep,True,10.95479965209961,0.4708995819091797,23.427,23.582,10.168000221252441,10.519000053405762,23.673,23.814,10.682999610900879,10.984999656677246,205,1636,224,0.023511135950684547,0.06489407271146774,0.9726926227415292,False,nan,nan,1.7678394981349006,2.404187742531631,0.06521259070233643,0.14567148583961953,0.0446666937443389,0.12043971546073727,0.08379522313652729,0.23298144718757735,0.05366593307625567,0.18708542060791333,False,False,NO_MOTION,VERIFIED,NO_MOTION/VERIFIED,no motion; geometry verified by background,False,False,False,229,0.17916897231904005,72,0.4732657758648855,1335,0.23713252082750305,116,0.06425489089216876
96,sweep,True,11.491899681091308,0.5371000289916985,23.673,23.814,10.682999610900879,10.984999656677246,23.924,24.076,11.194000244140625,11.524999618530273,258,1587,290,0.028725137934088707,0.06690731644630432,1.1381297128054797,False,nan,nan,1.532581289234171,2.3628620915725023,0.0453633883279005,0.2457006116456124,0.04775458281415875,0.2214703644190672,0.11417002981484323,0.3045518395507807,0.052429024061583646,0.25490173841922836,False,False,NO_MOTION,VERIFIED,NO_MOTION/VERIFIED,no motion; geometry verified by background,False,False,False,217,0.24955488667326406,84,0.5892763050050316,1286,0.307525325952522,98,0.0800661077227663
97,sweep,True,11.980400371551514,0.4885006904602065,23.924,24.076,11.194000244140625,11.524999618530273,24.188,24.31,11.732000350952148,12.008000373840332,258,1566,286,0.027374915778636932,0.07478269189596176,0.9597962194135785,False,nan,nan,2.396888574996356,3.0352976467285178,0.04886737691529053,0.13058548409362122,0.036147587509782475,0.12924095233591143,0.0625329753492477,0.22972782633435557,0.05928506857348002,0.13961425910898437,False,False,NO_MOTION,VERIFIED,NO_MOTION/VERIFIED,no motion; geometry verified by background,False,False,False,224,0.17738373450288897,83,0.46863575882636554,1259,0.22984517113986033,105,0.06840545507566038
98,sweep,True,12.53779993057251,0.557399559020995,24.188,24.31,11.732000350952148,12.008000373840332,24.419,24.581,12.220999717712402,12.572999954223633,238,1329,271,0.027968309819698334,0.07016145437955856,1.0862582726598602,False,nan,nan,1.8885649936739344,2.7482891311581596,0.09517275495570685,0.2695735041556133,0.04144914925489269,0.1538810921404113,0.09119693069337367,0.266952821141106,0.05080458331882983,0.20361084436904114,False,False,NO_MOTION,VERIFIED,NO_MOTION/VERIFIED,no motion; geometry verified by background,False,False,False,205,0.22164784552991068,78,0.6282733169170616,1046,0.2708917100069552,98,0.0752959978088665
99,sweep,True,13.033799743652343,0.495999813079834,24.419,24.581,12.220999717712402,12.572999954223633,24.687,24.815,12.770999908447266,13.062999725341797,186,1331,201,0.02374783158302307,0.059247225522994995,0.9756266234422147,False,nan,nan,1.7749746642714277,2.448023048563602,0.21813212205668442,0.49314095714357753,0.040220806652610935,0.12968980363614746,0.07809137130813287,0.22343498809708331,0.0509798351946783,0.17435071475646222,False,False,NO_MOTION,VERIFIED,NO_MOTION/VERIFIED,no motion; geometry verified by background,False,False,False,203,0.14961026453947687,101,0.40559257638120055,1027,0.2240857718863803,97,0.06546345403823987
100,sweep,True,13.591300201416015,0.5575004577636715,24.687,24.815,12.770999908447266,13.062999725341797,24.918,25.081,13.26099967956543,13.628000259399414,261,1542,295,0.025289813056588173,0.066989466547966,1.1083112875197496,False,nan,nan,1.5607271756982048,2.6108532229230024,0.15888219176819243,0.27699235624707536,0.04425570076881252,0.1798348252300503,0.11814387822642006,0.26113450959305656,0.05610059581464516,0.26377395181856067,False,False,NO_MOTION,VERIFIED,NO_MOTION/VERIFIED,no motion; geometry verified by background,False,False,False,205,0.22303059025814204,78,0.5808374630592661,1259,0.25911486757681784,89,0.08005314921601786
101,sweep,True,14.090199851989746,0.49889965057373153,24.918,25.081,13.26099967956543,13.628000259399414,25.144,25.311,13.758999824523926,14.126999855041504,224,1273,243,0.02184755727648735,0.0658484548330307,0.9381060618662153,False,nan,nan,1.5431128550805489,2.376381790119561,0.5910293299777534,0.764877698645944,0.040021093139782526,0.1752681335438671,0.1132239509425467,0.21248536658327194,0.054115312015487645,0.25278947524805123,False,False,NO_MOTION,VERIFIED,NO_MOTION/VERIFIED,no motion; geometry verified by background,False,False,False,205,0.17293573744323523,75,0.4344618698626064,993,0.2099292063791928,100,0.06113912313298872
102,sweep,True,14.6568998336792,0.5666999816894531,25.144,25.311,13.758999824523926,14.126999855041504,25.417,25.581,14.331999778747559,14.692999839782715,236,1237,257,0.02448025718331337,0.06367833912372589,1.1329029962242982,False,nan,nan,2.1200283967358198,2.930705696098805,0.21111662097471906,0.4646642906781765,0.04743472079392787,0.18889002872995897,0.14121854414031826,0.25964383471008945,0.054838243582057064,0.3152916089868596,False,False,NO_MOTION,VERIFIED,NO_MOTION/VERIFIED,no motion; geometry verified by background,False,False,False,192,0.19646741035945353,67,0.5765970344432277,978,0.26361866880425544,90,0.06039191085969019
103,sweep,True,15.14680004119873,0.4899002075195309,25.417,25.581,14.331999778747559,14.692999839782715,25.68,25.814,14.875,15.177000045776367,233,1262,262,0.022307993844151497,0.06288722902536392,0.9753009011193683,False,nan,nan,1.6472897093675318,2.8074090013767847,0.2845382688565074,0.4919014557087119,0.04939002344569521,0.20496684073778657,0.1355253639619759,0.23805779498963375,0.05883767773947387,0.30258072919689316,False,False,NO_MOTION,VERIFIED,NO_MOTION/VERIFIED,no motion; geometry verified by background,False,False,False,217,0.20090585481777762,66,0.604382045046747,979,0.23576434424899168,101,0.07753992292061741
104,sweep,True,15.419199657440185,0.27239961624145437,25.68,25.814,14.875,15.177000045776367,25.85,25.944,15.232000350952148,15.4399995803833,245,1293,258,0.020463168621063232,0.05959339812397957,0.5121313608343497,False,nan,nan,1.0523806722291966,1.4430144443256352,0.8314134120488219,1.1504467477872633,0.03775053859645593,0.12096423685851262,0.07523756609889648,0.13949665551775736,0.053331632237687276,0.16797916602231594,False,False,NO_MOTION,VERIFIED,NO_MOTION/VERIFIED,no motion; geometry verified by background,False,False,False,262,0.11896985865849519,56,0.3392987705802958,975,0.1403495377673746,119,0.057901731908482586
105,sweep,True,15.902000331878662,0.48280067443847763,25.85,25.944,15.232000350952148,15.4399995803833,26.028,26.176,15.604999542236328,15.9350004196167,286,1269,317,0.02424442023038864,0.06166534870862961,0.9673295926611931,False,nan,nan,1.7086259063829865,2.7720060876654102,0.1432957244020926,0.2524218004236829,0.03800933210623243,0.18934904667119223,0.10335202356659343,0.22622789502306623,0.0551843974881798,0.23074891474579137,False,False,NO_MOTION,VERIFIED,NO_MOTION/VERIFIED,no motion; geometry verified by background,False,False,False,231,0.20559597642389907,74,0.5235331161255472,964,0.2186230427075618,112,0.06433497198431998
106,sweep,True,16.463599586486815,0.5615992546081525,26.028,26.176,15.604999542236328,15.9350004196167,26.274,26.444,16.12700080871582,16.500999450683594,271,1247,317,0.02144586853682995,0.07107410579919815,1.091687709365571,False,nan,nan,1.8661767576772772,2.928509314726396,0.03800703047954479,0.17967667696264078,0.04231443104687384,0.19087636060822621,0.15256707623156912,0.2692415959502384,0.05188175192025496,0.3406289112828967,False,False,NO_MOTION,VERIFIED,NO_MOTION/VERIFIED,no motion; geometry verified by background,False,False,False,219,0.24962709605640873,82,0.6698962443661064,946,0.2605593741327619,105,0.07156295293658024
107,sweep,True,16.947199630737305,0.4836000442504904,26.274,26.444,16.12700080871582,16.500999450683594,26.551,26.676,16.71500015258789,16.972999572753906,281,1222,304,0.02378934808075428,0.06186951324343681,1.0022632943239218,False,nan,nan,1.9800837431652833,2.927068933918708,0.28397981393808974,0.5523640031257712,0.04838246690251982,0.24606844024503532,0.12257062716020589,0.2537835507247357,0.06081547469035664,0.2736573336535085,False,False,NO_MOTION,VERIFIED,NO_MOTION/VERIFIED,no motion; geometry verified by background,False,False,False,212,0.21420188455353162,73,0.6607775263101228,937,0.24391780065368618,104,0.07428332980743992
108,sweep,True,17.244700622558593,0.29750099182128764,26.551,26.676,16.71500015258789,16.972999572753906,26.774,26.946,17.115999221801758,17.259000778198242,334,1246,362,0.022239815443754196,0.06627124547958374,0.8685585569703586,False,nan,nan,2.1052412015470976,2.8603074209217287,0.07594713215709054,0.27979284290663453,0.04785828408423337,0.1967226578595404,0.1420896640138078,0.3519879664344447,0.05516749149073852,0.3172365149353308,False,False,NO_MOTION,VERIFIED,NO_MOTION/VERIFIED,no motion; geometry verified by background,False,False,False,227,0.3420533630084634,65,0.6575022216808879,954,0.3299052534029186,109,0.11523015251508005
109,sweep,True,16.590999412536622,-0.6537012100219712,26.774,26.946,17.115999221801758,17.259000778198242,27.05,27.176,17.274999618530273,16.514999389648438,413,1298,424,0.01948484592139721,0.06392066925764084,0.1767417093894722,False,nan,nan,0.4666612830246892,0.6250534967986063,0.20439133336086074,0.3815441351181945,0.05323533028270846,0.20881170345213818,0.17740619164400057,0.7475926945831798,0.05604300164994441,0.3960859669540993,False,False,NO_MOTION,VERIFIED,NO_MOTION/VERIFIED,no motion; geometry verified by background,False,False,False,319,0.6956942733256778,0,nan,979,0.7702089253931695,146,0.28324797099051546
110,dwell_end,True,16.516800117492675,-0.07419929504394673,27.05,27.176,17.274999618530273,16.514999389648438,27.268,27.444,16.514999389648438,16.517000198364258,381,1289,386,0.014761930331587791,0.05261910334229469,0.05023048092012739,False,nan,nan,0.06723735702063033,0.1664702639970313,0.03238889195980631,0.08070239401723092,0.02903444355150016,0.0846384037105747,0.05843127507948898,0.08762874699549295,0.04971738889554248,0.1304565972345702,False,False,NO_MOTION,VERIFIED,NO_MOTION/VERIFIED,no motion; geometry verified by background,False,False,False,302,0.08888039019302399,0,nan,987,0.0872298121221306,134,0.04228841036194721
111,dwell_end,False,16.517000198364258,0.0002000808715827418,27.268,27.444,16.514999389648438,16.517000198364258,27.51,27.677,16.517000198364258,16.517000198364258,348,1286,353,0.014852764084935188,0.05460735410451889,0.048951166980369026,True,0.01179388712337443,0.04471575745382598,nan,nan,nan,nan,nan,nan,nan,nan,nan,0.09983464424243271,False,False,NO_MOTION,NOT_CHECKED,NO_MOTION/NOT_CHECKED,no motion; geometry not checked,False,False,False,,,,,,,,
112,dwell_end,False,16.517000198364258,0.0,27.51,27.677,16.517000198364258,16.517000198364258,27.778,27.944,16.517000198364258,16.517000198364258,399,1295,411,0.01714843511581421,0.05155409872531891,0.05047116018258775,True,0.005054841796037321,0.046467516507530546,nan,nan,nan,nan,nan,nan,nan,nan,nan,0.10374570942131614,False,False,NO_MOTION,NOT_CHECKED,NO_MOTION/NOT_CHECKED,no motion; geometry not checked,False,False,False,,,,,,,,
113,dwell_end,False,16.517000198364258,0.0,27.778,27.944,16.517000198364258,16.517000198364258,28.043,28.176,16.517000198364258,16.517000198364258,442,1287,444,0.01653638668358326,0.051949914544820786,0.049175623365083854,True,0.00551512508501524,0.04883995187286928,nan,nan,nan,nan,nan,nan,nan,nan,nan,0.10904252768345414,False,False,NO_MOTION,NOT_CHECKED,NO_MOTION/NOT_CHECKED,no motion; geometry not checked,False,False,False,,,,,,,,
114,dwell_end,False,16.517000198364258,0.0,28.043,28.176,16.517000198364258,16.517000198364258,28.278,28.444,16.517000198364258,16.517000198364258,415,1280,425,0.018401872366666794,0.05215664580464363,0.05189003386000165,True,0.005670456359577739,0.057515928733683455,nan,nan,nan,nan,nan,nan,nan,nan,nan,0.12841294904441108,False,False,NO_MOTION,NOT_CHECKED,NO_MOTION/NOT_CHECKED,no motion; geometry not checked,False,False,False,,,,,,,,
115,dwell_end,False,16.51789970397949,0.0008995056152336645,28.278,28.444,16.517000198364258,16.517000198364258,28.505,28.68,16.517000198364258,16.51799964904785,454,1294,461,0.016218408942222595,0.05502424016594887,0.05408524080471554,True,0.016881968133501,0.06169022943544966,nan,nan,nan,nan,nan,nan,nan,nan,nan,0.13773270228692513,False,False,NO_MOTION,NOT_CHECKED,NO_MOTION/NOT_CHECKED,no motion; geometry not checked,False,False,False,,,,,,,,
116,dwell_end,False,16.51799964904785,9.994506836008554e-05,28.505,28.68,16.517000198364258,16.51799964904785,28.776,28.944,16.51799964904785,16.51799964904785,408,1310,412,0.01799820177257061,0.05161064863204956,0.0535063762124669,True,0.009643608057392401,0.09274883440516103,nan,nan,nan,nan,nan,nan,nan,nan,nan,0.20707570248141435,False,False,NO_MOTION,NOT_CHECKED,NO_MOTION/NOT_CHECKED,no motion; geometry not checked,False,False,False,,,,,,,,
117,dwell_end,False,16.51799964904785,0.0,28.776,28.944,16.51799964904785,16.51799964904785,29.041,29.184,16.51799964904785,16.51799964904785,375,1280,381,0.017911842092871666,0.05144541338086128,0.04647339979791296,True,0.008611578891670555,0.04455144930011492,nan,nan,nan,nan,nan,nan,nan,nan,nan,0.0994678016123193,False,False,NO_MOTION,NOT_CHECKED,NO_MOTION/NOT_CHECKED,no motion; geometry not checked,False,False,False,,,,,,,,
118,dwell_end,False,16.51799964904785,0.0,29.041,29.184,16.51799964904785,16.51799964904785,29.272,29.445,16.51799964904785,16.51799964904785,363,1303,372,0.01780221424996853,0.05592617765069008,0.050275501426733094,True,0.006865906445313584,0.056790047856267546,nan,nan,nan,nan,nan,nan,nan,nan,nan,0.12679231096768762,False,False,NO_MOTION,NOT_CHECKED,NO_MOTION/NOT_CHECKED,no motion; geometry not checked,False,False,False,,,,,,,,
119,dwell_end,False,16.51799964904785,0.0,29.272,29.445,16.51799964904785,16.51799964904785,29.553,29.675,16.51799964904785,16.51799964904785,401,1302,410,0.016853883862495422,0.04993433132767677,0.045341530826127636,True,0.012084256340332063,0.03776826332678679,nan,nan,nan,nan,nan,nan,nan,nan,nan,0.08432332018031505,False,False,NO_MOTION,NOT_CHECKED,NO_MOTION/NOT_CHECKED,no motion; geometry not checked,False,False,False,,,,,,,,
120,dwell_end,False,16.51799964904785,0.0,29.553,29.675,16.51799964904785,16.51799964904785,29.814,29.946,16.51799964904785,16.51799964904785,404,1296,407,0.017790481448173523,0.060144901275634766,0.0537220317715465,True,0.03691163268367971,0.09324802144771964,nan,nan,nan,nan,nan,nan,nan,nan,nan,0.20819021252534534,False,False,NO_MOTION,NOT_CHECKED,NO_MOTION/NOT_CHECKED,no motion; geometry not checked,False,False,False,,,,,,,,
121,return,False,16.377600288391115,-0.14039936065673686,29.814,29.946,16.51799964904785,16.51799964904785,30.006,30.084,16.437000274658203,16.371000289916992,435,1312,446,0.017533591017127037,0.049170058220624924,0.09944466766123419,False,nan,nan,0.26897761903612927,0.3977241514887293,0.051593234973448795,0.1319138740714449,0.030938731061565666,0.09584835770639322,0.0730940810294819,0.07160829472715052,0.05818244785977429,0.1631935136811934,False,False,NO_MOTION,VERIFIED,NO_MOTION/VERIFIED,no motion; geometry verified by background,False,False,False,310,0.05462446430028363,0,nan,1002,0.07767028079628566,136,0.027277123545886253
122,return,False,16.190699577331543,-0.18690071105957173,30.006,30.084,16.437000274658203,16.371000289916992,30.174,30.312,16.30500030517578,16.17799949645996,359,1271,373,0.02341422252357006,0.0637023076415062,0.4124173341391374,False,nan,nan,1.2563240163453222,1.6333830285820317,0.54635315214909,0.8085386741710354,0.033626152446709065,0.11010659622761637,0.08225311778053335,0.08890619078336696,0.05567780247212259,0.18364243879643485,False,False,NO_MOTION,VERIFIED,NO_MOTION/VERIFIED,no motion; geometry verified by background,False,False,False,281,0.09425284791527713,15,0.3738039061503309,975,0.08589300735625302,127,0.036318086802066114
123,return,False,15.84670000076294,-0.3439995765686028,30.174,30.312,16.30500030517578,16.17799949645996,30.409,30.581,16.077999114990234,15.821000099182129,393,1263,422,0.02378648892045021,0.06956473737955093,0.6363368350211972,False,nan,nan,1.3920169261231543,1.8363787910460414,0.0836937193168155,0.2604490134079659,0.04190747264213318,0.18422323509912192,0.09532967677753114,0.09315510246912273,0.052589486852153006,0.21283782068677912,False,False,NO_MOTION,VERIFIED,NO_MOTION/VERIFIED,no motion; geometry verified by background,False,False,False,251,0.07819771926457807,55,0.4039275740837073,957,0.09326435413706925,118,0.044811813508223816
124,return,False,15.462200260162353,-0.384499740600587,30.409,30.581,16.077999114990234,15.821000099182129,30.67,30.81,15.689000129699707,15.437000274658203,371,1276,409,0.0204040315002203,0.06188669800758362,0.7510735475019783,False,nan,nan,1.183615249696776,1.8525419456989212,0.09077510342558824,0.22035741523385027,0.037061339851778535,0.18890444872806192,0.09609914378669752,0.1604442167437356,0.045420197928158074,0.21455577134870718,False,False,NO_MOTION,VERIFIED,NO_MOTION/VERIFIED,no motion; geometry verified by background,False,False,False,241,0.13678508194350383,64,0.4809198370550152,971,0.15809269320216426,116,0.03925686655028786
125,return,False,14.89549961090088,-0.5667006492614739,30.67,30.81,15.689000129699707,15.437000274658203,30.905,31.078,15.260000228881836,14.854999542236328,322,1248,357,0.025068022310733795,0.06184549257159233,1.0652089803687623,False,nan,nan,1.969896983916104,2.9664312133899946,0.25293063690662265,0.5777633576248489,0.04829063122262538,0.20914259793358037,0.10066747736082007,0.21081484448900167,0.050477502365883706,0.22475526215738323,False,False,NO_MOTION,VERIFIED,NO_MOTION/VERIFIED,no motion; geometry verified by background,False,False,False,217,0.17478980875631517,68,0.6198370731801854,963,0.21186126993341703,108,0.06232191455794241
126,return,False,14.293599605560303,-0.6019000053405765,30.905,31.078,15.260000228881836,14.854999542236328,31.148,31.313,14.694999694824219,14.24899959564209,210,1209,228,0.02265208400785923,0.06079026684165001,1.123840305707754,False,nan,nan,2.003230400734469,2.8500437500430365,0.5304735583350533,0.717647418217469,0.04248281734973802,0.17563891234678364,0.1091491856215373,0.2102726013365476,0.05798940898925118,0.24369194969199987,False,False,NO_MOTION,VERIFIED,NO_MOTION/VERIFIED,no motion; geometry verified by background,False,False,False,204,0.17174660202925052,72,0.641586521471836,933,0.2122901987837512,97,0.045885794901004785
127,return,False,13.5113995552063,-0.7822000503540032,31.148,31.313,14.694999694824219,14.24899959564209,31.375,31.583,14.090999603271484,13.446999549865723,212,1229,252,0.023528482764959335,0.07259399443864822,1.3927151653236696,False,nan,nan,2.9279367238635343,4.566735461973169,0.17759085713942424,0.3808112980486782,0.05294226172753605,0.24707889294460617,0.09276236457386686,0.29458719913224524,0.05444814681730192,0.20710591061510594,False,False,NO_MOTION,VERIFIED,NO_MOTION/VERIFIED,no motion; geometry verified by background,False,False,False,197,0.1991606041127496,68,0.621151234184401,964,0.30106341932186287,99,0.0694840462388657
128,return,False,12.737500095367432,-0.7738994598388675,31.375,31.583,14.090999603271484,13.446999549865723,31.682,31.812,13.173999786376953,12.689000129699707,204,1230,245,0.026997296139597893,0.0642004907131195,1.4161578973336324,False,nan,nan,2.305380804122832,3.4866364877500873,0.4669348975805163,0.9896704799110492,0.04616978148506956,0.18023193489752543,0.09630734162835601,0.29655086983909584,0.058443757706450924,0.21502060429882505,False,False,NO_MOTION,VERIFIED,NO_MOTION/VERIFIED,no motion; geometry verified by background,False,False,False,174,0.20455289304643418,88,0.7290724093451182,968,0.2998668197681197,81,0.07762130769968717
129,return,False,11.75550012588501,-0.9819999694824215,31.682,31.812,13.173999786376953,12.689000129699707,31.912,32.082,12.354000091552734,11.689000129699707,239,1189,294,0.03152818977832794,0.07101241499185562,1.7997508884056441,False,nan,nan,3.2713509644532546,5.12793548795987,0.19516448135973216,0.5715327903858359,0.05382884328170318,0.2839789945850846,0.14615664901448422,0.3890287819610854,0.05503617750620929,0.3263166697577356,False,False,NO_MOTION,VERIFIED,NO_MOTION/VERIFIED,no motion; geometry verified by background,False,False,False,150,0.2774887692251278,78,0.9175390958836185,961,0.3866271740654736,67,0.07106094960618639
130,return,False,10.902799987792969,-0.8527001380920414,31.912,32.082,12.354000091552734,11.689000129699707,32.175,32.309,11.38700008392334,10.848999977111816,168,1176,213,0.028354227542877197,0.07013492286205292,1.643014071835486,False,nan,nan,2.9782785546285373,4.3546251420623765,0.17785304388565254,0.3452540228164679,0.051136812151561684,0.1857343412875205,0.09759428963883626,0.4290825030121347,0.058863743007960614,0.2178939090151205,False,False,NO_MOTION,VERIFIED,NO_MOTION/VERIFIED,no motion; geometry verified by background,False,False,False,163,0.282898473360582,83,0.8816624159294116,930,0.4290825030121347,75,0.10039773410464926
131,return,False,9.87689962387085,-1.0259003639221191,32.175,32.309,11.38700008392334,10.848999977111816,32.443,32.577,10.371000289916992,9.821999549865723,205,1206,261,0.03262162208557129,0.07590349018573761,2.0588595687954596,False,nan,nan,3.7785582598856293,5.848354231311287,0.18275271538236515,0.45547675161501755,0.07063793122283456,0.18775548117370938,0.15220790666760492,0.560424171912463,0.05072853755957729,0.3398270112887368,False,False,NO_MOTION,VERIFIED,NO_MOTION/VERIFIED,no motion; geometry verified by background,False,False,False,137,0.41822498295715976,84,0.9838082893537052,985,0.5532555192118076,55,0.1112364574591132
132,return,False,8.917699718475342,-0.9591999053955078,32.443,32.577,10.371000289916992,9.821999549865723,32.678,32.812,9.437000274658203,8.859999656677246,124,1361,152,0.02627728134393692,0.07257337868213654,1.7976246718722502,False,nan,nan,4.610953075085585,5.171791638843953,0.2141425962871853,0.31291366742303117,0.04048099473857399,0.10543313030865001,0.07050551203633544,0.4130815125996614,0.05271879376779212,0.1574141446345072,False,False,NO_MOTION,VERIFIED,NO_MOTION/VERIFIED,no motion; geometry verified by background,False,False,False,164,0.33950267055220973,91,0.883450711892598,1106,0.40593029688634097,72,0.09425578312832322
133,return,False,7.789900112152099,-1.1277996063232427,32.678,32.812,9.437000274658203,8.859999656677246,32.872,33.081,8.635000228881836,7.696000099182129,123,1514,156,0.025893962010741234,0.06892145425081253,2.1840573617273913,False,nan,nan,3.8526163740997066,4.549126423351664,0.08157967956620792,0.20194881465946798,0.058938817559088516,0.17607179231026643,0.11879297440703208,0.4329628323428727,0.04695868963245614,0.265223156527604,False,False,NO_MOTION,VERIFIED,NO_MOTION/VERIFIED,no motion; geometry verified by background,False,False,False,134,0.3091820192142367,104,0.8449054794540981,1276,0.43012544309993095,57,0.1633258415944925
134,return,False,6.763500118255616,-1.0263999938964838,32.872,33.081,8.635000228881836,7.696000099182129,33.178,33.313,7.316999912261963,6.702000141143799,132,1364,160,0.028294336050748825,0.06912507861852646,1.9670761279683275,False,nan,nan,4.57184984658309,5.169892048803683,0.17717338150802775,0.3042574021768397,0.0649833624730157,0.2502692213250263,0.13689329288484797,0.40048614276131744,0.03749060759339201,0.305634835962386,False,False,NO_MOTION,VERIFIED,NO_MOTION/VERIFIED,no motion; geometry verified by background,False,False,False,127,0.3449623385711449,96,0.7044195194093417,1141,0.3983932822263457,59,0.12705207971067356
135,return,False,5.191400003433228,-1.5721001148223879,33.178,33.313,7.316999912261963,6.702000141143799,33.455,33.675,6.085999965667725,5.0920000076293945,101,1088,142,0.02892898954451084,0.07490963488817215,3.0296785054878512,False,nan,nan,9.649047077306934,12.926611322168984,0.06982107897739957,0.330359972802578,0.07425257255459754,0.32009677010351467,0.12875247975539483,0.7974964149383186,0.03814158850203753,0.2874592480063435,False,False,NO_MOTION,BG_MISSING,NO_MOTION/BG_MISSING,no motion; background missing for verification,False,False,False,82,0.6679882831595987,75,0.9538461892004176,931,0.8193318692405763,22,0.37905073710857595
136,return,False,4.011000061035157,-1.1803999423980711,33.455,33.675,6.085999965667725,5.0920000076293945,33.769,33.947,4.7129998207092285,3.933000087738037,119,1268,159,0.02634013444185257,0.08279421925544739,2.1151409771659884,False,nan,nan,5.99443216628106,8.615282776454555,0.19681190924290218,0.4475940400419154,0.06569203523398111,0.21433211406703628,0.15722168231161093,0.5100495548891739,0.04015559353220122,0.35102101841804884,False,False,NO_MOTION,VERIFIED,NO_MOTION/VERIFIED,no motion; geometry verified by background,False,False,False,136,0.4062555118486726,73,0.8450785846705482,1059,0.525870894806723,64,0.19372886642933937
137,return,False,3.0307000875473022,-0.9802999734878544,33.769,33.947,4.7129998207092285,3.933000087738037,34.008,34.183,3.703000068664551,2.9560000896453857,145,1285,181,0.025189649313688278,0.07140561938285828,1.7943948978887831,False,nan,nan,4.81662026677277,7.372101354482063,0.4308692239100097,0.9664391136768092,0.06000999852954634,0.25621382432434203,0.12237523264588981,0.42594611214632544,0.034720118787862075,0.27322108605457623,False,False,NO_MOTION,VERIFIED,NO_MOTION/VERIFIED,no motion; geometry verified by background,False,False,False,139,0.3114442949914067,72,0.5106556187326763,1074,0.45933436348125223,78,0.20247379342153246
138,return,False,2.029100012779236,-1.0016000747680662,34.008,34.183,3.703000068664551,2.9560000896453857,34.281,34.447,2.5880000591278076,1.9670000076293945,123,1510,152,0.02678052708506584,0.07519803941249847,2.075762742869284,False,nan,nan,3.472577009546704,4.605774858655935,0.20469994058503171,0.31894128692276114,0.06224710258573023,0.24222343980763383,0.15325777624801212,0.4802310854796381,0.038501972651195926,0.34217100280378915,False,False,NO_MOTION,VERIFIED,NO_MOTION/VERIFIED,no motion; geometry verified by background,False,False,False,147,0.3733049012379005,56,0.5599288941070406,1307,0.5059575538042299,81,0.21811104683644086
139,return,False,1.2732000350952148,-0.7558999776840212,34.281,34.447,2.5880000591278076,1.9670000076293945,34.502,34.681,1.7970000505447388,1.215000033378601,116,1565,130,0.022416774183511734,0.07004712522029877,1.544381626335201,False,nan,nan,3.552348094845774,4.128297240886813,0.05785599965159425,0.14295888952703376,0.04790689254998324,0.13890250459756576,0.06798624455007678,0.3822038299236959,0.037446263343166725,0.15178950161013546,False,False,NO_MOTION,VERIFIED,NO_MOTION/VERIFIED,no motion; geometry verified by background,False,False,False,174,0.2855071153901096,67,0.4230910379027646,1324,0.41327021188561686,105,0.1814612460001987
140,return,False,0.5570000231266021,-0.7162000119686127,34.502,34.681,1.7970000505447388,1.215000033378601,34.776,34.944,0.9620000123977661,0.5120000243186951,133,1440,144,0.026679905131459236,0.068486787378788,1.475613647694311,False,nan,nan,3.893697083316657,5.676548744060623,0.09287344436042215,0.24681769185697394,0.046501743902393984,0.13191579908767653,0.09880982889352788,0.3896786980858419,0.03786341554590303,0.220607782959449,False,False,NO_MOTION,VERIFIED,NO_MOTION/VERIFIED,no motion; geometry verified by background,False,False,False,182,0.23356564367491406,54,0.4613871595522123,1204,0.43354847601791924,114,0.14409264952126624
141,return,False,0.05660000182688235,-0.5004000212997197,34.776,34.944,0.9620000123977661,0.5120000243186951,35.04,35.178,0.3140000104904175,0.02800000086426735,180,1690,192,0.021448355168104172,0.055245980620384216,1.0419196893023333,False,nan,nan,3.6159788294176383,4.3517461004456965,0.2569162997587837,0.49015677955587444,0.04451963468412323,0.1421153273697825,0.06931395722864853,0.23895555821646633,0.039592698202346885,0.1547538195702696,False,False,NO_MOTION,VERIFIED,NO_MOTION/VERIFIED,no motion; geometry verified by background,False,False,False,186,0.1368781014434662,63,0.19722954033419635,1441,0.2660076787531177,115,0.10006992192172239
142,return,False,-0.3377999894320965,-0.39439999125897884,35.04,35.178,0.3140000104904175,0.02800000086426735,35.275,35.45,-0.11999999731779099,-0.3619999885559082,192,1732,207,0.02204442396759987,0.06094487011432648,0.8830526789363096,False,nan,nan,1.3583088187001024,2.050574381982473,0.3162126907322774,0.42379896901602104,0.04143960267251878,0.09233013861227692,0.0628020674246926,0.24193013466584462,0.04413587447944428,0.14021504758155448,False,False,NO_MOTION,VERIFIED,NO_MOTION/VERIFIED,no motion; geometry verified by background,False,False,False,215,0.14420302064293503,37,0.21990567816346202,1480,0.26562986310782466,140,0.10706227943498255
143,return,False,-0.5470000267028808,-0.20920003727078434,35.275,35.45,-0.11999999731779099,-0.3619999885559082,35.54,35.678,-0.4480000138282776,-0.5580000281333923,190,1693,196,0.018218250945210457,0.06498415023088455,0.4721714149615558,False,nan,nan,1.6166894239200245,1.9782167394490093,0.04051713773827849,0.12744670855651322,0.031236548880720683,0.08392550267027242,0.05796063728633144,0.1639928411683857,0.04190575972092124,0.12940582767765407,False,False,NO_MOTION,VERIFIED,NO_MOTION/VERIFIED,no motion; geometry verified by background,False,False,False,220,0.10343140648053213,27,0.18465578846588504,1446,0.1863905049712816,143,0.0784664298224187
144,return,False,-0.6905999779701233,-0.14359995126724245,35.54,35.678,-0.4480000138282776,-0.5580000281333923,35.738,36.063,-0.597000002861023,-0.7009999752044678,177,1889,182,0.0175798200070858,0.04874520003795624,0.3348350503496391,False,nan,nan,0.8504917173559176,0.9532159854644131,0.18479394583353229,0.2970242763978829,0.032036202349385735,0.08942618702492103,0.05434229833649364,0.10647743626125689,0.04520375128878221,0.12132734254456401,False,False,NO_MOTION,VERIFIED,NO_MOTION/VERIFIED,no motion; geometry verified by background,False,False,False,243,0.0703258341119158,2,1.1535902503521842,1644,0.11667628870597116,165,0.05231732415852158
145,return,False,-0.3589000046253204,0.3316999733448029,35.738,36.063,-0.597000002861023,-0.7009999752044678,36.159,36.313,-0.7179999947547913,-0.3190000057220459,214,1755,219,0.01691242679953575,0.05280546471476555,0.17015778563287134,False,nan,nan,0.5877705050185311,0.6623677220673985,0.149165815336631,0.2923279417686178,0.036725873916739926,0.14714963186154836,0.0722517572851502,0.5271386519264339,0.03850423401575095,0.16131289941587215,False,False,NO_MOTION,VERIFIED,NO_MOTION/VERIFIED,no motion; geometry verified by background,False,False,False,253,0.27617653710536655,0,nan,1502,0.6168500133441928,172,0.19246309903333558
