frame,n_body,k8,k12,k16,k20,k30,k45
59,1073,0.0845,0.0703,0.0596,0.0553,0.048,0.0384
60,1060,0.0796,0.0562,0.0562,0.0528,0.0461,0.0395
61,1064,0.1,0.072,0.0626,0.0609,0.0595,0.0559
62,1068,0.2929,0.0925,0.0843,0.0833,0.0791,0.0689
63,1061,0.1003,0.0932,0.087,0.0785,0.0736,0.0643
64,956,0.1094,0.0918,0.0897,0.0884,0.0852,0.0849
65,946,0.0922,0.0911,0.0903,0.0895,0.0747,0.0726
66,959,0.093,0.0774,0.0812,0.0777,0.0742,0.0656
67,1006,0.1094,0.0961,0.078,0.0806,0.0703,0.0681
68,1053,0.0918,0.0865,0.087,0.0768,0.0649,0.0616
69,1018,0.1276,0.1084,0.0846,0.0846,0.0662,0.0542
70,1023,0.099,0.089,0.0757,0.0757,0.0694,0.0683
71,997,0.1625,0.1492,0.1408,0.1393,0.1369,0.1279
72,1012,0.154,0.1468,0.135,0.1258,0.1184,0.1129
73,1016,0.2659,0.2575,0.2468,0.2396,0.2209,0.2207
74,1018,0.5809,0.5747,0.5747,0.5731,0.551,0.5319
75,964,2.0759,2.0723,2.057,2.0344,2.0076,1.9448
76,991,1.5715,1.5666,1.5422,1.5186,1.4694,1.4207
77,946,2.4865,2.4595,2.4393,2.4299,2.349,2.323
78,927,2.7121,2.6922,2.6723,2.6685,2.6606,2.6176
79,874,5.0753,5.0362,5.02,4.9964,4.9406,4.8831
80,931,2.9257,2.9014,2.8861,2.8833,2.8656,2.833
81,832,3.4385,3.4235,3.4161,3.3887,3.3404,3.3166
82,934,2.9021,2.8785,2.8677,2.8596,2.8177,2.7852
83,888,5.1288,5.1068,5.0974,5.086,5.0334,4.9667
84,869,2.2539,2.2279,2.1958,2.1781,2.1249,2.0779
85,891,2.2887,2.2845,2.2831,2.2612,2.2037,2.1635
86,945,2.0464,2.0344,2.0278,2.0201,1.9672,1.9313
87,977,0.7012,0.6895,0.6864,0.686,0.6383,0.6253
88,821,0.4071,0.3917,0.3898,0.389,0.3885,0.3789
89,981,0.1899,0.1356,0.1332,0.1332,0.1294,0.1261
90,968,0.1638,0.154,0.1533,0.151,0.1456,0.1427
91,973,0.1719,0.1355,0.1156,0.1136,0.1046,0.0997
92,782,0.1551,0.1409,0.1243,0.1217,0.1174,0.1116
93,838,0.3113,0.3076,0.3035,0.3003,0.2962,0.2915
94,844,0.1446,0.1394,0.1327,0.1231,0.1114,0.1056
95,838,0.5502,0.1099,0.1099,0.0895,0.0783,0.0753
96,764,0.1264,0.1242,0.1202,0.1189,0.1189,0.116
97,846,0.1175,0.0976,0.0856,0.0831,0.0763,0.0704
98,862,0.1916,0.1736,0.1351,0.1059,0.0624,0.061
99,1034,0.1907,0.1811,0.1653,0.1419,0.1126,0.1119
100,951,0.1434,0.1385,0.133,0.1197,0.1075,0.1021
101,870,0.1726,0.1689,0.1511,0.1321,0.0678,0.0507
102,828,0.2099,0.1664,0.1573,0.1543,0.1465,0.1348
103,890,0.4609,0.2019,0.1957,0.194,0.1931,0.1912
104,835,1.162,0.1225,0.1196,0.119,0.1177,0.1168
105,851,0.8495,0.3463,0.1176,0.0916,0.0826,0.0799
106,817,0.1057,0.1022,0.0974,0.0922,0.084,0.0753
107,812,0.117,0.1112,0.093,0.0867,0.077,0.0697
108,816,0.2347,0.2251,0.1906,0.1483,0.1043,0.0902
109,804,0.1645,0.1642,0.1526,0.1517,0.1478,0.1451
110,809,0.1889,0.121,0.1117,0.1124,0.1095,0.0995
111,846,0.1959,0.1487,0.1378,0.1247,0.0893,0.0767
112,867,0.2772,0.2165,0.2075,0.2048,0.1835,0.1552
113,884,1.0037,0.2751,0.2409,0.2291,0.2113,0.1499
114,885,0.187,0.1647,0.1506,0.1452,0.1259,0.1049
115,857,0.2133,0.1943,0.1429,0.1429,0.1254,0.1231
116,886,0.7064,0.6305,0.403,0.1424,0.0606,0.0582
117,859,0.7284,0.1887,0.1247,0.119,0.1161,0.0901
118,924,0.1977,0.1752,0.1035,0.0681,0.0603,0.0595
119,908,0.1622,0.1238,0.1038,0.0912,0.0733,0.0664
120,950,0.1533,0.1168,0.1095,0.1032,0.095,0.083
121,992,0.2019,0.1785,0.128,0.1235,0.1197,0.1103
122,1018,0.2074,0.1456,0.1207,0.1118,0.1064,0.1
123,972,0.1438,0.1202,0.118,0.117,0.108,0.1028
124,1037,0.3144,0.3065,0.2959,0.2775,0.2722,0.2688
125,1054,0.0891,0.0764,0.0717,0.0694,0.0688,0.0639
