frame,phase,exposure,angle,dangle,n_body,n_bg,body_flow,same_angle,static_med,static_cl,affine_med,affine_cl,epi_img_med,epi_img_cl,epi_enc_med,epi_enc_cl,epi_enc_cl30,epi_enc_bg,motion_mm,alarm,accel_guard
2,approach,False,-0.32499998807907104,0.0,33.0,2163.0,0.708978947972743,True,0.6918289890703493,0.7038167128270675,nan,nan,nan,nan,nan,nan,nan,nan,1.5713765155275627,False,False
3,approach,False,-0.32499998807907104,0.0,34.0,2438.0,0.7562639679611595,True,0.7394126015602825,0.8088061539688584,nan,nan,nan,nan,nan,nan,nan,nan,1.8057812109288636,False,False
4,approach,False,-0.32499998807907104,0.0,21.0,2544.0,0.3122137024892621,True,0.311370852081707,nan,nan,nan,nan,nan,nan,nan,nan,nan,nan,False,False
5,approach,False,-0.32499998807907104,0.0,39.0,2581.0,0.6721453140353854,True,0.6638502364976525,0.6992501025253846,nan,nan,nan,nan,nan,nan,nan,nan,1.5611808721834213,False,False
6,approach,False,-0.32499998807907104,0.0,30.0,2542.0,0.05994682536918451,True,0.05498290512563884,0.05498290512563884,nan,nan,nan,nan,nan,nan,nan,nan,0.12275759341216114,False,False
7,approach,False,-0.32499998807907104,0.0,33.0,2462.0,0.12733193599530793,True,0.1059819946915384,0.11606733710496504,nan,nan,nan,nan,nan,nan,nan,nan,0.2591377618953705,False,False
8,approach,False,-0.3852999895811081,-0.06030000150203707,41.0,2488.0,0.020185528141312727,False,nan,nan,0.03400146804492819,0.07659582123298331,0.015062401881129067,0.04297920282649974,0.01124285745594587,0.05204570403651275,0.012194973155886493,0.04234949908481937,0.027227109097304903,False,True
9,approach,False,-0.7361000180244446,-0.35080002844333646,42.0,2468.0,0.781066427818961,False,nan,nan,1.4038880248668644,1.4684131841035089,0.05972561439706546,0.209536089828535,0.08020910385190264,0.10978821270303335,0.09260341667766038,0.04124109925046161,0.20675103556491267,False,True
10,approach,False,-1.193099957704544,-0.45699993968009944,28.0,2422.0,0.7501316966557471,False,nan,nan,1.105981326700364,1.210344706165613,0.03947577405130495,0.26238667800709514,0.015870035827549537,0.15722621411299625,nan,0.06572671119448312,nan,False,False
11,approach,False,-1.7561999797821044,-0.5631000220775604,37.0,2344.0,0.899915755168922,False,nan,nan,0.9764346686341361,1.0744934885678943,0.12326013005513892,0.1575740373695983,0.029041748391306285,0.034281046804477786,0.02935201893149958,0.14561658603085714,0.06553279055709439,False,False
12,approach,False,-2.2621999859809874,-0.506000006198883,47.0,2340.0,0.9730074680353837,False,nan,nan,0.9107479308904399,1.1610552489273633,0.04709789372743845,0.06820037637031548,0.07776606061417062,0.1337672995706732,0.09450329931483915,0.11570487238927929,0.2109928088901432,False,False
13,approach,False,-2.8101999044418333,-0.547999918460846,45.0,2394.0,1.0419139147386345,False,nan,nan,0.9789285777354001,1.1771086910657642,0.1233464732649631,0.3620209332281251,0.016751901336042586,0.030823756737121122,0.014616853067408944,0.1486764726473172,0.03263431973472754,False,False
14,approach,False,-3.2998000383377075,-0.4896001338958742,47.0,2390.0,0.9777037166547384,False,nan,nan,0.9713031903126851,1.1665365790385147,0.044092922257365504,0.1168136222560324,0.08232004404602361,0.3324668548345415,0.12126733390437468,0.1367063691844742,0.2707475357221232,False,False
15,approach,False,-3.86130006313324,-0.5615000247955324,35.0,2360.0,1.9785439455078013,False,nan,nan,1.9245349988021048,2.55211602091161,0.2824009993238978,0.5210406866412108,0.24084729040100764,0.49608574313419873,0.2814434099780939,0.14918392160165195,0.6283646819257007,False,False
16,approach,False,-4.344800090789795,-0.48350002765655464,20.0,2383.0,1.4050320082347914,False,nan,nan,1.6736974743647446,1.966059762551416,0.11874147952801112,0.1930367963260297,0.18866021608032396,0.29791294562326653,nan,0.12414556346398338,nan,False,False
17,approach,False,-4.895999956130981,-0.5511998653411867,30.0,2312.0,1.1644410783372072,False,nan,nan,1.150575636549334,1.435184750886112,0.07226996280619218,0.09510066449138548,0.049705911761169855,0.10845131931065868,0.049705911761169855,0.1405485163673192,0.11097591319002811,False,False
18,approach,False,-5.395499897003174,-0.49949994087219274,31.0,2298.0,0.7768164925533619,False,nan,nan,0.6918027397350053,0.7965734199117912,0.14696258662951384,0.20166721950424407,0.025599482910614597,0.02883901386748066,0.024177607490951627,0.11210841098486926,0.053980139886589465,False,False
19,approach,False,-5.952599811553955,-0.5570999145507809,38.0,2234.0,0.7785090873866584,False,nan,nan,0.9526896029118244,1.2427787313761518,0.04717413230281428,0.13090060654855987,0.08412939598902625,0.17378445601010623,0.09109476549237036,0.13547103552010287,0.20338274521391322,False,False
20,approach,False,-6.443300056457519,-0.49070024490356445,31.0,2363.0,0.8789714670652736,False,nan,nan,0.9962105109341568,1.1060868498180216,0.020830148734619407,0.04469916237218059,0.02877321106757444,0.06478222207935705,0.02977660983255036,0.11782655624431883,0.06648075351173628,False,False
21,approach,False,-6.990599870681763,-0.5472998142242433,28.0,2355.0,1.0309921662662638,False,nan,nan,1.0449390679096524,1.2475553179127221,0.06962436980105338,0.15366453158671145,0.02148275248932941,0.049832001094213915,nan,0.1496086219521985,nan,False,False
22,approach,False,-7.484799861907959,-0.4941999912261963,36.0,2362.0,0.9235098629664733,False,nan,nan,0.8084839244760202,0.9818422751197851,0.06394875732349686,0.116262536853181,0.02441922716115661,0.047976561564914894,0.028764879584884308,0.12476657215426076,0.06422191378506166,False,False
23,approach,False,-8.05400037765503,-0.5692005157470703,39.0,2351.0,1.0197483816639183,False,nan,nan,0.9537368532052486,1.175507905823415,0.08005948346473203,0.1304654958221973,0.06387909386447067,0.2006391341187225,0.0686988093335518,0.13405572069543178,0.1533804095072313,False,False
24,approach,False,-8.548800086975097,-0.494799709320068,28.0,2337.0,0.9597030172168775,False,nan,nan,0.9182210399946,1.166698743437125,0.15368149920240856,0.2543107706173902,0.06497050698993814,0.12205089445973283,nan,0.11831843430814903,nan,False,False
25,approach,False,-9.107600021362305,-0.5587999343872081,42.0,2242.0,0.7739968988641894,False,nan,nan,0.6539117592871169,0.9422955138973164,0.0429473864535929,0.26850714517756874,0.019373739817654015,0.31389205162686906,0.02830622987427303,0.14348689311413446,0.06319790942288456,False,False
26,approach,False,-9.582000064849854,-0.47440004348754883,38.0,2342.0,0.8697055966159134,False,nan,nan,0.8193914256342325,0.9661483155909383,0.09310174036545518,0.1045211208830088,0.02095428043951725,0.026390958307165,0.021452311220556318,0.13725024013641926,0.04789550665878165,False,False
27,approach,False,-10.106199741363525,-0.5241996765136712,41.0,2317.0,0.8913830257446975,False,nan,nan,0.8184927341510156,0.9140386564301397,0.08609678262500808,0.1873770009230753,0.02464495618067642,0.04804517293666873,0.025200349066345044,0.16670153724893688,0.05626356405617402,False,False
28,approach,False,-10.612400150299072,-0.5062004089355465,47.0,2221.0,0.7920011882096707,False,nan,nan,0.6878371026848584,0.8075140607494813,0.14247338723712583,0.3374461191110011,0.02760089911948393,0.05725893835819981,0.03242142510438084,0.11133290904702833,0.07238570082304603,False,False
29,approach,False,-11.143299865722657,-0.530899715423585,32.0,2183.0,0.9325452413041038,False,nan,nan,0.8237777341711102,1.1026573785841154,0.07935363332750778,0.206180767399952,0.0407427465108821,0.20230195261240042,0.04295957879773079,0.15103221713530848,0.09591371163744526,False,False
30,approach,False,-11.66039981842041,-0.5170999526977536,39.0,2369.0,0.6951835480474048,False,nan,nan,0.7143645923205556,0.7805019891876155,0.0403781684400877,0.054581017804539694,0.01792488768045587,0.030322444132098048,0.021669872817886175,0.10664560766757991,0.04838124559975051,False,False
31,approach,False,-12.21440019607544,-0.5540003776550293,44.0,2310.0,0.8757683100447765,False,nan,nan,0.8354526189049343,0.9719254505555543,0.04375193251382478,0.1930045300316447,0.02592091312754395,0.04005959426090728,0.026597624096860763,0.14090855218017445,0.05938319041438604,False,False
32,approach,False,-12.729199981689453,-0.514799785614013,41.0,2269.0,0.6946939850060891,False,nan,nan,1.2072937749754402,1.4107632621325439,0.03638748550943652,0.1713512096953791,0.022330870621984893,0.07937750610207248,0.021637272376483253,0.10105982074072775,0.04830846021815505,False,False
33,approach,False,-13.291900062561036,-0.5627000808715827,45.0,2184.0,0.9348938275691632,False,nan,nan,0.8019103407199889,0.8937494665134219,0.04103772449132284,0.06828768608141335,0.02658880703815908,0.06914519759846978,0.03877536014675263,0.1183247204911726,0.08657181508376821,False,False
34,approach,False,-13.772900009155274,-0.4809999465942383,42.0,2188.0,0.7781276898258755,False,nan,nan,0.43214922395138844,0.5466617507634033,0.048371140671508606,0.3019721530907397,0.026309640865713725,0.13694679477929944,0.03518072056594454,0.11643310634815751,0.07854624235137479,False,False
35,approach,False,-14.323800086975098,-0.5509000778198239,36.0,2205.0,0.8484368701871021,False,nan,nan,0.7013281013502328,0.8498294660249639,0.028580352901511362,0.1930915877887211,0.025957968571997073,0.1257778923161402,0.025957968571997073,0.134177178252502,0.05795506338716492,False,False
36,approach,False,-14.799100017547607,-0.4752999305725094,42.0,2195.0,0.7200670885998686,False,nan,nan,0.6419473976387986,0.7185702418668629,0.04876998893425492,0.07270235232181593,0.021756001041926234,0.0317772006428729,0.021756001041926234,0.11910815457479942,0.04857353979526203,False,False
37,approach,False,-15.35700044631958,-0.5579004287719727,36.0,2166.0,0.8844563674277579,False,nan,nan,0.6535145463009603,0.7982413080091371,0.07706979225825565,0.130612957586107,0.03300006269822349,0.14482256584242278,0.0450970769355745,0.1319272393523335,0.10068599725467639,False,False
38,approach,False,-15.83030014038086,-0.47329969406128036,47.0,2222.0,0.7417515563827963,False,nan,nan,0.6208399101984555,0.8085991064623843,0.010783948436706606,0.15808706786387,0.020839169297122415,0.24468883235754546,0.049114300196520966,0.12250805482951391,0.10965505151956619,False,False
39,approach,False,-16.43080005645752,-0.6004999160766609,45.0,2164.0,0.7594023095387554,False,nan,nan,0.479782767229686,0.5314751004573997,0.042456788517202346,0.2901053980916418,0.041465819801168834,0.34009837400261567,0.05788182175394761,0.11979901754658737,0.12922986016453653,False,True
40,approach,False,-16.781999397277833,-0.3511993408203118,39.0,2219.0,0.6020831468401179,False,nan,nan,0.4950260509002258,0.5433723687098287,0.028969280115331435,0.07556069732683005,0.020228747671362988,0.035364758938247205,0.019749236349291797,0.16274378298389355,0.04409313622892835,False,True
41,approach,False,-16.895200157165526,-0.11320075988769318,43.0,2328.0,0.4705457327311324,False,nan,nan,0.292184100209149,0.34282530334314293,0.05914901040749355,0.16122142874481604,0.057095850946043344,0.1280284511065492,0.06683258285944013,0.10268667778293787,0.14921377862076723,False,True
42,dwell_start,False,-16.51570072174072,0.3794994354248047,37.0,2385.0,0.021231234063604262,False,nan,nan,0.08010413996103612,0.09449791504956392,0.0542474429900271,0.09207661371551498,0.021336503077144457,0.07391424821704397,0.023629474300835136,0.22108579631586592,0.05275635021715902,False,True
43,dwell_start,False,-16.516000747680664,-0.00030002593994282734,38.0,2392.0,0.10677784870630927,True,0.09154705291139495,0.10458609759052215,nan,nan,nan,nan,nan,nan,nan,nan,0.2335041703461236,False,False
44,dwell_start,False,-16.516000747680664,0.0,42.0,2496.0,0.01820293097625968,True,0.010147350644746549,0.013086985293876412,nan,nan,nan,nan,nan,nan,nan,nan,0.02921866016402033,False,False
45,dwell_start,False,-16.516900253295898,-0.0008995056152336645,42.0,2552.0,0.07698335997842973,True,0.07645612023342425,0.0842423459108003,nan,nan,nan,nan,nan,nan,nan,nan,0.18808368935351893,False,False
46,dwell_start,False,-16.517000198364258,-9.994506836008554e-05,35.0,2535.0,0.2516501967765377,True,0.2396664825982341,0.253275812695722,nan,nan,nan,nan,nan,nan,nan,nan,0.5654762905850526,False,False
47,dwell_start,False,-16.517000198364258,0.0,39.0,2541.0,0.4600348610109947,True,0.4541433118207857,0.5290334072003866,nan,nan,nan,nan,nan,nan,nan,nan,1.1811465355305883,False,False
48,dwell_start,False,-16.517000198364258,0.0,31.0,2547.0,0.19932008301051393,True,0.19732643020473395,0.1990620710933377,nan,nan,nan,nan,nan,nan,nan,nan,0.44443597025694165,False,False
49,dwell_start,False,-16.517000198364258,0.0,41.0,2523.0,0.23400780472322844,True,0.23885313105966624,0.285210953977744,nan,nan,nan,nan,nan,nan,nan,nan,0.6367762897411599,False,False
50,sweep,True,-16.327099800109863,0.18990039825439453,31.0,2543.0,0.06348002319858304,False,nan,nan,0.16420702499986048,0.17709698827059508,0.036550094524764404,0.04703104280847046,0.054828888518023235,0.20128126950252395,0.055306653438287154,0.07863490309043071,0.12348041014294577,False,True
51,sweep,True,-15.830100059509277,0.49699974060058594,38.0,2391.0,0.6111735011274104,False,nan,nan,1.138131657447368,1.2777710781633242,0.2339504113591427,0.5813135373204372,0.020639927298860865,0.15125969544246998,0.019082876312301177,0.07139707400894088,0.04260538736771252,False,True
52,sweep,True,-15.317099571228027,0.51300048828125,42.0,2362.0,0.7439314679837057,False,nan,nan,0.653838683068833,0.7329542686973054,0.21017975011531687,0.4174500463393259,0.02892543319816141,0.07338732695248754,0.036275347728511986,0.09357813432050027,0.08099016189060815,False,False
53,sweep,True,-14.75340003967285,0.5636995315551765,37.0,2267.0,0.5972634970966934,False,nan,nan,0.9764726796455268,1.244387624460595,0.10401148636980184,0.13511047674124355,0.10100752238424039,0.18939186250382212,0.1259045091428158,0.1554639424921807,0.2811007258855155,False,False
54,sweep,True,-14.281200408935547,0.472199630737304,45.0,2337.0,0.709517107553544,False,nan,nan,0.5409682903385072,0.619486515910758,0.021674890773305342,0.26769651941717304,0.024974400585207848,0.23633294531483387,0.027136354304834874,0.13548196466563683,0.06058598651397767,False,False
55,sweep,True,-13.734500122070312,0.5467002868652351,40.0,2335.0,0.8283008701256808,False,nan,nan,0.9083778756826215,1.0902070025781163,0.038904801339618246,0.3743374140293858,0.043328348522885834,0.43686055896590126,0.050104859592558684,0.151039314071441,0.11186662414039324,False,False
56,sweep,True,-13.245300197601319,0.4891999244689931,42.0,2376.0,0.7921724606065175,False,nan,nan,1.1065336296983375,1.2969098203274967,0.039254467688722774,0.13370666177890825,0.01881236501222005,0.12436246354271988,0.016780003401611746,0.11961120175090202,0.0374638777329575,False,False
57,sweep,True,-12.689799880981445,0.5555003166198738,32.0,2303.0,0.7958475244794452,False,nan,nan,0.6497421000500663,0.7111546172544515,0.039809966161465274,0.09203809592309126,0.025860162312843563,0.07868695338080228,0.025860162312843563,0.15281327359132532,0.05773669622437322,False,False
58,sweep,True,-12.202200222015382,0.4875996589660634,37.0,2351.0,0.5237835232933417,False,nan,nan,1.0385026863969082,1.146729841880726,0.1955531920360237,0.24531691369583355,0.037531330192192125,0.08595645683793693,0.039238772683216586,0.1110228841187109,0.08760645316997609,False,False
59,sweep,True,-11.622099781036377,0.5801004409790043,44.0,2323.0,1.1438650095286444,False,nan,nan,1.0100749644873699,1.4582421010967144,0.21349649757702407,0.2714320038185605,0.162702724438476,0.21345949539400977,0.1833395148165885,0.13500479020434059,0.4093330020450819,False,False
60,sweep,True,-11.123299884796143,0.498799896240234,22.0,2353.0,1.068707200756307,False,nan,nan,1.2025376752828103,1.40682268582436,0.3804467626960195,0.4922967263076692,0.3609203729739755,0.46258245554501265,nan,0.12037567151056645,nan,False,False
61,sweep,True,-10.5604998588562,0.5628000259399428,33.0,2358.0,0.9688511558900788,False,nan,nan,0.9053373638478077,1.282300948933004,0.5035221529932046,0.5851049990727375,0.51927798842327,0.6490637816230185,0.540663463607649,0.1519256380815375,1.2071123831434218,True,False
62,sweep,True,-10.069900131225586,0.4905997276306149,35.0,2395.0,0.642855088942828,False,nan,nan,0.8455993995160697,1.2002557078692677,0.4073905806448851,0.5744211829109609,0.2679275111357931,0.40350270681859574,0.3117495009420538,0.13038286804698504,0.6960275815845068,False,False
63,sweep,True,-9.515299701690674,0.5546004295349114,43.0,2381.0,0.741032274873209,False,nan,nan,0.5774807958554151,0.6539601031553861,0.15550199407893667,0.20545316263537478,0.13368890225981594,0.1760875059132969,0.15062243557657046,0.14683654372211769,0.3362872089608095,False,False
64,sweep,True,-9.03400011062622,0.4812995910644542,39.0,2384.0,0.31225548606840425,False,nan,nan,0.7263547327723555,1.2718104623118152,0.04580955765740754,0.15328300975025277,0.04625661814948579,0.12976868402677477,0.044270656113281646,0.14507660505926356,0.0988408886512195,False,False
65,sweep,True,-8.505300331115723,0.5286997795104966,59.0,2341.0,0.3449649869129522,False,nan,nan,0.3405320802402942,1.017286371875222,0.07685507040930177,0.20684520856246277,0.11064520854809741,0.27676653341958646,0.15486211231590918,0.14947004623658128,0.34575292402583707,False,False
66,sweep,True,-7.996900033950806,0.5084002971649175,52.0,2402.0,0.27457639872992357,False,nan,nan,0.31863824238234884,0.9754919198281097,0.06777675005030645,0.12522850842700675,0.08570902855931678,0.17835345207797268,0.10071427028499727,0.11168028686873682,0.2248597343882991,False,False
67,sweep,True,-7.431699895858765,0.5652001380920408,55.0,2346.0,0.4797410304837568,False,nan,nan,0.587917667609013,1.1473497288914145,0.32985639103850195,0.4482034167936574,0.3058903175006086,0.4171936036625552,0.3818031628668006,0.1521515762122722,0.8524329029828666,False,False
68,sweep,True,-6.920099878311158,0.5116000175476074,48.0,2374.0,0.5340369167889412,False,nan,nan,0.5630497650286277,0.6313690705601238,0.39502620615165773,0.546631276813448,0.5030912932817497,0.6596813577728158,0.6028132205110441,0.11553882831638351,1.3458710495176005,True,False
69,sweep,True,-6.37570013999939,0.5443997383117676,51.0,2394.0,0.6860531279507833,False,nan,nan,0.7245072328250662,0.9524411081630432,0.17692683242478657,0.31951623555898834,0.17562889694779774,0.2457938688667585,0.18754509797106705,0.1502550531785029,0.41872259806149487,False,False
70,sweep,True,-5.866900157928467,0.508799982070923,41.0,2431.0,0.6550220430888347,False,nan,nan,0.7164970134069416,0.8353357985668297,0.01809783610984503,0.11152713424590036,0.028192972472382838,0.10381025128935456,0.03565162452872611,0.11159419206395364,0.07959760617195182,False,False
71,sweep,True,-5.318900108337402,0.5480000495910646,37.0,2425.0,0.8526914655559286,False,nan,nan,0.9229101782209607,0.9784391802862892,0.0719614092905733,0.1410223177670498,0.033775177759793946,0.07079862599293489,0.03776243982707246,0.15282059593593833,0.08431031834258869,False,False
72,sweep,True,-4.820599842071533,0.4983002662658693,41.0,2445.0,0.8682319582909492,False,nan,nan,0.9820404695932328,1.0728181866242434,0.1637197546538314,0.20130023562566138,0.045784977405777985,0.08220856159273895,0.0498258959776818,0.11071137109723528,0.11124379597346405,False,False
73,sweep,True,-4.262299871444702,0.5582999706268312,48.0,2420.0,0.9277824793022649,False,nan,nan,0.7476851822687456,0.8778089762394998,0.04348009407093758,0.07319595921612142,0.012314737217518159,0.037825494385925806,0.01510518477928056,0.136175002480182,0.033724593622569944,False,False
74,sweep,True,-3.795800042152405,0.46649982929229683,50.0,2431.0,0.7576025357661174,False,nan,nan,0.7276577711576184,0.86753280912971,0.03715093469598224,0.09573966227540413,0.03927161049359132,0.09343869109070042,0.04759211905249991,0.14286666747134605,0.1062565535036754,False,False
75,sweep,True,-3.224799966812134,0.5710000753402711,48.0,2386.0,0.9378482748995667,False,nan,nan,1.040674454181926,1.219949504025692,0.0348548861240241,0.05702234471363425,0.034973777122945124,0.07165033151168207,0.04935124588619802,0.127181081459498,0.11018406835793941,False,False
76,sweep,True,-2.7406999349594114,0.48410003185272243,44.0,2412.0,0.787254954926745,False,nan,nan,0.9292386316098858,1.0367551042944245,0.0369143260496696,0.047333079335320716,0.01276683527077485,0.025991295547920748,0.01618988318188068,0.13160586351879094,0.036146345714005275,False,False
77,sweep,True,-2.1750999450683595,0.565599989891052,45.0,2434.0,0.8945847744689313,False,nan,nan,1.194275025131268,1.3351154425512997,0.06664884225101313,0.1045213499835825,0.01870348957857645,0.052693411418388486,0.02210943903156605,0.1323790284319017,0.04936264318893456,False,False
78,sweep,True,-1.6908000469207765,0.484299898147583,47.0,2425.0,0.7828176610850708,False,nan,nan,1.0039726059183474,1.150482679255164,0.03682664281152044,0.05084797851602588,0.017092697677074584,0.03846925364829398,0.018476170429885176,0.11831283056944236,0.041250825365864774,False,False
79,sweep,True,-1.109500026702881,0.5813000202178955,44.0,2400.0,0.8930174473411935,False,nan,nan,1.085480022888358,1.2280347546656236,0.17516721921616668,0.21124176144317192,0.035330137447511546,0.056506601063269477,0.04165067609779362,0.1359730628796374,0.09299138977962763,False,False
80,sweep,True,-0.6115000128746033,0.49800001382827763,45.0,2399.0,0.7737658913423762,False,nan,nan,0.9625389397584779,1.0523885365425354,0.03317123042159899,0.0585221449553299,0.01674408410596843,0.03387915069347694,0.01979668508408133,0.11576941057147266,0.0441990726555305,False,False
81,sweep,True,-0.03450000104494394,0.5770000118296594,50.0,2394.0,0.9349247395026148,False,nan,nan,1.0382488607885372,1.2694071199595183,0.027053366629016605,0.048677942092051986,0.026265409532393535,0.053808266637719315,0.03425224844629396,0.13118565684639621,0.07647328889978561,False,False
82,sweep,True,0.4453999951481819,0.47989999619312584,49.0,2421.0,0.7852608161036525,False,nan,nan,0.8439649119199923,0.9584901570131124,0.06896327153274151,0.12138213092135938,0.050379415503254366,0.06600190821630703,0.054718094983611465,0.1405652157406958,0.12216636499903652,False,False
83,sweep,True,1.007700002193451,0.5623000070452691,37.0,2397.0,1.0090670730153164,False,nan,nan,1.0002459921266043,1.1727394453987934,0.025375187579750966,0.04566305108083169,0.011774395417116567,0.035552772309997836,0.012134530302019024,0.13000776403360279,0.02709216134831313,False,False
84,sweep,True,1.5087000012397767,0.5009999990463256,43.0,2457.0,0.8188412348762611,False,nan,nan,0.9229525309268515,1.041074378468883,0.018431683879635445,0.030690471816249815,0.020850155595102667,0.04574025960066524,0.022557690976671083,0.1306596519589593,0.05036343297800947,False,False
85,sweep,True,2.0855999112129213,0.5768999099731447,47.0,2415.0,0.9290699854983245,False,nan,nan,0.8980452187386396,1.380691224357491,0.2252915017073665,0.2796868776668856,0.0221900956332619,0.21749552165269004,0.02758010460126498,0.14404454824732266,0.06157672569629657,False,False
86,sweep,True,2.5713000535964965,0.4857001423835752,45.0,2248.0,0.8484497842356934,False,nan,nan,0.9348647239950696,1.1454194384869671,0.06294250545263237,0.09973219333840916,0.033924623419461675,0.08038008956120478,0.03911826116933789,0.11927232696778053,0.08733739311597566,False,False
87,sweep,True,3.1160000801086425,0.544700026512146,41.0,2346.0,1.0011326676808974,False,nan,nan,0.958464126992085,1.1786097045849298,0.0528156226831647,0.12293459199840576,0.030844096745946074,0.0761879452737037,0.039413782137856124,0.1583923395941052,0.08799718806160892,False,False
88,sweep,True,3.5871999263763428,0.4711998462677003,57.0,2363.0,0.8050018973018565,False,nan,nan,1.0063580089255173,1.1863144277665154,0.022419535158842784,0.04772574282691788,0.04913957117621918,0.07786263626569691,0.056339041784045814,0.12802917824334412,0.1257853721761905,False,False
89,sweep,True,4.161099886894226,0.573899960517883,42.0,2219.0,1.0845196190195967,False,nan,nan,1.1028600823385604,1.3425676361736798,0.014056030673815327,0.027567451551342114,0.030608385132616198,0.05543590078219432,0.032192113612763376,0.13847974412253516,0.07187372847839837,False,False
90,sweep,True,4.668500137329102,0.507400250434876,53.0,2280.0,0.8473367753969703,False,nan,nan,0.9786885162572052,1.084768283751629,0.010908008559065624,0.034339287974475836,0.014937303845346906,0.029694331029947084,0.01598891065210277,0.10863348232378622,0.035697644357808915,False,False
91,sweep,True,5.210000085830688,0.5414999485015866,51.0,2193.0,0.9275559618695508,False,nan,nan,0.9475109518219059,1.2147397488323737,0.03409679358363001,0.13917160348991245,0.013755660940593384,0.03646961040845691,0.01594432711536841,0.1429547951819279,0.035598104916180526,False,False
92,sweep,True,5.698600006103516,0.4885999202728275,57.0,2151.0,0.884199337980588,False,nan,nan,1.1299028627374248,1.6611607363234082,0.017309923748515355,0.0581730259122116,0.012073230365709535,0.03993202596416915,0.015045556815267772,0.12038135344092145,0.03359146523756463,False,False
93,sweep,True,6.245000123977661,0.5464001178741453,63.0,2181.0,0.9829650279517775,False,nan,nan,1.010443394383858,1.139460929740351,0.03261826933657081,0.06361756704557213,0.01783250890462817,0.05420041439878753,0.024203750868358388,0.15010512971511922,0.05403850890304624,False,False
94,sweep,True,6.738699960708618,0.49369983673095685,58.0,2229.0,0.904490862389312,False,nan,nan,1.054336488959002,1.7047637583942372,0.05130487241550011,0.09126899613716875,0.03293583976949329,0.07899221523719477,0.03774881725772293,0.1293925946670472,0.08427990391058264,False,False
95,sweep,True,7.311900234222412,0.5732002735137938,48.0,2250.0,0.9118773404984181,False,nan,nan,1.2589054999278548,1.65643763395637,0.024336954920395476,0.04594253612189929,0.051959697501472446,0.16076419562850336,0.06548434719699568,0.1507804477663644,0.14620364001685132,False,False
96,sweep,True,7.806000089645385,0.49409985542297363,58.0,2087.0,0.9313923040299263,False,nan,nan,1.0495162835475673,1.4651051172653093,0.047110654672456106,0.059665301576829935,0.032148493336220094,0.07746292293143464,0.03774774496270809,0.130913239421766,0.0842775098509172,False,False
97,sweep,True,8.367299842834473,0.561299753189088,55.0,2010.0,0.9716770179581772,False,nan,nan,0.981977174434295,1.2270436862276495,0.0273673517166126,0.05877832988636002,0.017022460413463298,0.06873491423218159,0.023336607062218215,0.14357715232590063,0.05210248012208626,False,False
98,sweep,True,8.852100276947022,0.4848004341125485,60.0,2038.0,0.8614400150003997,False,nan,nan,0.9581637958179413,1.2158282642708986,0.09951995989614182,0.2864657926000499,0.02086592931379308,0.1053835255826619,0.03300860438112862,0.12516808215299557,0.07369666674509658,False,False
99,sweep,True,9.416699695587159,0.5645994186401371,53.0,2162.0,1.001729619688231,False,nan,nan,1.1600021716476836,1.634426838925696,0.028650918693384566,0.14486630561632208,0.041294397609730776,0.10735135325411628,0.053528707689495914,0.1642674422728798,0.11951087923437939,False,False
100,sweep,True,9.909000015258789,0.4923003196716298,58.0,2204.0,0.9240576611666462,False,nan,nan,0.9644228800892335,1.1809994579077847,0.03550055694239339,0.07580139486643726,0.015927206431816675,0.08432793810554243,0.023291428298916984,0.13266507051626736,0.052001611747752016,False,False
101,sweep,True,10.457900428771973,0.5489004135131843,56.0,2050.0,0.9441066908091524,False,nan,nan,1.256633985415906,1.5601310704449858,0.013564669379888837,0.03106348248769136,0.017793523519432072,0.03413537985154932,0.017793523519432072,0.1586679608303358,0.03972671361356681,False,False
102,sweep,True,10.948999691009522,0.4910992622375492,64.0,2016.0,0.8521096137684858,False,nan,nan,1.0924004010842667,1.4111254762572087,0.04546499806672351,0.0938588292137629,0.01709473946033905,0.09115225634079963,0.021855050068681575,0.1238223733807646,0.048794681623372395,False,False
103,sweep,True,11.480999851226807,0.5320001602172848,72.0,1949.0,0.9883333495791191,False,nan,nan,1.0184458409288313,1.5619517986863902,0.03167790755321491,0.06467256672235404,0.021127772624404642,0.2011425267551612,0.02683132029920683,0.16641247142716897,0.05990495228426198,False,False
104,sweep,True,11.964400386810302,0.4834005355834954,70.0,2287.0,0.904123443860706,False,nan,nan,0.9997133224831084,1.5912627989376396,0.05551568092037606,0.08603749958568549,0.028713990483284407,0.254133159077779,0.0434390718456081,0.18339613931209447,0.09698425188046769,False,False
105,sweep,True,12.513600158691407,0.5491997718811046,65.0,2208.0,0.9940858638488993,False,nan,nan,1.1766660110262763,1.669057149061663,0.05631112998254127,0.08514424006327218,0.018247257722065292,0.03842042241866871,0.022885955173230756,0.20166177773539573,0.05109633209785338,False,False
106,sweep,True,13.013200187683106,0.49960002899169886,63.0,2175.0,0.9492535390609242,False,nan,nan,1.0167594154532082,1.600900270850105,0.03983764151858331,0.09417355430688226,0.022484376919427243,0.03374298507127125,0.030965861668064837,0.15093936733705585,0.06913593684472238,False,False
107,sweep,True,13.57070016860962,0.5574999809265133,63.0,2016.0,1.0526272745547898,False,nan,nan,1.0430550720286877,1.28587922620226,0.04913705535419139,0.06624128947509843,0.018784029614320616,0.03349595667061995,0.02884986126559398,0.1877664995516924,0.06441164815039216,False,False
108,sweep,True,14.082200241088866,0.5115000724792473,63.0,2133.0,0.8999016106484994,False,nan,nan,0.7738993099740189,0.9255949213011767,0.039554115398560005,0.07290753357609908,0.03750844148694195,0.12801177081366744,0.048086247503739424,0.14874610486996426,0.10735976948275171,False,False
109,sweep,True,14.631899642944337,0.5496994018554702,57.0,1949.0,1.0199178676148037,False,nan,nan,0.9594884755884983,1.3056639980259572,0.039867296584934334,0.10043251121915422,0.03178540846768815,0.04746821199995202,0.037611928807249784,0.17036392195388275,0.08397427988603165,False,False
110,sweep,True,15.129599952697754,0.4977003097534176,58.0,1910.0,0.9251449019212146,False,nan,nan,1.0654053387243407,1.3207211464351667,0.017503314213499523,0.03221694410763229,0.0288960847815185,0.04788445969049594,0.03329314947362497,0.14570643343959166,0.07433195639907676,False,False
111,sweep,True,15.68439998626709,0.5548000335693359,59.0,1962.0,0.9576998903852281,False,nan,nan,0.9205338582679409,1.362652025874762,0.017844418031725318,0.09966565682880796,0.01813496517382377,0.038869465216623475,0.02021782405016271,0.15435642127021587,0.04513932864691733,False,False
112,sweep,True,16.1849006652832,0.5005006790161115,63.0,2119.0,0.8296715037107142,False,nan,nan,0.8172290259226008,1.0189975900504304,0.021427744444702575,0.07776341766697945,0.015540594313603983,0.026496203036921517,0.015997818455811445,0.1510896114988269,0.03571753236742511,False,False
113,sweep,True,16.749000358581544,0.564099693298342,63.0,1906.0,1.0048459749657839,False,nan,nan,0.9336256589584626,1.3709348933842378,0.02006303795672225,0.036556311739291726,0.017274445649829,0.040144577663734776,0.023044516051171707,0.1735801853959419,0.05145034307164375,False,True
114,sweep,True,17.14260063171387,0.39360027313232493,53.0,1818.0,0.9011512798920499,False,nan,nan,0.858774289529233,1.0942720281189442,0.05274096914818627,0.06727691321817733,0.011673338052829864,0.02584403634374332,0.017448669202783443,0.18710487108058899,0.038956774559003454,False,True
115,sweep,True,17.285600852966308,0.14300022125243927,68.0,1890.0,0.4824338957295897,False,nan,nan,1.1618391115112203,1.3304067187145732,0.09179084589324493,0.13084011673664617,0.01849850482009567,0.036866902181058356,0.02594133610822459,0.13392457642358785,0.05791792891381253,False,True
116,dwell_end,True,16.513999938964844,-0.7716009140014641,62.0,1885.0,0.020825562320266826,False,nan,nan,0.0879249404796524,0.10572085190234407,0.035679979685565404,0.05428370111058455,0.022877793745794704,0.04026628870937271,0.03304926552623892,0.39266696807844625,0.07378744885833191,False,True
117,dwell_end,False,16.516000747680664,0.0020008087158203125,56.0,1898.0,0.020261700064059376,True,0.0073964807231565,0.010348802208421564,nan,nan,nan,nan,nan,nan,nan,nan,0.02310525518615963,False,False
118,dwell_end,False,16.516000747680664,0.0,66.0,1906.0,0.15396340992989743,True,0.1500007014683347,0.17359155541636104,nan,nan,nan,nan,nan,nan,nan,nan,0.3875692186670119,False,False
119,dwell_end,False,16.516000747680664,0.0,64.0,1978.0,0.04298390977446659,True,0.03463633939702649,0.06683034556573379,nan,nan,nan,nan,nan,nan,nan,nan,0.14920878352655534,False,False
120,dwell_end,False,16.516000747680664,0.0,57.0,1942.0,0.043776661903368805,True,0.03735238715348099,0.05027051478066008,nan,nan,nan,nan,nan,nan,nan,nan,0.11223647422709017,False,False
121,dwell_end,False,16.516000747680664,0.0,58.0,1945.0,0.03036364264938242,True,0.024146678538084287,0.030838959445829695,nan,nan,nan,nan,nan,nan,nan,nan,0.06885260857451468,False,False
122,dwell_end,False,16.516000747680664,0.0,64.0,2008.0,0.07459818341023974,True,0.07408945910704283,0.08917691034775024,nan,nan,nan,nan,nan,nan,nan,nan,0.1991008455665824,False,False
123,dwell_end,False,16.516000747680664,0.0,59.0,2018.0,0.03468400990555716,True,0.03180372064045887,0.03811263252291123,nan,nan,nan,nan,nan,nan,nan,nan,0.08509217613044934,False,False
124,dwell_end,False,16.516000747680664,0.0,60.0,1884.0,0.0832533235151555,True,0.07601135487814402,0.0886333203025184,nan,nan,nan,nan,nan,nan,nan,nan,0.19788719915042838,False,False
125,dwell_end,False,16.516000747680664,0.0,73.0,2037.0,0.06753553154155154,True,0.0654474092730401,0.08088393796853692,nan,nan,nan,nan,nan,nan,nan,nan,0.18058553923310455,False,False
126,dwell_end,False,16.516000747680664,0.0,64.0,1947.0,0.11980257287480037,True,0.11720058272624108,0.13766913714755208,nan,nan,nan,nan,nan,nan,nan,nan,0.3073670248006178,False,False
127,dwell_end,False,16.516000747680664,0.0,57.0,1912.0,0.02374667963462138,True,0.0082994380442739,0.02404871082564739,nan,nan,nan,nan,nan,nan,nan,nan,0.053692358722690535,False,False
128,dwell_end,False,16.516000747680664,0.0,65.0,1912.0,0.04733501076791665,True,0.044185820224635,0.05943034648866243,nan,nan,nan,nan,nan,nan,nan,nan,0.13268717420311676,False,False
129,dwell_end,False,16.516000747680664,0.0,63.0,1917.0,0.07362484024467858,True,0.07655290876050808,0.09380913149432568,nan,nan,nan,nan,nan,nan,nan,nan,0.20944297497584424,False,False
130,dwell_end,False,16.516000747680664,0.0,69.0,2057.0,0.061081298377193206,True,0.06467697114048614,0.10614136322885989,nan,nan,nan,nan,nan,nan,nan,nan,0.2369765344644383,False,False
131,return,False,16.461100006103514,-0.05490074157714986,71.0,1911.0,0.024258489219688054,False,nan,nan,0.030155545720805775,0.06737597912378109,0.03880567966877851,0.06439623645394993,0.01235923836331905,0.05573500784794842,0.01589179851452696,0.028770473288000982,0.03548082692568749,False,True
132,return,False,16.273399925231935,-0.1877000808715792,63.0,1959.0,0.22086805788677336,False,nan,nan,0.59904447811189,0.6488346013444657,0.11989247947760337,0.14890244029603206,0.026360813051553966,0.06932284897423871,0.04505599938312268,0.045312454381687635,0.10059428544951213,False,True
133,return,False,16.03460063934326,-0.23879928588867472,68.0,2011.0,0.45006197826644445,False,nan,nan,1.0139364272393472,1.1841299950573831,0.09818310299041652,0.1381865773061145,0.018275761216517118,0.02984684464416039,0.02243773627132317,0.07579617521776498,0.05009561608267943,False,True
134,return,False,15.621800422668457,-0.41280021667480327,65.0,1862.0,0.7145353136342943,False,nan,nan,0.7023948617495158,0.8948265160950423,0.029984846467921884,0.055791906767811615,0.02655597154143585,0.06391778322248036,0.030308183252231335,0.09808551337585715,0.06766757100660671,False,True
135,return,False,15.161700344085693,-0.460100078582764,61.0,1831.0,0.8129054211113834,False,nan,nan,1.1461258852587841,1.3474349530611827,0.014213352543753041,0.03136802741177168,0.011202344804581812,0.0344688398108167,0.014726095122193457,0.10763219818130738,0.03287821902877363,False,False
136,return,False,14.51800012588501,-0.6437002182006832,65.0,1801.0,1.1071685163777905,False,nan,nan,0.9776550954054728,1.2919328076752954,0.26638608411164005,0.30120766136835386,0.04837124175730171,0.0782911625375672,0.05376035445629868,0.15561356502889906,0.12002806543160628,False,False
137,return,False,13.897100353240967,-0.6208997726440426,66.0,1867.0,1.1109702434847564,False,nan,nan,1.1006593779621363,1.3971697414078355,0.10995993818435915,0.1551154740078669,0.05079680758536645,0.08074101880344102,0.057961420360276995,0.18787983027810434,0.12940757600784505,False,False
138,return,False,13.057999992370606,-0.8391003608703613,54.0,1789.0,1.3716522543703997,False,nan,nan,1.2021766953163824,1.5327381057707852,0.02189100715917757,0.045028879085524436,0.013867256275555833,0.029968696977334248,0.016273852767285962,0.225741501603074,0.036333820424565136,False,False
139,return,False,12.22690029144287,-0.8310997009277354,45.0,1810.0,1.4833843823236776,False,nan,nan,1.3401064845816435,1.5611871997622522,0.019118582769360726,0.037703359342010315,0.019417963279564375,0.02789879970952746,0.02287147443465607,0.21177083608427266,0.05106400167416629,False,False
140,return,False,11.230299854278565,-0.9966004371643056,54.0,1708.0,1.7466717955497115,False,nan,nan,1.7444641564358705,2.5917861807438296,0.23991562024244065,0.4198392282104305,0.019147150507177392,0.134157279133271,0.0323789853702863,0.2867687900724252,0.0722909477427824,False,False
141,return,False,10.357000160217286,-0.8732996940612789,52.0,1943.0,1.7394129961817657,False,nan,nan,1.56959936558688,1.9081755246846979,0.057773758108305526,0.09164837189032568,0.040814675101600445,0.0784525645523447,0.049047519930307586,0.312606897798197,0.10950595454571503,False,False
142,return,False,9.279799652099609,-1.0772005081176772,50.0,1882.0,1.8988833829720386,False,nan,nan,1.903472012638526,2.1995164609753233,0.04304916819196164,0.07552283998287557,0.032030602089195295,0.0965525382319396,0.045651048898842875,0.3814466180749131,0.1019228228620764,False,False
143,return,False,8.3371000289917,-0.9426996231079094,55.0,1921.0,1.827361199779292,False,nan,nan,1.7675484636337953,2.5763312683560935,0.047763070728271656,0.24214771563287044,0.033781093310902746,0.13062822943530783,0.04665060744768397,0.32039067248088715,0.10415448744309302,False,False
144,return,False,7.11710000038147,-1.2200000286102295,39.0,1866.0,2.066755012267377,False,nan,nan,1.8396655288622825,2.296761372560493,0.038257551925618936,0.060761380993581596,0.04274647556170725,0.06782565513560507,0.052266802044592414,0.27339744590766857,0.11669348536027252,False,False
145,return,False,6.149599885940551,-0.9675001144409183,43.0,1788.0,1.7107235226227726,False,nan,nan,1.4884514075449564,1.8119077104895833,0.5013984810548016,0.7791945746390728,0.042760843255970925,0.062059013988944436,0.0511261819709548,0.26264860090682707,0.11414687973953634,False,False
146,return,False,4.934899950027466,-1.2146999359130852,51.0,1751.0,2.3028669337488816,False,nan,nan,2.061038772682645,2.8252844751751676,0.05268300854607779,0.06365490929377379,0.023113440792894784,0.06058498191528946,0.030108670401614444,0.3046993633731599,0.0672221286033622,False,False
147,return,False,3.9590999603271486,-0.9757999897003176,40.0,1826.0,1.7413821786349692,False,nan,nan,1.5259935773588933,1.9271319264171543,0.03649937609723649,0.11409021891956608,0.0378882705118911,0.06462126864683303,0.035147178203696935,0.2708987619296666,0.07847135399002927,False,False
148,return,False,2.8399999380111693,-1.1191000223159793,39.0,2020.0,1.955256126569055,False,nan,nan,1.6268332150516494,2.338946971814134,0.018596492645187895,0.03147861329364474,0.01998585942280706,0.09311635808572219,0.01969558211517816,0.284118567730495,0.04397334509309963,False,False
149,return,False,1.9775999903678894,-0.86239994764328,42.0,2205.0,1.4911221503080325,False,nan,nan,1.2758993120954951,1.8002830479741063,0.04642468155790346,0.0602045053894754,0.0355973841657872,0.059397667649751774,0.03883423287701861,0.2393689992072311,0.08670325729600745,False,False
150,return,False,1.1497999548912048,-0.8278000354766846,38.0,2259.0,1.6717782971176485,False,nan,nan,1.5106664896916988,1.9515726953068375,0.08551820211978098,0.1234497419690854,0.022469903160190152,0.13965007169413698,0.02506774713171729,0.2694891535208779,0.055967510322026945,False,False
151,return,False,0.5282000094652175,-0.6215999454259873,35.0,2368.0,1.25544469687693,False,nan,nan,1.2022303920014892,1.5988676485514586,0.030651807313326025,0.05768840762429643,0.01784735761915636,0.03244197890235083,0.01778803863610431,0.17461355353489433,0.039714467787779255,False,False
152,return,False,-0.047700002789497375,-0.5759000122547149,36.0,2479.0,0.9777977018126274,False,nan,nan,1.0156734015931024,1.1802842215441798,0.07086744253691421,0.12091452353705619,0.020950113306566855,0.02776323457265608,0.01934459317767793,0.16937734916273497,0.043189709576144604,False,True
153,return,False,-0.34240001291036604,-0.29470001012086866,52.0,2536.0,0.5200528194837853,False,nan,nan,0.6913320566254207,0.8374635501502795,0.054419060096197694,0.07607752171191519,0.05847824073957565,0.07530240924813873,0.06184208566627322,0.15971044131874768,0.1380717441290749,False,True
154,return,False,-0.5719999879598617,-0.2295999750494957,46.0,2515.0,0.8259149026083945,False,nan,nan,0.9829216077593125,1.1319644831257323,0.0544576368369175,0.2878700153473131,0.03254578711151377,0.23333296164723094,0.039262834583641486,0.12130627325368311,0.08766017497646002,False,True
155,return,False,-0.6988999843597412,-0.12689999639987948,39.0,2321.0,0.30923340471670285,False,nan,nan,0.15715972871397788,0.38617060105697176,0.23020880427546456,0.3400627769583884,0.0423539472659257,0.10388288251018225,0.046482106091735136,0.08871401787347742,0.1037782828592192,False,True
156,return,False,-0.35959999561309813,0.3392999887466431,40.0,2326.0,0.12490259358415452,False,nan,nan,0.06874073662887259,0.1258757070070327,0.13418343499364085,0.1897320524514287,0.03841447882292569,0.05529605479349685,0.042875832779982484,0.2554950237961927,0.09572673607525657,False,True
