frame,angle,dangle,n_body,n_bg,body_flow,affine_med,affine_cl,epi_img_med,epi_img_cl,epi_enc_med,epi_enc_cl,epi_enc_bg,alarm
2,-0.33000001311302185,0.0,461,2026,0.09949238205061887,0.09890962234768319,0.767971646322906,0.04115452000388098,0.5463119662348007,0.08806221671204412,0.6422766043079791,0.013191853412037473,False
3,-0.33000001311302185,0.0,455,2021,0.07885648188355499,0.07934722245535848,0.7525452977187506,0.037865385577612855,0.49881693452620635,0.05908041010223788,0.7327067519321139,0.013246561156818585,False
4,-0.33000001311302185,0.0,451,2014,0.06588149820303821,0.06898552541238007,1.937787354342956,0.04376629095943274,0.42949756206551737,0.04176537853993483,1.1579500608567552,0.013322910292227298,False
5,-0.33000001311302185,0.0,448,2025,0.06331506870039322,0.06577646301043588,1.5582711703876462,0.038336634801485955,0.4070057978663834,0.03384469623487495,0.6610174447104089,0.012687423256955287,False
6,-0.33000001311302185,0.0,453,2010,0.050169688453319546,0.05215241606864568,1.2970528823740863,0.03224287623991403,0.6190535281884948,0.03288174744757105,0.6099947408450619,0.012760895011663552,False
7,-0.3633000135421753,-0.03330000042915343,437,2040,0.0541751031757693,0.049853698347917856,0.5435995418771116,0.03072932612968606,0.3635629132495418,0.03703374746522644,0.4685778733111112,0.04333474579272617,False
8,-0.5168000161647797,-0.15350000262260438,466,2017,0.14085783867339152,0.4306865338517966,1.3292056364500384,0.036324711141972554,0.6011953696581509,0.03056060986749566,0.4422902943071461,0.05420240433512559,False
9,-0.9507999956607819,-0.4339999794960022,476,1985,0.46951021002593407,1.4991476286663343,5.780317813345787,0.13466044300531005,0.532576715530424,0.046748925830656804,0.41247826892857414,0.05085243506397211,False
10,-1.8077999711036683,-0.8569999754428864,516,1855,1.056154377599042,4.520861413256913,12.650198596315239,0.3411091560009009,0.7009258497419408,0.10697200753946845,0.8562593648339166,0.14874252881870462,False
11,-2.474899983406067,-0.6671000123023987,562,1810,1.1189094145010077,4.309130832293937,11.27070132700186,0.07040239526690548,0.8910439207934642,0.18297288830931221,0.9341714812692401,0.37886351300247234,False
12,-3.0344000101089477,-0.5595000267028807,552,1804,0.7750043762546386,3.0947764446892467,5.206776615637784,0.11050741149872255,0.7126720241426633,0.1222864836579713,0.7922259449109494,0.1932288098809343,False
13,-3.5229000806808473,-0.4885000705718996,542,1875,0.7085875682913785,1.9197327956808787,6.590032063450183,0.061008509268367386,0.19354434621277827,0.09344301926420213,0.3233853408462145,0.18634627860716896,False
14,-4.094999885559082,-0.5720998048782344,500,1854,0.8178410328502583,3.1076140902209772,8.475485134289357,0.2625952851893972,0.4698425129278295,0.10346281222119272,0.3192042691219513,0.1836881731822395,False
15,-4.5613000869750975,-0.4663002014160158,493,1881,0.7370401382353441,2.6022770821928054,6.084139842354691,0.0506284776281787,0.23582949598752076,0.09752195403972516,0.2960130083936501,0.19536040968840535,False
16,-5.120499992370606,-0.5591999053955083,505,1861,0.8046199625273716,2.833410191947543,8.931607995177822,0.06165225384065107,0.15575508264396762,0.08878599810022388,0.34237291425172023,0.20037491720441813,False
17,-5.619700002670288,-0.4992000102996821,535,1862,0.7157240063716398,2.784869372470301,8.881724408419753,0.1006599390025112,0.25823656233832126,0.09172950597074316,0.2551593142664728,0.16412017726468253,False
18,-6.174799966812134,-0.5550999641418457,525,1860,0.8779564424398683,3.087437950517355,12.315898691757392,0.16701148942401023,0.4779395355641679,0.1230132392316045,0.33306905467109826,0.21320921439354465,False
19,-6.677899932861328,-0.5030999660491942,494,1894,0.761187334422611,2.1287166600114604,9.751104209644748,0.11144812048244004,0.3334714949113311,0.08500972547822719,0.2516734913694046,0.15252975726416962,False
20,-7.2221002101898195,-0.5442002773284917,519,1880,0.8955561668803133,2.535444968733142,11.170289157195155,0.03759152102629214,0.40171418269754045,0.08744842715932644,0.4863458590753561,0.22486247206486115,False
21,-7.724600028991699,-0.5024998188018799,501,1905,0.7948292770747958,2.5228358506901842,9.976748313846102,0.052940428241944594,0.17973725778015717,0.07522388099448743,0.2571590917015616,0.1549083317009194,False
22,-8.0149001121521,-0.29030008316040057,494,1937,0.4370218599153054,1.4021291766480783,5.324734115493127,0.2944812242845455,0.4087192140689542,0.046908977308959626,0.14846371039986206,0.09115038306266263,False
23,-8.499900245666504,-0.4850001335144043,508,1908,0.7853320791138805,2.1187140921819267,9.276758644086794,0.11424867947251569,0.30114084173726313,0.07565189545010702,0.25890519111682625,0.17843334671356081,False
24,-9.046899604797364,-0.5469993591308597,481,1894,0.9471802432542605,3.0194259942168653,11.427865011578449,0.19894750068595218,0.42720741698791753,0.08057091569829204,0.33480483055517063,0.2188840813385423,False
25,-9.534100246429443,-0.48720064163207866,467,1948,0.7829914526239733,2.3382495415605242,9.17078390796173,0.18675722743653364,0.5118177300013398,0.07218691320886383,0.2796845938493491,0.17763985029229187,False
26,-10.072700023651123,-0.5385997772216804,479,1922,0.9871744028086517,2.902344953859222,10.961052579625365,0.052047766676306624,1.1400452784942083,0.06950933201710827,1.2534976128558601,0.22448751233667297,False
27,-10.38640022277832,-0.31370019912719727,461,1978,0.5046820948110943,1.419165704086737,4.735870854904553,0.38068321997590254,1.1949053786076238,0.03688503267840083,0.12347420000930034,0.058624182417865385,False
28,-10.837599754333496,-0.4511995315551758,494,1943,0.8514883830473294,2.492993805771655,7.279993414793076,0.09122425272341148,0.3885709904431457,0.08196356115706827,0.371132051057259,0.22702316649218376,False
29,-11.376600074768067,-0.539000320434571,487,1909,0.957879076862285,2.9818801156797337,10.70404824859645,0.13789967034163508,0.2838720344000126,0.07157716622762558,0.26831461419622626,0.23331091959621506,False
30,-11.883200073242188,-0.5065999984741207,458,1946,0.8922181051679962,2.6958505415994463,9.18747415507746,0.13172730405929783,0.3143334624301316,0.08466017313106043,0.21590258074954377,0.15328799541806648,False
31,-12.463399887084961,-0.5801998138427731,441,1906,0.9594513825953929,2.958800639230068,10.301611760295145,0.12085974142003357,0.29937556378858626,0.10047263272248082,0.3056675654125064,0.1894105121897024,False
32,-12.948300170898438,-0.4849002838134773,493,1903,0.8609358948097042,2.320447890096929,8.27601508292397,0.40436910495974293,0.7439078212196817,0.07403478339095275,0.24992673493839312,0.18584098190786857,False
33,-13.499299907684327,-0.5509997367858883,490,1917,0.9844346840072881,2.425501978415269,9.183865743217426,0.16218088264876795,0.4575994839558429,0.07129097794147551,0.286635322236344,0.2072892356496872,False
34,-13.986200141906739,-0.48690023422241246,482,1933,0.8847901724457481,2.295341366632771,8.056048155258608,0.20561543606460264,0.42682845084301446,0.06928876332476983,0.25353683048922127,0.17935856511021298,False
35,-14.552899837493896,-0.5666996955871575,536,1849,1.1621919568675283,2.833425058125104,9.468331876971355,0.0800130110470034,0.5312599340357913,0.09606348946292359,0.2604825529273733,0.2206807196073,False
36,-15.022999668121338,-0.47009983062744176,534,1861,1.0169581584792338,2.4739482776507193,8.100975647241668,0.14461333675396343,0.29701100053045726,0.06604188777238677,0.22216828936403915,0.2088428601821297,False
37,-15.584200286865235,-0.5612006187438965,508,1877,1.1772910409525825,2.7830072876409466,8.44836385661895,0.2083568139978883,0.35692352829624485,0.062190401061593514,0.2554704358898497,0.22304178753658394,False
38,-16.08080005645752,-0.4965997695922848,533,1854,1.0168419532777384,2.869423245807512,7.672327741738428,0.14798832660570582,0.4732699249867413,0.06515465507246872,0.2294841370444363,0.18193486382536944,False
39,-16.622900390625,-0.542100334167479,498,1884,1.131591830224997,2.7347438787994163,9.417031195336572,0.06852795869920184,0.21840945062345604,0.08070536611149029,0.24682177098844166,0.266870070764612,False
40,-16.858699989318847,-0.23579959869384837,482,1957,0.6368984243200835,1.708715240120557,3.5551045691426904,0.3111406180904587,1.43299302071593,0.07623797435686741,0.20854398508910554,0.2471244687364305,False
41,-16.55189952850342,0.30680046081542756,523,1990,0.20276004351426286,0.49758072092486877,0.8102295207563797,0.0419242425942236,0.1533487932831878,0.1294144364986068,0.4378936603550665,0.5127015183435424,False
42,-16.514999389648438,0.03690013885498189,519,2026,0.05291081107454466,0.07338840545241182,0.18171403805671354,0.07967019054362338,0.24221840913988163,0.037039249112879466,0.11353055737201984,0.060253590423627254,False
43,-16.51769962310791,-0.002700233459471235,542,2003,0.05223625656234882,0.05505019309737498,0.17956161132205506,0.05622723453003735,0.16396809736413587,0.03032593386221848,0.11221715503498081,0.012572410212158578,False
44,-16.51799964904785,-0.00030002593994282734,526,2001,0.053779795867326355,0.05441011717693266,0.12056607779557779,0.12640291138705217,0.23064367677489847,0.03705927552382682,0.12030303730234018,0.01132568899929755,False
45,-16.51799964904785,0.0,522,2006,0.046763576357747826,0.046772336514850986,0.13191354033506536,0.026196848241705026,0.09225048420836286,0.031028070093965524,0.12123710337100255,0.010958660817674493,False
46,-16.51799964904785,0.0,517,2017,0.039606102545285016,0.039929533394719594,0.1236868809640582,0.04867524406059552,0.1559845990192839,0.02059766299564305,0.10438254474152442,0.011542988904987374,False
47,-16.51799964904785,0.0,517,2008,0.053766937076651394,0.054071055282801206,0.11216814754404608,0.0438099465758483,0.10717634916522484,0.035674439677724185,0.11060863595812775,0.011194315949842694,False
48,-16.51799964904785,0.0,510,2023,0.049474269861757264,0.04930554253435322,0.19145921546383565,0.03333837909073169,0.1556194296351604,0.028157528964377183,0.15594379696705507,0.011526468858868735,False
49,-16.51799964904785,0.0,513,2024,0.05097504432636256,0.0509294967344883,0.4101566387632044,0.04320311697532018,0.3364470705455747,0.021199385414367004,0.16330740993874343,0.011863678834885549,False
50,-16.306500816345213,0.21149883270263814,530,2010,0.10685812134724185,0.352329995824773,0.6231978952571567,0.0342753529420218,0.18010448499139387,0.05559393475334791,0.17030535148127257,0.15408711306237993,False
51,-15.786300086975098,0.5202007293701154,504,1935,1.0613608960196268,2.1509702535527144,6.7201805668720525,0.18652207496882095,0.5554995637631212,0.036392112072400666,0.17042286234661008,0.08076244084920799,False
52,-15.28949956893921,0.4968005180358883,472,1943,0.8902716110877895,2.3337504979874,7.225707292831903,0.21582495592128248,0.44377898864979815,0.06336286602185442,0.17533627615706115,0.1579120359492841,False
53,-14.71660041809082,0.5728991508483894,517,1840,1.225282889405323,3.1666497645467913,9.081586302772703,0.0632768488478114,0.21005243661076795,0.07160285800889625,0.2150167255194576,0.21941262420987181,False
54,-14.247500324249268,0.4691000938415524,517,1871,1.001041737935801,2.4250486105478632,7.283524507111435,0.1909795219826616,0.3360447773926777,0.062176062717583705,0.2287062520611236,0.2124298646995773,False
55,-13.691000366210938,0.5564999580383301,524,1856,1.1883281624500137,2.6858844861689306,9.040151999498015,0.1728115361622628,0.263435133194287,0.07279082710279294,0.25400552098654117,0.21304351036512884,False
56,-13.223900413513183,0.4670999526977546,489,1897,0.9973841460316478,2.4777981923191126,8.376465503898807,0.39497482281646057,1.358388602224594,0.06805350833466145,0.2571689726047293,0.21499269057715664,False
57,-12.653500270843505,0.5704001426696781,537,1850,1.0707079209148789,2.9907338421461445,9.937725137577683,0.12905500713214063,0.3309576278176928,0.06923080692885597,0.3199762404634971,0.20371763418621713,False
58,-12.168700313568115,0.48479995727539027,476,1934,0.8901979754646072,2.3598750375874396,8.22561779857681,0.12171678950259598,0.3913368658522871,0.07564666298351265,0.22403765526583852,0.1765546779018498,False
59,-11.575499725341796,0.5932005882263187,460,1928,0.9831636984723826,3.0222598303710733,10.135536441713668,0.11699765192128042,0.42954558108879587,0.06826307220440755,0.31274844456578416,0.1651714345639272,False
60,-11.076799964904785,0.49869976043701136,457,1946,0.8529896352484605,2.5835483617145094,8.734726732278757,0.03921767057878672,0.17944046301640437,0.07307945639300087,0.22570800347836478,0.16676903229503812,False
61,-10.506800270080566,0.5699996948242188,451,1937,1.0312892997740795,3.1091413934853964,10.225570270493233,0.18533909117702524,0.3851755778725221,0.06654926154708775,0.27726407709560125,0.19569881784385404,False
62,-10.031600189208984,0.4752000808715824,462,1931,0.9404407130899999,2.5554422194712205,8.989475017149037,0.2664874366453203,1.25880005081445,0.119854790952374,1.6334461646495155,0.2014414830076226,False
63,-9.475800132751464,0.5558000564575192,448,1927,1.0257126385776743,2.7058583559208502,10.466384469548244,0.6014087725109936,7.057566242580737,0.3605690112291995,6.940638462105561,0.22373476828304958,False
64,-9.000000095367431,0.4758000373840332,452,1942,1.2315353429616187,2.1814491890315484,9.797123724896892,1.132068589334866,5.25638285642985,0.7845071554106163,4.812478624535421,0.2196193107761373,True
65,-8.473600101470947,0.5263999938964847,403,1941,1.8509847347598245,2.7896277622118633,11.22084775185394,1.461270458557647,7.26225516059897,1.371177336389178,7.13425772321723,0.25033572405337945,True
66,-7.953499841690063,0.5201002597808833,413,1942,1.2159201323267952,2.7342704653981715,9.637526968357452,0.3064323831479425,7.813397077106025,0.4964991552655293,7.974527061958549,0.1535685324812357,True
67,-7.378700208663941,0.5747996330261227,383,1857,1.9441885895629072,3.0924140538718166,15.355638473381916,1.3802614585484472,15.529818203712392,1.3639988426706617,15.407419072783082,0.2130591928136571,True
68,-6.637400150299072,0.7413000583648683,275,1914,8.754648314037894,9.57784999578969,18.4511025580631,7.251261106049641,14.21132543030168,7.283600634991032,14.15082226421098,0.3589230712083308,True
69,-6.122699928283692,0.5147002220153807,485,1854,1.1256009727595857,2.465001035427158,4.615733416593797,0.5574259631316998,2.8907559356426855,0.4474045401979749,2.8395492860886007,0.15604838689151168,True
70,-5.565900039672852,0.5567998886108398,490,1832,1.761023784841701,3.773377767830625,6.52560317618361,1.4461258455579087,4.0785806118531305,1.362024579549995,3.990607264143722,0.22006659529825423,True
71,-5.070300054550171,0.49559998512268066,391,1869,5.683601448179054,7.006103494910514,12.034279833797004,4.775491878234789,11.054625951251555,5.153995245537106,11.450874812290294,0.17343416047622146,True
72,-4.516800022125244,0.5535000324249273,380,1869,3.893171094241789,5.215670880435091,16.527521884519274,3.077272122238819,14.848116571938068,3.2242393490234353,14.997426778737822,0.22199176919041413,True
73,-4.025199890136719,0.49160013198852504,420,1915,2.2604526132981713,3.7906326075515384,10.909788491219032,1.3753999326243307,8.72435546378259,1.6492827801157592,9.476907268047874,0.17469645110666493,True
74,-3.4887000799179075,0.5364998102188112,349,1902,4.115615577243723,5.3067616349900195,15.326247098010523,3.3343729256288257,14.442211859824134,3.502743186556426,14.48536633095752,0.23904829383820209,True
75,-2.9623999118804933,0.5263001680374142,423,1829,2.3334035474400903,4.010662641117753,11.360398765817052,1.9712009587476298,10.388414959028875,1.8389279114371617,10.25387577436095,0.13887067091103067,True
76,-2.430699920654297,0.5316999912261964,356,1865,2.6899299452534424,4.484583631282227,10.251501340711702,2.5384142012015105,8.524179217022953,2.3233710567739854,8.345847739058806,0.24982903560129016,True
77,-1.9277000188827516,0.5029999017715454,315,1869,4.50288254173244,6.021830801675123,11.473858308628863,4.279269960480477,10.21692012980478,3.491826009008629,9.477923103269504,0.17264883212837046,True
78,-1.3640000462532043,0.5636999726295473,359,1877,4.699354069215352,5.746792385783263,14.243519924246854,2.509588288789126,15.197536163404195,2.791428511017778,14.640187753123536,0.20834165352499082,True
79,-0.8628999888896942,0.50110005736351,400,1904,1.1212129410580502,3.2002130915043283,5.310778763367651,0.5600682303211659,2.3701667876603256,0.2554104391617804,2.028484502658231,0.16540416509433925,True
80,-0.290800005197525,0.5720999836921692,459,1783,2.9678547911275563,4.3838077209312605,11.16784715851919,2.0073904043028343,7.342691338549708,2.409830044517429,8.054334174391244,0.18523433909233936,True
81,0.1921000063419342,0.4829000115394592,284,1850,7.455039750845787,5.856232962660448,11.734137044343964,7.195000555824754,12.328864114252656,7.181252223209054,12.291158690818095,0.1813454853029108,True
82,0.7545000106096268,0.5624000042676927,290,1833,6.220321054545541,5.662193442479422,18.69531831504962,4.241097983344559,13.788922224287958,3.9138160550837533,16.27969359884401,0.20668319110872302,True
83,1.2566999912261962,0.5021999806165695,381,1900,2.4631559316247538,2.3878813151273413,7.279228635978061,1.710129628402187,4.561455155771654,1.9729318160442362,4.681668601586875,0.15402393407383896,True
84,1.8314000487327575,0.5747000575065613,451,1854,2.106523609270496,2.4066338584849514,6.338905289568151,1.0585007727865425,3.001593769546761,1.5320392742358553,3.4627603956747786,0.1990125025593209,True
85,2.3194000720977783,0.4880000233650208,491,1885,1.8532592259332294,3.909835926006034,11.81013813838403,0.6883606987024725,6.641467845930013,1.3302379595468221,7.186220390048371,0.17368105308730408,True
86,2.869000029563904,0.5495999574661257,556,1823,1.0271545718462631,2.856377106610082,8.818833030828753,0.418884387561124,1.3763520877686408,0.3937899087884116,1.3263847259044659,0.2060969314435261,False
87,3.34590003490448,0.4769000053405761,547,1834,0.8835895196166765,2.6132171508326456,6.510998779777987,0.19983976721559868,0.5868639046897802,0.20903789977594484,0.5394409247442703,0.18207105910894075,False
88,3.9178999423980714,0.5719999074935913,572,1784,0.8942480643744185,2.929332148632998,8.608620315086014,0.3716654743530776,1.5862462322169892,0.16475073041125615,1.4309903622638576,0.1830456499813335,False
89,4.415300035476685,0.49740009307861355,572,1773,0.8387058440926516,2.489911527628459,7.27253352265894,0.26560617742636294,0.4815541682872577,0.10508818056519276,0.32342998996821026,0.16480330561229015,False
90,4.952599811553955,0.53729977607727,606,1757,0.9537027964796032,2.3119040879833612,8.243969779345967,0.18275384592319577,0.8016868966728878,0.12969199361781286,1.0566143074742058,0.21315162616648944,False
91,5.452299928665161,0.4997001171112059,592,1752,0.8788059533884922,2.1455993645943083,7.073108471149743,0.048846800778561995,0.1683829230926399,0.09237551860883125,0.3416973473293706,0.15009807882841325,False
92,5.994399833679199,0.5420999050140383,604,1712,1.0025298533515068,2.7815864502811456,8.01538821931591,0.12626316757780875,0.7434648550043449,0.12770894494387602,0.47644508205027114,0.21140439524831522,False
93,6.757099866867065,0.7627000331878664,572,1698,1.392028867340002,5.047664411267871,14.956020908848028,0.09826754747032107,0.8450760495267362,0.11111128447926602,0.9637934344065917,0.2765805016036781,False
94,7.33959994316101,0.582500076293945,625,1673,0.9911459509995624,2.576415959312051,8.899480656517543,0.12377653977334904,1.0568806969070892,0.12104644581152697,1.0862496207304022,0.163141538690087,False
95,7.850500106811523,0.510900163650513,637,1630,0.8991550872848261,2.250427345635177,6.398061675072105,0.1647176331344506,1.29736486145088,0.156589398836428,1.553555465845176,0.14541678684983106,False
96,8.409200096130371,0.558699989318848,660,1595,1.0662629166598563,3.1370992444949923,10.128029730282869,0.47071122845009167,1.158433403218435,0.0952707449967122,0.5425120205973681,0.17520538866518354,False
97,8.90869960784912,0.4994995117187493,689,1590,0.9120829207873847,2.3914643529722577,7.879570644190996,0.31803339736760494,0.790256531063223,0.0939682529108392,0.4801463874207821,0.15381120076549223,False
98,9.44860019683838,0.5399005889892585,677,1607,1.0833888307453179,2.6669826186809145,9.475716915498158,0.15942403817302664,0.3718014836279911,0.12138244467539437,0.5679327993915921,0.19089836555580952,False
99,9.963600349426269,0.5150001525878896,648,1612,0.9866247347693704,2.4823505973130926,7.763885396780741,0.1375478299721285,0.8129189075938856,0.09548115400703092,0.3891372219254102,0.1301372290505643,False
100,10.49220027923584,0.5285999298095714,697,1475,1.061913581901403,3.57534195591087,7.079254851754889,0.20874421603467183,0.6201797204303875,0.08696048154233488,0.5010083960790332,0.2210789659660788,False
101,10.983699703216553,0.4914994239807129,756,1506,0.9731834443312235,2.5246645993912367,8.463093464055751,0.17252650908354833,0.457468712455472,0.10649109409583578,0.83467721882084,0.1586371277318927,False
102,11.706699752807618,0.7230000495910645,736,1451,1.5664094383863236,4.513708031229122,13.275397792526984,0.1678029777366395,0.5721740164006985,0.14958190362096618,0.8031531315589936,0.3089411236003615,False
103,12.283199691772461,0.5764999389648438,815,1442,1.1406917518774726,3.317735819351372,10.755258607531973,0.09628470583915658,1.0605739425639324,0.10795566486198747,1.25162755475447,0.16705511307271353,False
104,12.778399658203124,0.495199966430663,852,1415,0.9927469505196318,2.53390266089547,7.819852871134665,0.4803850435618052,1.391380796203431,0.10117720434583381,0.8983779723685104,0.14917197289910375,False
105,13.334400367736816,0.5560007095336914,875,1413,1.1630406221013216,3.4399019806205655,10.844081456044025,0.08096155486932621,1.6614738309113095,0.12049133470830521,1.2834489298658616,0.19231816014699307,False
106,13.839500141143798,0.5050997734069824,820,1389,1.3316931881618204,2.532053409170834,10.23382692443555,0.9822516156079949,3.44336235017541,0.5158255196701802,2.287754802339248,0.14759472557221467,False
107,14.38630027770996,0.5468001365661621,770,1400,1.488503338488639,4.418425238376756,13.36922427536707,0.6027754818089063,4.472136868515837,0.8131979444403734,5.703053709898648,0.1957788214534446,True
108,14.876000213623048,0.48969993591308736,865,1293,1.4415185817311833,3.7374980874432366,9.793085437543343,0.835997740450904,2.9517113421993217,0.41235374914889805,3.7742867746054403,0.16585801027881422,True
109,15.436800098419189,0.5607998847961415,880,1326,1.3579645450335038,4.125710365885229,12.210801452819526,0.2592897257059399,2.388445178255826,0.31336062525183117,2.5374893807408765,0.18635713423379885,True
110,15.935700130462646,0.4989000320434567,862,1375,1.5260943699244827,3.983233682491389,15.431094230628087,1.5348758430481866,14.003928871825979,0.7776841238695882,12.414897588158304,0.15689792015771317,True
111,16.500199127197266,0.5644989967346206,1005,1286,1.3018180532259187,3.0230357965030046,8.324824522140062,0.3092330944147634,2.1510155002486364,0.19964266575575082,2.4541263811771623,0.17979401311594548,True
112,16.982000160217286,0.48180103302001953,968,1278,1.2614306473911832,2.6076086465579618,8.077854103272726,0.18064455946974461,2.4784928505784105,0.28360881604933963,3.4791458980741785,0.18736481594618307,True
113,17.252500534057617,0.2705003738403313,1080,1234,1.0412946312437863,1.8837635648718665,3.3244418550516777,0.4629480918646217,1.6899140917031628,0.21954041524389725,1.5605830434812695,0.2807436342657065,False
114,16.592300605773925,-0.6601999282836921,1075,1294,0.2057645247378795,0.541424465140301,0.7979125947180135,0.1005429026626433,0.7080379434992308,0.32854044051815295,1.858278704294921,0.6663208304486001,False
115,16.51300048828125,-0.07930011749267507,1041,1331,0.09638743907377613,0.10967239587883194,0.2899022922452582,0.06045273488478189,0.2159111784756183,0.0845079053925941,0.23322672310603856,0.08881804584934644,False
116,16.51300048828125,0.0,1043,1352,0.05110252951001143,0.06112626394465334,0.322615461388374,0.07819229126979493,0.3906965543357299,0.023713979736255913,0.30404068243966753,0.015110122638480135,False
117,16.514999389648438,0.0019989013671875,1055,1351,0.054694030717072156,0.06654744702442404,0.26468095705527317,0.03525777408083846,0.318056912868088,0.032863242228845756,0.18332910818682036,0.013417615360930524,False
118,16.514999389648438,0.0,1044,1354,0.03842297604899701,0.036288691766763734,0.18802118597064518,0.05112196363412887,0.192638851515788,0.026917793231796914,0.17832747813364083,0.016498641894508507,False
119,16.514999389648438,0.0,1042,1353,0.03978386863092319,0.04535995087769808,0.18852472156945868,0.06350492677514435,0.17057140816131394,0.02050030121655701,0.1572202881690131,0.014490579277926564,False
120,16.514999389648438,0.0,1050,1343,0.04392176941337059,0.047483978302744076,0.12985248845726632,0.03559836150877697,0.10946462328337409,0.020769707143497004,0.07920935115711719,0.015361576972439086,False
121,16.514999389648438,0.0,1055,1343,0.030739155125190737,0.031155948982368592,0.3026274196809685,0.03424336258928632,0.2495628861767045,0.01830606557577745,0.2507160950900905,0.015989165041140976,False
122,16.514999389648438,0.0,1035,1358,0.05162740853577115,0.04853789674176658,0.29596833844345294,0.0862371994267311,0.2561518849694898,0.031554791284427015,0.13885770292449295,0.01525342661183456,False
123,16.514999389648438,0.0,1021,1352,0.05415568359810695,0.05433487513876223,0.3933504252789565,0.04603044547198102,0.268644275126547,0.03234423153096104,0.22342776139963744,0.015697653385792286,False
124,16.514999389648438,0.0,1047,1344,0.04932798968448861,0.04883431426754864,0.35763915835809057,0.029072817181913645,0.32886620244433695,0.028487746435896147,0.34736933129397507,0.015289852356035704,False
125,16.514999389648438,0.0,1047,1350,0.061767149298546,0.06868819951080868,0.43303176611088584,0.07380287984352595,0.351010234049844,0.03588161876963866,0.36526601003657583,0.013268732518614133,False
126,16.42860050201416,-0.08639888763427805,1045,1350,0.06734315207328251,0.14043453625974944,0.259654732039724,0.05168398458513346,0.1475107114066117,0.034268953495335194,0.11313436198715505,0.049379722189726596,False
127,16.209900283813475,-0.2187002182006843,1033,1325,0.5141475739993516,1.015476307936493,1.587949089641497,0.19360900235412798,0.8707365236598765,0.0465498119574644,0.7729613352890492,0.049641559086951836,False
128,15.938199710845947,-0.2717005729675286,1017,1317,0.652992892275531,1.2048860917544482,1.8604695028230271,0.35986753460513987,1.1337410346666963,0.05266081519302938,0.9404329165043139,0.07066579900925342,False
129,15.510699558258057,-0.4275001525878892,1019,1301,1.0037961914530844,2.222296645043368,4.324705254456674,0.31227082013373186,2.3125906334554838,0.08223548961668357,1.604234292191685,0.11894539927378696,False
130,15.028900146484375,-0.48179941177368235,1022,1291,1.0881064421882796,2.563011345737232,7.485395460446941,0.301551782226789,1.4559446965983303,0.08712753950859675,1.837456060894594,0.1193350447182045,False
131,14.364400100708007,-0.6645000457763679,985,1239,1.4521664760286344,3.324181853984655,6.407652781932624,0.11656775144640161,2.4722193472482354,0.12023663787582613,2.582154302375862,0.17724617878633867,False
132,13.705499744415283,-0.6589003562927243,994,1256,1.4950319494302515,3.704366475505039,9.844089613842693,0.17043685810309786,0.6935166801214581,0.12160518786000148,0.7353528209626268,0.17827348094472129,False
133,12.841499996185302,-0.8639997482299808,977,1223,1.8910786088424625,5.2698886378777505,16.90114727776981,0.24986702166656719,1.6616323552260326,0.15595029661620688,0.8647584024309131,0.2494509749655054,False
134,12.003199672698974,-0.8383003234863278,953,1229,1.7532262380957409,4.8526851476549,14.792234081606079,0.5551428030712725,1.6358289895776863,0.13746411503314743,1.5243719437652548,0.23389354473989524,False
135,10.999899673461915,-1.0032999992370595,934,1217,2.039030944395275,6.548895052349028,20.168922341546576,0.0684274474363604,1.6077278648074182,0.1902857311754289,1.891172972548883,0.3216987809458144,False
136,10.097199535369873,-0.9027001380920421,942,1241,1.911288927372843,4.676475892995368,13.205529351852142,0.29801080881745345,2.5504389947888733,0.16297945028221397,2.4646204524697266,0.3141325058041408,False
137,9.546499824523925,-0.5506997108459473,878,1313,1.0703931434650034,2.9372478165707294,7.2459611354360085,0.30180174761238454,3.6226461735204545,0.09136026394699447,0.5012007743566896,0.14605361688629565,False
138,8.467700386047364,-1.0787994384765618,827,1255,2.1515924088112883,6.902362607278536,20.525791631501505,0.21854165002626993,0.8220825276358672,0.17694467364796057,1.0443868818411204,0.4029508347860519,False
139,7.449800109863281,-1.0179002761840827,796,1278,1.9249067757143505,5.448507129211048,15.974117633973105,0.26588444337230943,2.174531996186127,0.24362259234801897,2.3122947819982507,0.2852537094456987,False
140,6.865200090408325,-0.5846000194549559,761,1424,1.4535681443342021,4.406065750263548,13.512931319148873,0.6153698209669641,4.502930245236499,0.6044241329260099,4.751163142661079,0.165586143839363,True
141,5.8569999694824215,-1.0082001209259035,699,1378,2.361944176378992,6.805617734091813,22.338937883783892,0.5403592323178484,15.21513779003919,0.5643588246918095,15.191371505732054,0.3523617257735699,True
142,4.692099905014038,-1.1649000644683838,694,1342,2.5748161202598645,8.801816308914834,24.141220924831885,0.45827471545603043,7.126837013207703,0.6424291303270941,7.078683855806913,0.41875829288095495,True
143,3.69639995098114,-0.9956999540328977,676,1439,2.3206683616192088,7.215044273458277,17.34303899384492,0.889293023129728,6.447663816282265,1.1272578391659578,6.944699534830521,0.39483070951047045,True
144,2.625499987602234,-1.0708999633789062,570,1455,2.930963564967552,9.684856101077695,21.136470168609723,1.734829668358149,10.865586396767256,1.6093366402881875,10.54431614259546,0.43434131141617677,True
145,1.7717999815940857,-0.8537000060081481,475,1490,2.8056940336442366,6.6383635543900015,17.148128486245895,1.0078017614811112,6.940700796966453,0.8934656406352336,6.5835670160236655,0.3450717423432838,True
146,0.9796999990940094,-0.7920999825000763,242,1481,3.179091370189575,7.325324563972294,16.57231902000549,1.718438894247913,6.017016436024219,1.5353744569153764,5.710744192897764,0.43856701112529645,True
147,0.11409999802708626,-0.8656000010669231,183,1661,2.5110176356751146,6.90220566773906,40.290490981248695,0.8004911943419036,10.46025612230253,1.0751692905018861,14.924795503151689,0.4333404885122461,True
148,-0.31140000745654106,-0.4255000054836273,375,1857,2.7924619496040917,3.7008451895485344,12.337594606724839,1.7467623213661294,7.372156844170898,2.0334744611124953,8.235350549535772,0.22987832218423138,True
149,-0.5259999990463257,-0.2145999915897846,306,2101,1.795836914058719,2.341262777775349,6.1730616768672215,1.333283401793714,4.586902553495966,1.6026428102487484,6.835914556077348,0.1709155459576983,True
150,-0.6662000119686127,-0.140200012922287,344,2119,1.257523527550596,1.533605604597195,11.090601893009822,1.1419149895086702,3.972906810330505,1.1028626565365907,2.6910868142760758,0.1234353710978294,True
