frame,phase,exposure,angle,dangle,n_body,n_bg,body_flow,same_angle,static_med,static_cl,affine_med,affine_cl,epi_img_med,epi_img_cl,epi_enc_med,epi_enc_cl,epi_enc_cl30,epi_enc_bg,motion_mm,accel_guard,alarm
2,approach,False,-0.3319999873638153,0.0,755,1295,0.27516498473460455,True,0.23169932629471976,0.4674403100358014,nan,nan,nan,nan,nan,nan,nan,nan,1.0436306956263752,False,False
3,approach,False,-0.3319999873638153,0.0,617,1490,1.2110228805868393,True,1.1252358993665421,2.538765389047236,nan,nan,nan,nan,nan,nan,nan,nan,5.668175020679333,False,False
4,approach,False,-0.3319999873638153,0.0,639,1571,2.2750883474661614,True,1.9678546814867677,2.8852021435038195,nan,nan,nan,nan,nan,nan,nan,nan,6.44164710531058,False,False
5,approach,False,-0.3319999873638153,0.0,512,1678,0.9474937069113948,True,0.8568732947297061,1.5676453658534564,nan,nan,nan,nan,nan,nan,nan,nan,3.500003719268031,False,False
6,approach,False,-0.3319999873638153,0.0,565,1593,0.1939113370306058,True,0.17181490172773684,0.5314832436350212,nan,nan,nan,nan,nan,nan,nan,nan,1.186616163304566,False,False
7,approach,False,-0.3319999873638153,0.0,672,1554,1.0518495316665133,True,1.0385714625228655,1.5282804973214346,nan,nan,nan,nan,nan,nan,nan,nan,3.412115738177636,False,False
8,approach,False,-0.3319999873638153,0.0,599,1602,0.4909042623308115,True,0.45191885314508823,0.9512377335312141,nan,nan,nan,nan,nan,nan,nan,nan,2.123781103677608,False,False
9,approach,False,-0.3319999873638153,0.0,699,1441,0.1580867831192105,True,0.15254888242940473,0.28455602331283447,nan,nan,nan,nan,nan,nan,nan,nan,0.6353140586696585,False,False
10,approach,False,-0.3319999873638153,0.0,732,1354,0.17698778650201857,True,0.1744243262266125,0.3544042703792855,nan,nan,nan,nan,nan,nan,nan,nan,0.7912607605462256,False,False
11,approach,False,-0.3319999873638153,0.0,734,1341,0.06415209899636465,True,0.034492515124969994,0.11155239497593179,nan,nan,nan,nan,nan,nan,nan,nan,0.24905747550655882,False,False
12,approach,False,-0.3319999873638153,0.0,733,1358,0.08265551917002519,True,0.07948429603842908,0.166300196052733,nan,nan,nan,nan,nan,nan,nan,nan,0.3712901638201113,False,False
13,approach,False,-0.3319999873638153,0.0,751,1323,0.04563639851918845,True,0.04322272593779959,0.0912472093690867,nan,nan,nan,nan,nan,nan,nan,nan,0.20372309906377542,False,False
14,approach,False,-0.3319999873638153,0.0,742,1346,0.02565689742380264,True,0.019287483400991928,0.06948739115688012,nan,nan,nan,nan,nan,nan,nan,nan,0.15514103686257302,False,False
15,approach,False,-0.3319999873638153,0.0,729,1342,0.023499805304041468,True,0.014596118631147046,0.045116871063836717,nan,nan,nan,nan,nan,nan,nan,nan,0.1007301906188431,False,False
16,approach,False,-0.47559999823570254,-0.14360001087188723,740,1366,0.11716457659935298,False,nan,nan,0.33699700010822137,0.4085804051356925,0.13501920532015788,0.2428403142850053,0.02663174417029275,0.0728939062654797,0.06148569037411247,0.060075868559510665,0.1372760381133759,True,False
17,approach,False,-0.8248999893665314,-0.3492999911308289,740,1384,0.4739073969875969,False,nan,nan,1.1894036622036124,1.3829229090185948,0.07992630676241572,0.2179992051650489,0.020271744279160356,0.056911267064840385,0.04412097761034303,0.040393640403752304,0.09850670891363937,True,False
18,approach,False,-1.3601999640464784,-0.5352999746799469,739,1265,0.9114780396747376,False,nan,nan,1.7341581251073723,1.9671411599876087,0.10482559856154977,0.22361041770926338,0.02959895861196384,0.15901958363890642,0.09888793101674964,0.13233993632676577,0.22078215767946743,True,False
19,approach,False,-1.8720000386238098,-0.5118000745773315,725,1280,0.8737091784687285,False,nan,nan,1.9587338700324646,2.392937292496937,0.05785034650820269,0.12050239778538747,0.0352867398484698,0.09615123216319767,0.07675144731586195,0.14220532389171342,0.17135913320451376,False,False
20,approach,False,-2.409200096130371,-0.5372000575065612,714,1281,0.9955854340190728,False,nan,nan,2.032008288491297,2.4374737605797496,0.0467301887632164,0.17069011054810693,0.034318605281959874,0.18499992880728644,0.12163338743055802,0.20082010290760238,0.27156480519581905,False,False
21,approach,False,-2.9154000997543337,-0.5062000036239627,717,1348,0.8526814955725409,False,nan,nan,1.5892265913996753,1.8141663997293085,0.20363079336691442,0.3337511757349301,0.02456591814190075,0.13034605507092095,0.09599399742379572,0.13640100065574634,0.21432101630190903,False,False
22,approach,False,-3.469599962234497,-0.5541998624801634,708,1334,0.9789996472724536,False,nan,nan,1.8742082726513525,2.098898219480187,0.0501401663662335,0.1701073963182242,0.040712658054080975,0.21792332097481623,0.14838078635505708,0.19332641289344737,0.331282390407144,False,False
23,approach,False,-3.970999908447266,-0.5013999462127687,703,1344,0.8703205599167825,False,nan,nan,1.8140394176212074,2.1201214167567275,0.1396920063971152,0.27502288784148127,0.030741581680608594,0.16283371121756365,0.11990590543286272,0.1432020721499387,0.26770794219057525,False,False
24,approach,False,-4.508500003814698,-0.5375000953674318,713,1339,1.0053573113697722,False,nan,nan,1.921474716359664,2.2337232474937925,0.04572510521482918,0.11613595258001712,0.036729171963814124,0.21542119785320754,0.15382138766256526,0.19800771223489408,0.34342934993390295,False,False
25,approach,False,-5.0125,-0.5039999961853026,678,1393,0.8685366591857545,False,nan,nan,1.9034469804070917,2.1635514398424833,0.13374122453112453,0.32894219819734016,0.03613814289505019,0.19501047216249418,0.12774635512691396,0.14095754543583963,0.28521292366639106,False,False
26,approach,False,-5.550199890136719,-0.5376998901367189,699,1398,1.0113662052369305,False,nan,nan,1.864047266823006,2.0724596953834613,0.03528374694797967,0.12841105539861092,0.05742829344507509,0.2805845689869844,0.23690262363184147,0.2058232503545398,0.5289206869593168,False,False
27,approach,False,-6.064699792861939,-0.5144999027252197,692,1391,0.8597451202732577,False,nan,nan,1.9575601916285539,2.329837076581209,0.050099709866835464,0.17748321319299476,0.036102564997206335,0.15942769625774472,0.11260017989444326,0.13237819757764316,0.25139681270083974,False,False
28,approach,False,-6.596999979019165,-0.5323001861572259,677,1445,0.998753946883856,False,nan,nan,2.2129459905713746,2.5509117803381964,0.17544281602767542,0.31475382801886986,0.05083415737256787,0.23347255659395544,0.16966878228042118,0.1906203882852808,0.378811038491383,False,False
29,approach,False,-7.0986998081207275,-0.5016998291015629,663,1358,0.8677648556847868,False,nan,nan,1.3457366379449993,1.553358793643219,0.3209229685949553,0.4302507502917143,0.03431802464073955,0.13928355226196562,0.10941018248453652,0.13733197117083712,0.24427466438698908,False,False
30,approach,False,-7.6570000648498535,-0.558300256729126,672,1348,0.9914744474685401,False,nan,nan,1.7498296201813863,2.038822960246326,0.04662809946871829,0.18244595580401318,0.0429433338634025,0.20773181826674647,0.13888446870366,0.17420416734974542,0.31008043502666455,False,False
31,approach,False,-8.16680006980896,-0.5098000049591072,693,1334,0.8458869763926458,False,nan,nan,1.474400572907373,1.6525523738324894,0.044204416156377435,0.1244952578598266,0.03205007562015682,0.1753013386284505,0.1385363867147329,0.13594781018183927,0.30930328970898496,False,False
32,approach,False,-8.709799766540527,-0.5429996967315667,700,1326,0.962241844166599,False,nan,nan,1.9232961270734297,2.1931354696440266,0.05365921977256317,0.1826690217204608,0.03794624264025111,0.22439972788478713,0.12889717150630084,0.18243940438401432,0.2877822940710653,False,False
33,approach,False,-9.193100357055664,-0.4833005905151371,655,1415,0.833747973572858,False,nan,nan,1.8331826077143667,2.028560656360673,0.018329012743292742,0.11511918574293156,0.027212503246229744,0.09978510801756046,0.08531863017564102,0.16121133208615013,0.19048665561871206,False,False
34,approach,False,-9.743199729919434,-0.5500993728637695,667,1385,0.9481107958068926,False,nan,nan,1.9440333727636097,2.195751438281129,0.04936740911486218,0.13671282163840554,0.03447483229853373,0.17638576734110906,0.1414419336246021,0.17476944008065795,0.3157903595607263,False,False
35,approach,False,-10.222800350189209,-0.4796006202697747,646,1395,0.8222796679173139,False,nan,nan,1.4605156564419521,1.671005338674069,0.052706021823461624,0.24821316759567513,0.0302934415808915,0.10440537843917502,0.07676574866239091,0.15242611343377277,0.17139106310851643,False,False
36,approach,False,-10.773000240325928,-0.5501998901367191,661,1378,0.9040414325234111,False,nan,nan,1.0050648728091502,1.519441906483951,0.07662936601173417,0.24522580623648937,0.03911050602896012,0.16839123559132507,0.1306964257938537,0.18820388310502972,0.2917993994926832,False,False
37,approach,False,-11.258199977874757,-0.48519973754882884,640,1438,0.8294249752811442,False,nan,nan,1.4971457921313538,1.6932731621981263,0.14681367915555066,0.24140820451036504,0.034166877127449355,0.13950519255102245,0.10239925465438438,0.1518932206328133,0.22862171505575232,False,False
38,approach,False,-11.819100379943848,-0.5609004020690911,664,1382,0.9236845721140245,False,nan,nan,1.8322754221940813,2.143777051120522,0.057866553007828,0.13544289530640263,0.04054123114026996,0.14329678683345054,0.12368600620740547,0.17150470435531573,0.276147584891847,False,False
39,approach,False,-12.332399654388428,-0.5132992744445808,646,1429,0.829350380019248,False,nan,nan,1.1639641840910178,1.4498515628770394,0.060980689661932846,0.2682459534847444,0.04160943535121926,0.16107446566628097,0.13525367226620427,0.12382493506274075,0.30197413668151435,False,False
40,approach,False,-12.883600044250489,-0.5512003898620605,641,1430,0.9285414718235316,False,nan,nan,1.4951671412434666,1.8243380307563601,0.32609446655985463,0.45079966057049725,0.04059230238308682,0.1770842557990333,0.11909576248971578,0.18106925743451227,0.2658991763970379,False,False
41,approach,False,-13.393000030517578,-0.5093999862670895,610,1493,0.8091407515898607,False,nan,nan,1.5224071018363823,1.7205615158690355,0.4018492481520872,0.9943265065480369,0.029385256465487807,0.13657486953440506,0.11386647573144978,0.12748076591923582,0.2542240083381665,False,False
42,approach,False,-13.920499992370605,-0.5274999618530263,622,1464,0.9106085319993873,False,nan,nan,1.047546347209546,1.4758150206918226,0.10528823508205226,0.236066975765295,0.03886938274009919,0.23761497583473312,0.18391478890777413,0.19338353758650423,0.41061738785236046,False,False
43,approach,False,-14.423800468444824,-0.5033004760742195,615,1501,0.8084401918239481,False,nan,nan,0.9661386562606348,1.3984893034084454,0.12009304079957864,0.26782199628056447,0.029934579822625675,0.1281328957286711,0.08808135835418052,0.1445799610352826,0.19665486120323883,False,False
44,approach,False,-14.951300430297852,-0.527499961853028,611,1463,0.9173500319675807,False,nan,nan,1.7063256157921542,1.9233532647273464,0.12400060218865157,0.42014421866579194,0.04570708668254979,0.24074732328225942,0.18112680315900104,0.1891426040054141,0.4043927909489277,False,False
45,approach,False,-15.44850034713745,-0.4971999168395982,618,1449,0.7851378553572617,False,nan,nan,0.9840001747025222,1.5054585032769987,0.15148933499988682,0.28600473258276216,0.03808090040590158,0.10803067494155058,0.08813565359620647,0.13630828585017143,0.19677608348550288,False,False
46,approach,False,-16.018500518798827,-0.570000171661377,593,1479,0.9135165267045284,False,nan,nan,2.167590337514839,2.3377157014269327,0.14436697027880127,0.22088368875548187,0.04330619005727383,0.18696343564911067,0.16314318926693658,0.1638446926658824,0.3642416720293508,False,False
47,approach,False,-16.512400817871093,-0.4939002990722656,621,1460,0.8170873853293612,False,nan,nan,0.6701893894487961,1.4079061543201545,0.18615870606380067,0.5707998201100333,0.031806216948242066,0.11695353252790555,0.0830747111128354,0.15473242754799682,0.1854767693034609,True,False
48,approach,False,-16.80720043182373,-0.29479961395263743,647,1462,0.7234713236873271,False,nan,nan,1.3449619658192409,1.542168035584282,0.021380483264460046,0.08641222698148324,0.04578674546389014,0.15504008556382265,0.12960438434435284,0.2433369725201912,0.2893612529462115,True,False
49,approach,False,-16.543799781799315,0.2634006500244155,653,1487,0.1774287234275605,False,nan,nan,0.40966203501816717,0.6251724399427633,0.10709772011840352,0.20821936717224576,0.05308801398497702,0.32520583451943397,0.21232905856419737,0.4073135504786942,0.47405651231506923,True,False
50,dwell_start,False,-16.514299964904787,0.029499816894528408,616,1605,0.028482650825707286,False,nan,nan,0.07398603465266973,0.10737453919258921,0.012865037466940104,0.06261837652628567,0.020851498060294356,0.054189814434006695,0.03502599628842465,0.051561067500615856,0.07820079716423206,True,False
51,dwell_start,False,-16.513999938964844,0.00030002593994282734,616,1577,0.024061255381207555,True,0.005746962007528313,0.035673766877407476,nan,nan,nan,nan,nan,nan,nan,nan,0.07964704229087653,False,False
52,dwell_start,False,-16.513999938964844,0.0,669,1489,0.04046767487432454,True,0.026119590689466322,0.06977261475054684,nan,nan,nan,nan,nan,nan,nan,nan,0.15577784137231818,False,False
53,dwell_start,False,-16.513999938964844,0.0,713,1475,0.02318272527593261,True,0.010340026079034267,0.036915777716449105,nan,nan,nan,nan,nan,nan,nan,nan,0.082420018022955,False,False
54,dwell_start,False,-16.513999938964844,0.0,667,1496,0.017441335930653924,True,0.005110244800826567,0.02212924302006014,nan,nan,nan,nan,nan,nan,nan,nan,0.04940685856754981,False,False
55,dwell_start,False,-16.513999938964844,0.0,634,1555,0.017744826642833816,True,0.004719207990686705,0.023395996115730726,nan,nan,nan,nan,nan,nan,nan,nan,0.05223507510351844,False,False
56,dwell_start,False,-16.513999938964844,0.0,631,1528,0.020236581321716837,True,0.007423167775672806,0.02980230333623576,nan,nan,nan,nan,nan,nan,nan,nan,0.06653811811754493,False,False
57,dwell_start,False,-16.513999938964844,0.0,611,1623,0.017329150702478306,True,0.006006826722964616,0.024812220760058196,nan,nan,nan,nan,nan,nan,nan,nan,0.0553970093205514,False,False
58,dwell_start,False,-16.513999938964844,0.0,636,1540,0.027492127605570894,True,0.01885689324491071,0.06912630739098835,nan,nan,nan,nan,nan,nan,nan,nan,0.15433486312512162,False,False
59,dwell_start,False,-16.51580066680908,-0.0018007278442375707,681,1485,0.02035967862608886,True,0.007455236628394804,0.029201477707909197,nan,nan,nan,nan,nan,nan,nan,nan,0.06519668466608974,False,False
60,dwell_start,False,-16.516000747680664,-0.0002000808715827418,623,1566,0.01786990939707028,True,0.00610176855094392,0.022423823289213166,nan,nan,nan,nan,nan,nan,nan,nan,0.0500645532605694,False,False
61,dwell_start,False,-16.516000747680664,0.0,647,1542,0.021234146459015658,True,0.011212002865930902,0.028351327321343826,nan,nan,nan,nan,nan,nan,nan,nan,0.06329859624652169,False,False
62,dwell_start,False,-16.516000747680664,0.0,651,1512,0.02916526054632776,True,0.018873382315593917,0.04512854234728167,nan,nan,nan,nan,nan,nan,nan,nan,0.10075624851200934,False,False
63,dwell_start,False,-16.516000747680664,0.0,648,1552,0.02261721909549599,True,0.010970636564584064,0.037156945526952145,nan,nan,nan,nan,nan,nan,nan,nan,0.08295846138018001,False,False
64,dwell_start,False,-16.516000747680664,0.0,591,1647,0.029983933673389983,True,0.018459374570345303,0.043685755629683215,nan,nan,nan,nan,nan,nan,nan,nan,0.09753501047712006,False,False
65,dwell_start,False,-16.516000747680664,0.0,636,1550,0.037322486425297494,True,0.02436830673155029,0.050999365595149684,nan,nan,nan,nan,nan,nan,nan,nan,0.1138637431343767,False,False
66,dwell_start,False,-16.516000747680664,0.0,665,1484,0.023016492867084792,True,0.008208713042185758,0.037022346321709754,nan,nan,nan,nan,nan,nan,nan,nan,0.08265794843942162,False,False
67,dwell_start,False,-16.516000747680664,0.0,641,1517,0.026341122669996515,True,0.011779452109891043,0.06252724794121846,nan,nan,nan,nan,nan,nan,nan,nan,0.1396014718103767,False,False
68,dwell_start,False,-16.516000747680664,0.0,613,1558,0.02521612725534611,True,0.011617931572469124,0.051219091943271025,nan,nan,nan,nan,nan,nan,nan,nan,0.11435431520660504,False,False
69,dwell_start,False,-16.516000747680664,0.0,642,1536,0.01804626335407735,True,0.0035917729847159117,0.02071012010806611,nan,nan,nan,nan,nan,nan,nan,nan,0.04623845353266905,False,False
70,dwell_start,False,-16.516000747680664,0.0,645,1507,0.01825532529049647,True,0.001486938653013403,0.019662081861489537,nan,nan,nan,nan,nan,nan,nan,nan,0.04389855074543621,False,False
71,dwell_start,False,-16.516000747680664,0.0,636,1545,0.019185182707404075,True,0.00938403202198278,0.03184695368872336,nan,nan,nan,nan,nan,nan,nan,nan,0.07110310710943549,False,False
72,dwell_start,False,-16.516000747680664,0.0,613,1574,0.017811656899630757,True,0.0032145128695155577,0.022115614046854106,nan,nan,nan,nan,nan,nan,nan,nan,0.049376429837972344,False,False
73,dwell_start,False,-16.516000747680664,0.0,635,1552,0.021289608103775597,True,0.010464024151125234,0.03643061582211882,nan,nan,nan,nan,nan,nan,nan,nan,0.08133682122883909,False,False
74,sweep,True,-16.105399513244627,0.4106012344360366,597,1575,0.29222550933524777,False,nan,nan,1.057787554491251,1.5069793665994466,0.0627198597640472,0.2171778023387404,0.022066885033731835,0.10249384200212092,0.08961450781999201,0.1483968156756704,0.20007784764482645,True,False
75,sweep,True,-15.62760009765625,0.47779941558837713,677,1403,0.727379148515378,False,nan,nan,1.288878315344712,4.257563103032757,0.07645612240484392,2.585438412100686,0.03234560932916347,2.558786041864282,0.10053148586157581,0.11118462149383342,0.22445164071116117,False,False
76,sweep,True,-15.063499641418456,0.564100456237794,644,1392,0.9203896171228745,False,nan,nan,1.614345106208946,2.958546643500016,0.18996010219406192,1.0375940940627042,0.039290470057993604,1.5866024788807929,0.10111542151727067,0.16928747931996402,0.22575536476206123,False,False
77,sweep,True,-14.562300109863282,0.5011995315551747,607,1486,0.8320524774750707,False,nan,nan,1.2850079835549921,1.7268136694083247,0.3141848393438284,0.6741459608351512,0.040197316713352894,0.13174709435187326,0.12640514369020212,0.1314238681766368,0.28221846770137077,False,False
78,sweep,True,-14.023500061035156,0.5388000488281257,593,1525,0.9076130577559637,False,nan,nan,0.7789610802487279,1.3884556633177814,0.08201170010543384,0.22950437379430055,0.03829091950417232,0.14694005815551103,0.09234046443473248,0.17779867527402032,0.20616395519056,False,False
79,sweep,True,-13.550700283050537,0.47279977798461914,621,1450,0.8276794791445303,False,nan,nan,1.6297639554889232,1.9754049768590378,0.05236198714226021,0.1477495406641805,0.05442900470477287,0.13195869470846372,0.11190009922487518,0.14881514142489796,0.2498337774629931,False,False
80,sweep,True,-12.990800094604491,0.5599001884460453,626,1473,0.950242056392266,False,nan,nan,1.0804738309743511,1.585946517409376,0.028120198859898048,0.17789158169249444,0.04438092902669789,0.14584558305698805,0.11850753707161717,0.1692882378330105,0.2645858748073048,True,False
81,sweep,True,-12.187100028991699,0.8037000656127926,605,1415,1.3279999778657943,False,nan,nan,1.2031919277067542,1.9304253483656817,0.11046538112065704,0.21891417651475426,0.05646726433191317,0.19672245540695804,0.17566245486785642,0.2226626063774087,0.3921928127147115,True,False
82,sweep,True,-11.695799732208252,0.49130029678344656,641,1457,0.8291064211031683,False,nan,nan,1.3932093927138496,1.6160364662864555,0.3627145921909236,0.8469495132317605,0.044158104144409516,0.13108761195846497,0.10600874732906693,0.14755861654214528,0.2366804495509625,True,False
83,sweep,True,-11.143599605560302,0.5522001266479499,642,1438,0.9708197579201654,False,nan,nan,1.9811613720660142,2.208255898295917,0.1969841863765659,0.34277766835055995,0.04027027834354968,0.1460953115958195,0.10718389269112655,0.18774176452593053,0.23930413806335132,False,False
84,sweep,True,-10.638800239562988,0.5047993659973145,637,1437,0.8288029728064843,False,nan,nan,1.4399656346336123,1.6451069991507543,0.08834514909780815,0.20051577870864645,0.029204487580726444,0.10528333314178698,0.09505813371787382,0.13932122373164788,0.21223156002384874,False,False
85,sweep,True,-10.087500190734863,0.551300048828125,669,1375,0.9399902620646715,False,nan,nan,1.82019344527685,2.0351922207067,0.35504976420802725,0.7115665172621692,0.0342829013109226,0.14568536421884332,0.10206121671707069,0.18478743832990116,0.227866994591786,False,False
86,sweep,True,-9.586899852752685,0.5006003379821777,651,1424,0.8283021205301162,False,nan,nan,1.7094623663417796,1.8779427309103254,0.2567630491623226,1.0572323364465874,0.031167653871840093,0.11289438297220807,0.09080523262501751,0.149088356818258,0.20273631960346683,True,False
87,sweep,True,-8.802199840545654,0.7847000122070309,644,1354,1.459175027318722,False,nan,nan,1.4413259200581838,2.0044201100283807,0.2109189546088907,1.0196567966774566,0.04888667427108875,0.24533328331601456,0.2120124716164427,0.33128730477555546,0.47334968440695385,True,False
88,sweep,True,-8.289000320434571,0.5131995201110833,670,1372,0.8457456251482931,False,nan,nan,1.3401637833429534,1.5454877309662152,0.12013922001595542,0.6196518165762404,0.03339244518718352,0.12470403546511943,0.0775228042119771,0.1225857903724975,0.17308130332289146,True,False
89,sweep,True,-7.729299879074096,0.5597004413604747,713,1328,0.9402913454474114,False,nan,nan,2.081208246943052,2.2974642557749947,0.055815959797832736,0.19632564740643102,0.03871272459389383,0.15415538827752356,0.11720962642628774,0.17546296327469146,0.261688094362263,False,False
90,sweep,True,-7.211700105667115,0.5175997734069817,686,1397,0.8502447973775575,False,nan,nan,0.9451911479258681,1.415785104039796,0.04151596887182514,0.14355064074186055,0.02759483318018354,0.12177854148627341,0.10023114783427743,0.12876372323979574,0.22378109095834148,False,False
91,sweep,True,-6.662699937820435,0.54900016784668,671,1366,0.9724667871191157,False,nan,nan,1.2290424602863697,1.493290175067861,0.3051415428148539,0.8867218363124902,0.04226395614546754,0.16064934880917606,0.12961500901603315,0.17291032277861235,0.28938497412142566,False,False
92,sweep,True,-6.166200160980225,0.49649977684020996,682,1372,0.8657774818721469,False,nan,nan,1.1910236648783314,1.5376938219602707,0.08541865465703191,0.38410679802215886,0.033820156025137854,0.12593922948640687,0.09895246032242558,0.14703847110321003,0.22092622904585366,False,False
93,sweep,True,-5.6135002136230465,0.5526999473571781,686,1332,1.0107112794777366,False,nan,nan,1.3721308535013006,1.796824824604406,0.06554694395556782,0.16807834735468713,0.06019565116158443,0.21464538058291577,0.1664064820280482,0.18155162136792533,0.37152746322277735,False,False
94,sweep,True,-5.103600072860718,0.5099001407623289,688,1370,0.8794843329128846,False,nan,nan,1.604976641901186,1.8053255361914808,0.048386614717281784,0.1269352371838065,0.036782530372897984,0.15878958822903055,0.10242908430793923,0.13593275098706167,0.2286883142373406,False,False
95,sweep,True,-4.562899923324585,0.540700149536133,683,1377,1.0159510445709767,False,nan,nan,2.0617405854631716,2.451054608948908,0.1005199143807877,0.26869505050742093,0.0578044746496657,0.25490930587197275,0.17704270021503216,0.19119062604756135,0.3952744177472295,False,False
96,sweep,True,-4.067700052261353,0.4951998710632317,674,1357,0.8827230656620026,False,nan,nan,1.6066248321029952,1.838917241822146,0.05377967717710251,0.24373775252671692,0.042974539442148414,0.2093817756631259,0.11778498840119238,0.15029648190295408,0.26297267638314326,False,False
97,sweep,True,-3.5169000387191773,0.5508000135421756,694,1354,1.0081086480468788,False,nan,nan,2.104396056254461,2.3527877006409836,0.04156841356047032,0.13572331182873415,0.03739688565463348,0.19480218530255283,0.12035124212163842,0.18381693654435988,0.2687022232320612,False,False
98,sweep,True,-3.026200008392334,0.4907000303268432,702,1319,0.8814580156803571,False,nan,nan,1.7621152748918205,2.0053147648793583,0.05132489131269392,0.1502362101705978,0.03445947657444354,0.1527087174232369,0.11164859500015117,0.15190559654770341,0.24927225650862442,False,False
99,sweep,True,-2.477299952507019,0.5489000558853152,690,1281,1.0132462530811481,False,nan,nan,1.9476638658734111,2.1673459224677294,0.03525395683543618,0.10044587441270802,0.04086281329275765,0.16973153997797946,0.10376257473051084,0.18794255165531285,0.23166553187869662,False,False
100,sweep,True,-1.9722999811172486,0.5049999713897704,703,1354,0.8905680391765377,False,nan,nan,1.5002359253632351,1.7411796056508086,0.03281538894439444,0.1170384561609225,0.03551085646505277,0.14949191845823012,0.1048319547495121,0.15513444045932656,0.23405308337812497,False,False
101,sweep,True,-1.4084999680519104,0.5638000130653382,720,1333,1.0274317013282688,False,nan,nan,2.1030649419314607,2.5039431761298445,0.023048759234969254,0.11512797222192425,0.036691830637745455,0.19131224634755994,0.1430687228812916,0.17442874233944702,0.31942241089893103,False,False
102,sweep,True,-0.8982000172138214,0.510299950838089,731,1311,0.8910185520852688,False,nan,nan,1.7708276043058297,2.2024093727141216,0.09165554540287686,0.17969005336380922,0.03846712839735468,0.18362607295886563,0.12123422171478022,0.1435555554856348,0.27067360778583216,False,False
103,sweep,True,-0.3518999844789505,0.5463000327348708,737,1272,1.0471617451884427,False,nan,nan,2.1740815791062897,2.596704797537236,0.08159993399757286,0.22926916073321624,0.04774795898311587,0.21860404633114328,0.15832806721096077,0.20261696297884435,0.3534911888705084,False,False
104,sweep,True,0.15759999603033065,0.5094999805092811,735,1238,0.8904992432469268,False,nan,nan,1.8217348550899495,2.0922028311033474,0.04806650930004731,0.12222270400012189,0.03385704277857904,0.17148144410636817,0.110372682070593,0.13594019309606978,0.24642358926781352,False,False
105,sweep,True,0.7165999799966812,0.5589999839663506,739,1189,1.0565913620926504,False,nan,nan,1.8210383674113275,2.065053984202961,0.04646840819276511,0.49031332666462896,0.040552315907525706,0.18931884907392452,0.14422428471255644,0.18104074616394558,0.3220023762376282,False,False
106,sweep,True,1.21700000166893,0.5004000216722487,717,1201,0.8945210890517713,False,nan,nan,1.6606042226416915,1.8722810017475755,0.12482607551612702,0.30242666015546305,0.030434377653034018,0.1262469111781419,0.08571898485809501,0.14485247215967775,0.19138050757537092,False,False
107,sweep,True,1.7714999914169312,0.5544999897480012,744,1162,1.0582381657398643,False,nan,nan,1.4795453001439651,1.7428571404842692,0.07210604203579742,0.3336559311505566,0.0477043105712768,0.21178531767957798,0.16368997567533294,0.198477436467764,0.3654624548063219,False,False
108,sweep,True,2.2775999426841738,0.5060999512672426,748,1229,0.9376778202634912,False,nan,nan,1.9092214332995479,2.2772165653813286,0.10523974527177296,0.45250577159371297,0.04497816414673345,0.19207914971500145,0.14022318209788198,0.1613860236819082,0.3130693137366526,False,False
109,sweep,True,2.8227999687194822,0.5452000260353085,734,1168,1.0725338684917933,False,nan,nan,1.9129376414947905,2.222920606310356,0.06234823608688163,0.24569543704129626,0.05385126063375086,0.22155954685276236,0.17139333520311545,0.1963101122880358,0.38266136189677796,False,False
110,sweep,True,3.3241000175476074,0.5013000488281252,724,1137,0.9527509094223666,False,nan,nan,1.457487412380392,1.8218905163661097,0.031892096341641606,0.09197533502917675,0.05138868200123045,0.19451125789397933,0.1785710673294374,0.1612699688976944,0.3986867268710555,False,False
111,sweep,True,3.871199917793274,0.5470999002456667,735,1121,1.0872929521163543,False,nan,nan,2.1394011458569304,2.478210693034087,0.4046050615692882,0.672603970519801,0.054138381724302485,0.2570748927975214,0.21327009051870338,0.20792385214869438,0.47615750748429747,False,False
112,sweep,True,4.387800168991089,0.5166002511978149,734,1098,0.9449772091756745,False,nan,nan,1.7868831282482205,2.112248075282187,0.2798232593005657,1.1379131316889768,0.04404364607695125,0.19768948548596943,0.16038320601992984,0.15016656977441012,0.358079594916724,False,False
113,sweep,True,4.924599838256836,0.5367996692657471,751,1074,1.0953063587369711,False,nan,nan,2.019824459984484,2.3499369344638756,0.026909787928322836,0.11686322502633929,0.04382907343766184,0.1876647417483145,0.1466001379368822,0.22239480863881617,0.32730682538327277,False,False
114,sweep,True,5.406999969482422,0.4824001312255861,737,1047,0.9329954122713728,False,nan,nan,1.8092396546430594,2.1014134737378916,0.10860379655583852,0.2844048232188351,0.04309081461422668,0.17813255440197598,0.14158374831614473,0.18266398674914236,0.3161069821583224,False,False
115,sweep,True,5.960699796676636,0.5536998271942135,754,1029,1.1389498285180584,False,nan,nan,2.2703992101866084,2.734280400493801,0.23865042506616693,0.45810900988741304,0.05324969068745174,0.21800992941936143,0.19715235646753201,0.21471325185360804,0.4401722455404643,False,False
116,sweep,True,6.448200130462647,0.4875003337860111,752,1016,0.9636308990921795,False,nan,nan,1.8887137414641402,2.4391976166083786,0.0964522195082198,0.8693806202355256,0.03877873786979063,0.17365317747100367,0.14586901467960686,0.17816668501692268,0.3256744829061757,False,False
117,sweep,True,7.017800188064575,0.569600057601928,753,1012,1.1458876800142628,False,nan,nan,3.2326098557914014,4.670923879752198,0.1651392870601916,0.3782838096251757,0.046833569553180146,0.20467146163505162,0.1849724423478204,0.21563913067851515,0.41297875800309175,False,False
118,sweep,True,7.522500228881836,0.5047000408172613,758,979,1.006413754894076,False,nan,nan,1.785023490878137,2.180253455621142,0.08354596447982134,0.4100898341002198,0.03307261512388142,0.16937148953810843,0.14001191143139796,0.16481253594603607,0.31259762024361326,False,False
119,sweep,True,8.062199592590332,0.5396993637084959,751,968,1.160005078957007,False,nan,nan,2.143465772445257,2.53596524752432,0.07913453365170654,0.2508488761282643,0.04419723112491033,0.22076668468583246,0.20221738971822267,0.23824374948531934,0.4514806929749275,False,False
120,sweep,True,8.572000312805176,0.5098007202148445,757,943,1.035515039910637,False,nan,nan,1.821872340521863,2.2113136144319054,0.31437445219680754,0.6629599619197271,0.03488205150169602,0.15047308615137683,0.11235607330761009,0.16078559828460964,0.25085180808409163,False,False
121,sweep,True,9.121999835968017,0.5499995231628407,756,938,1.2224458920818204,False,nan,nan,3.3125557367625413,4.765033637758689,0.12048947534303697,0.30701817074617566,0.0561974069769495,0.2256768400875116,0.20931689711561183,0.23350175653101965,0.46733140949352286,False,False
122,sweep,True,9.62889986038208,0.5069000244140636,751,934,1.1410650952859536,False,nan,nan,1.8219584673602218,2.2618597350818384,0.14072122737613565,0.22221817734050944,0.05680903342341833,0.19110771548731653,0.15910626113650939,0.1739970585463003,0.35522862368392943,False,False
123,sweep,True,10.17069969177246,0.5417998313903798,749,906,1.2786288781683353,False,nan,nan,3.404223295364483,5.0228002996323005,0.07018140985710355,0.281195218297565,0.05852148337888204,0.26298079545424013,0.22388939662192103,0.2470076356313679,0.4998667032417657,False,False
124,sweep,True,10.667799949645996,0.4971002578735355,760,907,1.1556869686840947,False,nan,nan,1.8864132719623288,2.2273116257322725,0.6487170568197379,1.2727736199027948,0.060149907569312544,0.2258382771814732,0.20119813587388086,0.18696817475950378,0.4492050556887276,False,False
125,sweep,True,11.204499626159668,0.5366996765136722,762,849,1.292806508176757,False,nan,nan,3.4155740284559233,5.032079822280337,0.026727641772757542,0.09603893287042946,0.054434679870670376,0.23892915458242736,0.2087764790474506,0.25955577990821893,0.46612484499256884,False,False
126,sweep,True,11.685800170898437,0.4813005447387688,769,883,1.162170962896109,False,nan,nan,2.828072799892711,4.261168724128377,0.32066889798294596,0.6520003761072041,0.045614230456471665,0.19428665638977627,0.1832536871116882,0.20478450112648328,0.40914137880368395,False,False
127,sweep,True,12.21120023727417,0.5254000663757328,750,885,1.331675306014012,False,nan,nan,3.482128714856441,5.2031156061408375,0.18817893076427128,0.3101394354948185,0.05632155082184691,0.24170505019162067,0.20075513549028218,0.27752943098504257,0.44821599079943203,False,False
128,sweep,True,12.723799705505371,0.5125994682312012,747,852,1.182847260794994,False,nan,nan,3.0548589265901342,4.498596059209035,0.29282070040918545,0.6448874273777264,0.03625043263935487,0.1889297584833982,0.15528752772390014,0.1709901917452454,0.34670272781605316,False,False
129,sweep,True,13.273699855804443,0.5499001502990719,740,855,1.3575942276856914,False,nan,nan,3.496024163675491,5.136735646014768,0.21403222484030787,0.4261928608869996,0.04986478814060952,0.22859961814790217,0.20638048270235937,0.2398891080677988,0.4607754233045798,False,False
130,sweep,True,13.80310001373291,0.5294001579284675,739,864,1.187115729946739,False,nan,nan,1.475267230781589,2.012073306271797,0.09212375079817633,0.3593589932663665,0.035178856796610807,0.17686028137780202,0.14508709852014345,0.16689017703855596,0.3239287376465086,False,False
131,sweep,True,14.357700443267822,0.5546004295349114,745,834,1.3739532841325022,False,nan,nan,3.5093454501857706,5.183703150219689,0.22007218553439142,0.6533749573454664,0.050860669430837974,0.23377129373883454,0.20997212924811262,0.2268514083330684,0.46879431363669827,False,False
132,sweep,True,14.84280014038086,0.48509969711303746,740,808,1.245887426945202,False,nan,nan,3.137710746325503,4.723627477693415,0.13140328949539043,0.19885137119022145,0.05475221259851338,0.235479221874419,0.20070638897352827,0.2090159944193445,0.4481071568796844,False,False
133,sweep,True,15.396199607849121,0.5533994674682621,702,827,1.400404441428877,False,nan,nan,3.5406840978928793,5.336959375016221,0.08472588843062864,0.15986515453486527,0.04516879873831238,0.21624156291965288,0.19259984665169735,0.23827531506179234,0.43000808364868925,False,False
134,sweep,True,15.901199626922608,0.5050000190734867,723,825,1.2770974406209792,False,nan,nan,3.096020694242051,4.727715821248281,0.3416927270962639,0.4512732314866876,0.04591628342577728,0.18178139821188233,0.16752539094988325,0.1686541956952116,0.3740255954363809,False,False
135,sweep,True,16.456200408935548,0.5550007820129395,706,795,1.4667922916810059,False,nan,nan,3.573144351085085,5.417840775364161,0.31229599738534514,0.8428660046484227,0.06503586683723664,0.32052871259418503,0.26734413472465146,0.23512796006366593,0.5968859323941276,False,False
136,sweep,True,16.941799354553222,0.48559894561767436,723,787,1.3427200937925239,False,nan,nan,2.015174579189205,2.7705614693838063,0.08326906043416765,0.2519100069723066,0.06719490225410277,0.3176442841694175,0.28595098797424656,0.21675938507114978,0.6384285267818592,True,False
137,sweep,True,17.258699417114258,0.31690006256103587,725,762,1.250034291195522,False,nan,nan,3.024682999916618,4.71323992284689,0.3273314172325401,0.7107991863624853,0.0695793522390068,0.3659509795769651,0.32064835113172485,0.31277105613444806,0.71589560112482,True,False
138,sweep,True,16.590700531005858,-0.6679988861083999,767,752,0.28982126264114283,False,nan,nan,0.635214979903766,0.7869492896492974,0.14725914214182934,0.7173386298543949,0.18075237225890403,0.8265632274511832,0.6451416424236076,0.6550555288512605,1.440375608617332,True,False
139,dwell_end,True,16.514799499511717,-0.07590103149414062,799,735,0.021551402546650417,False,nan,nan,0.024453859175223608,0.056501624203871004,0.020659029276229108,0.085321400008735,0.01664933140985049,0.0745267892346268,0.06422644674020074,0.06762503009339886,0.1433951883267241,True,False
140,dwell_end,False,16.514999389648438,0.00019989013672017109,800,755,0.02176932884184046,True,0.03698115132488395,0.06463492018366236,nan,nan,nan,nan,nan,nan,nan,nan,0.14430716663666512,False,False
141,dwell_end,False,16.514999389648438,0.0,785,741,0.020217138860959917,True,0.0065264595513876075,0.0300459731843311,nan,nan,nan,nan,nan,nan,nan,nan,0.06708214764946833,False,False
142,dwell_end,False,16.514999389648438,0.0,790,756,0.025191038374291312,True,0.019094056719130458,0.04908833415652905,nan,nan,nan,nan,nan,nan,nan,nan,0.10959707843552184,False,False
143,dwell_end,False,16.514999389648438,0.0,804,741,0.01914019538462766,True,0.014298196216062207,0.02982154308559294,nan,nan,nan,nan,nan,nan,nan,nan,0.06658107374754563,False,False
144,dwell_end,False,16.514999389648438,0.0,814,755,0.0298007314690523,True,0.03657792164198709,0.05484005471996421,nan,nan,nan,nan,nan,nan,nan,nan,0.1224386584272145,False,False
145,dwell_end,False,16.514999389648438,0.0,801,750,0.02315211600516944,True,0.035098975199452376,0.0506922837608614,nan,nan,nan,nan,nan,nan,nan,nan,0.11317813681961972,False,False
146,dwell_end,False,16.514999389648438,0.0,815,740,0.02777948287460087,True,0.03338051441310201,0.06286482293773898,nan,nan,nan,nan,nan,nan,nan,nan,0.14035515868949458,False,False
147,dwell_end,False,16.514999389648438,0.0,795,754,0.01793391551774609,True,0.02047443142189591,0.03553222084117344,nan,nan,nan,nan,nan,nan,nan,nan,0.07933101950660539,False,False
148,dwell_end,False,16.514999389648438,0.0,820,749,0.02598743997583384,True,0.020286321279039943,0.043473231190995644,nan,nan,nan,nan,nan,nan,nan,nan,0.097060517749336,False,False
149,dwell_end,False,16.514999389648438,0.0,797,756,0.03311428738428633,True,0.02576943280533308,0.055958028869795035,nan,nan,nan,nan,nan,nan,nan,nan,0.124934703621928,False,False
150,dwell_end,False,16.514999389648438,0.0,793,755,0.029557804457922186,True,0.01691827840263163,0.04990571309715417,nan,nan,nan,nan,nan,nan,nan,nan,0.11142199968018217,False,False
151,dwell_end,False,16.514999389648438,0.0,801,751,0.02806876921227743,True,0.019930403047072838,0.06291263278297003,nan,nan,nan,nan,nan,nan,nan,nan,0.14046190134939152,False,False
152,dwell_end,False,16.514999389648438,0.0,790,747,0.024783144978963285,True,0.014087320627090949,0.05088867700073015,nan,nan,nan,nan,nan,nan,nan,nan,0.11361661422334395,False,False
153,dwell_end,False,16.514999389648438,0.0,782,760,0.02092721630393541,True,0.0065812728477707815,0.031060057071328306,nan,nan,nan,nan,nan,nan,nan,nan,0.06934624222943585,False,False
154,dwell_end,False,16.514999389648438,0.0,810,741,0.01718147043612308,True,0.012470459568229685,0.04262672381554445,nan,nan,nan,nan,nan,nan,nan,nan,0.09517056289921336,False,False
155,dwell_end,False,16.514999389648438,0.0,803,741,0.0264070151372281,True,0.006533081634249939,0.045619723124194586,nan,nan,nan,nan,nan,nan,nan,nan,0.10185288336544908,False,False
156,dwell_end,False,16.514999389648438,0.0,799,746,0.018753083956587615,True,0.016642962395939664,0.043485583467087696,nan,nan,nan,nan,nan,nan,nan,nan,0.09708809606086315,False,False
157,dwell_end,False,16.514999389648438,0.0,787,737,0.01823277152389967,True,0.010359534588597024,0.030365477959577888,nan,nan,nan,nan,nan,nan,nan,nan,0.06779549004567977,False,False
158,dwell_end,False,16.514999389648438,0.0,793,753,0.0261838070487276,True,0.02599754367781747,0.051890534782517816,nan,nan,nan,nan,nan,nan,nan,nan,0.11585341218722874,False,False
159,dwell_end,False,16.514999389648438,0.0,782,745,0.026312258205886126,True,0.021470334625219422,0.0594898428300495,nan,nan,nan,nan,nan,nan,nan,nan,0.13282000872084215,False,False
160,dwell_end,False,16.514999389648438,0.0,785,743,0.027716468147260646,True,0.02728624141915504,0.05476114235697314,nan,nan,nan,nan,nan,nan,nan,nan,0.12226247472522357,False,False
161,dwell_end,False,16.514999389648438,0.0,793,755,0.02748159560446274,True,0.02144229650222463,0.0413972167715902,nan,nan,nan,nan,nan,nan,nan,nan,0.09242550376757531,False,False
162,dwell_end,False,16.514999389648438,0.0,797,744,0.02205408497589608,True,0.006545618734194417,0.04561275719136676,nan,nan,nan,nan,nan,nan,nan,nan,0.1018373308742182,False,False
163,dwell_end,False,16.514999389648438,0.0,789,742,0.035333532683339636,True,0.024294133594201434,0.06935637145646524,nan,nan,nan,nan,nan,nan,nan,nan,0.15484851570393726,False,False
164,dwell_end,False,16.514999389648438,0.0,803,751,0.028756814534064045,True,0.021912787104984708,0.06627831533345031,nan,nan,nan,nan,nan,nan,nan,nan,0.1479762931252019,False,False
165,dwell_end,False,16.514999389648438,0.0,797,741,0.020165457281226706,True,0.018901288927874047,0.03589921405471208,nan,nan,nan,nan,nan,nan,nan,nan,0.08015038697345084,False,False
166,dwell_end,False,16.514999389648438,0.0,798,747,0.022946042147890373,True,0.016444296550985265,0.03891830887014588,nan,nan,nan,nan,nan,nan,nan,nan,0.0868909695777877,False,False
167,dwell_end,False,16.514999389648438,0.0,812,744,0.020237236787437416,True,0.02713225779119115,0.05903193547034526,nan,nan,nan,nan,nan,nan,nan,nan,0.13179766176855648,False,False
168,dwell_end,False,16.514999389648438,0.0,790,746,0.019530116354518054,True,0.017922392376887177,0.044012236207218815,nan,nan,nan,nan,nan,nan,nan,nan,0.09826392739961627,False,False
169,dwell_end,False,16.514999389648438,0.0,801,743,0.023321170273954788,True,0.025834888073889815,0.042564157300299756,nan,nan,nan,nan,nan,nan,nan,nan,0.09503087375725054,False,False
170,dwell_end,False,16.514999389648438,0.0,800,733,0.019565131286698206,True,0.010797904340667623,0.031926247034629984,nan,nan,nan,nan,nan,nan,nan,nan,0.07128014141300408,False,False
171,dwell_end,False,16.514999389648438,0.0,793,731,0.027890723676402707,True,0.02515969532006852,0.04350551898203686,nan,nan,nan,nan,nan,nan,nan,nan,0.09713260509204293,False,False
172,dwell_end,False,16.514999389648438,0.0,806,741,0.025080148269017707,True,0.010133085530253896,0.04201126829369021,nan,nan,nan,nan,nan,nan,nan,nan,0.09379646601323739,False,False
173,dwell_end,False,16.514999389648438,0.0,808,743,0.019738630732712287,True,0.010881154856129787,0.03349419638738659,nan,nan,nan,nan,nan,nan,nan,nan,0.07478082382868828,False,False
174,dwell_end,False,16.514999389648438,0.0,795,751,0.03437661867376484,True,0.0136287140965559,0.043571882829237886,nan,nan,nan,nan,nan,nan,nan,nan,0.09728077234790826,False,False
175,dwell_end,False,16.514999389648438,0.0,792,747,0.02475362383621842,True,0.029052820199172043,0.05844266109036018,nan,nan,nan,nan,nan,nan,nan,nan,0.13048201821387131,False,False
176,dwell_end,False,16.514999389648438,0.0,811,746,0.02303467647274455,True,0.014633718325433333,0.04454077681402875,nan,nan,nan,nan,nan,nan,nan,nan,0.09944397368426296,False,False
177,dwell_end,False,16.514999389648438,0.0,820,732,0.025118375417677835,True,0.028505899126375547,0.06141818909239216,nan,nan,nan,nan,nan,nan,nan,nan,0.13712533136411836,False,False
178,dwell_end,False,16.514999389648438,0.0,792,754,0.01948253155283152,True,0.023414092766233536,0.037742909525233785,nan,nan,nan,nan,nan,nan,nan,nan,0.08426671401053584,False,False
179,dwell_end,False,16.514999389648438,0.0,803,746,0.016989916287060203,True,0.02128661696752527,0.037776525933261626,nan,nan,nan,nan,nan,nan,nan,nan,0.08434176769020645,False,False
180,dwell_end,False,16.514999389648438,0.0,800,741,0.024551518100688313,True,0.024125847474887895,0.048995497915837564,nan,nan,nan,nan,nan,nan,nan,nan,0.10938980758537892,False,False
181,dwell_end,False,16.514999389648438,0.0,805,743,0.020641637127914746,True,0.010850034962672884,0.03291406921466917,nan,nan,nan,nan,nan,nan,nan,nan,0.07348560278802006,False,False
182,dwell_end,False,16.514999389648438,0.0,805,757,0.02985467812276553,True,0.03161187449571103,0.049155829656647144,nan,nan,nan,nan,nan,nan,nan,nan,0.10974777227648412,False,False
183,dwell_end,False,16.514999389648438,0.0,807,754,0.02022530743339919,True,0.008567058196378275,0.027486910238327618,nan,nan,nan,nan,nan,nan,nan,nan,0.061368655284454406,False,False
184,dwell_end,False,16.516800117492675,0.0018007278442375707,803,741,0.025281951037624113,True,0.010672727053650851,0.05104111039642294,nan,nan,nan,nan,nan,nan,nan,nan,0.11395694467274692,False,False
185,dwell_end,False,16.517000198364258,0.0002000808715827418,799,743,0.023755333361827165,True,0.015091981909226284,0.046599066199624145,nan,nan,nan,nan,nan,nan,nan,nan,0.10403941386597254,False,False
186,dwell_end,False,16.517000198364258,0.0,802,747,0.01671041704750624,True,0.002454432617966176,0.01853632466554935,nan,nan,nan,nan,nan,nan,nan,nan,0.04138512873137099,False,False
187,dwell_end,False,16.517000198364258,0.0,803,745,0.024773298094002697,True,0.010371301156121022,0.04303153625968968,nan,nan,nan,nan,nan,nan,nan,nan,0.09607436747834593,False,False
188,return,False,16.471999168395996,-0.04500102996826172,798,740,0.06013592876539985,False,nan,nan,0.17205971188366193,0.22533825957833503,0.05153301740225051,0.08851491258349087,0.010466386208154849,0.03794097524115632,0.0261510268654292,0.01813055618074442,0.05838609502210368,True,False
189,return,False,16.24260025024414,-0.22939891815185476,808,741,0.5526752053718391,False,nan,nan,1.0677779167926595,1.5153350172728297,0.3549545132831099,1.016396651248185,0.013554401275012503,0.06946943928416284,0.030690476788574964,0.05733326575527227,0.06852109874202433,True,False
190,return,False,15.951799678802491,-0.2908005714416504,784,737,0.7492641481306992,False,nan,nan,1.3396986698694517,1.71579049577563,0.04934299798386976,0.16684761814288737,0.028998378167616745,0.07707843267150447,0.06927434573942838,0.08850517979486529,0.15466538097145371,True,False
191,return,False,15.505899620056152,-0.4459000587463393,750,763,1.1663902366498273,False,nan,nan,2.723883894601398,4.059380086406833,0.094846653366038,0.20244640468974312,0.04074258451656104,0.17801371029107638,0.1391941672469914,0.13812466722969846,0.310771883537356,True,False
192,return,False,15.000099658966064,-0.5057999610900872,749,796,1.2643453767414639,False,nan,nan,1.7937331025338858,2.4617687144667895,0.09709233405349689,0.37499736682263446,0.045797563337981635,0.2032164517668865,0.16596434630987622,0.15306720398025825,0.37054032882890847,False,False
193,return,False,14.329500198364258,-0.6705994606018066,733,785,1.6761697685468406,False,nan,nan,4.016959747513222,6.2165761755532625,0.07432662834664686,0.17763499825411733,0.056063080441510364,0.26991616814853203,0.23765448512284526,0.22337332278119354,0.5305993306578264,False,False
194,return,False,13.646799564361572,-0.6827006340026855,686,809,1.6409035132198584,False,nan,nan,4.0967584782778665,6.129037925506957,0.2392523850682391,0.8398326620693575,0.05503196617338592,0.237458194681744,0.20889142194318916,0.20411127986096428,0.4663814722702372,False,False
195,return,False,12.7721999168396,-0.874599647521972,664,817,2.092974883699246,False,nan,nan,4.8801367528191175,7.398045182993308,0.17097114138054476,0.4234589840090951,0.0824778265264362,0.34173019074751876,0.254234776719494,0.3030515583652788,0.5676173217920814,False,False
196,return,False,11.930099773406983,-0.8421001434326172,662,834,1.9763438791863717,False,nan,nan,4.977803113842008,7.483104135776904,0.2937281715425296,0.7400902989984981,0.0914411893517347,0.3336793916253219,0.2575442626414149,0.2948993129068095,0.5750062461546281,False,False
197,return,False,10.93960018157959,-0.990499591827394,656,839,2.277833392106248,False,nan,nan,5.941788875882201,9.024123439944887,0.08083534176224767,0.29598656857130323,0.09825098444815211,0.42627623246727275,0.34155260497368034,0.4204887946162821,0.7625674873747658,False,False
198,return,False,10.020700263977051,-0.9188999176025376,661,846,1.9767988277330253,False,nan,nan,5.575371086374276,8.208613281413905,0.1329804179850812,0.4290211602806865,0.059856309391459354,0.2745659100845057,0.2566271469156645,0.3644751409826985,0.5729586475580043,False,False
199,return,False,8.950000381469726,-1.0706998825073253,623,861,2.244515948681646,False,nan,nan,6.217630807303185,9.288311337092756,0.37176550513060097,0.6953531461227072,0.06710148690055766,0.34947093856792166,0.2737572712659687,0.4684620617500717,0.6112042228925427,False,False
200,return,False,7.971899938583374,-0.978100442886352,629,884,2.0033926819243284,False,nan,nan,5.19270899227076,7.452137686565658,0.14288773756364023,0.4273150644616085,0.07296329391926573,0.278772959520909,0.2629644086648183,0.39939907425392907,0.5871075361875048,False,False
201,return,False,6.816199874877929,-1.1557000637054449,632,861,2.285435628133758,False,nan,nan,6.7786132405465525,10.099394887142818,0.26612526450205276,0.7140393468361139,0.07424408309693414,0.37882387475969104,0.2778592539669793,0.4700469363726998,0.6203625153371441,False,False
202,return,False,5.783800172805786,-1.0323997020721434,623,906,2.013009204410533,False,nan,nan,5.701844345710981,8.289361029810102,0.07001839611438557,0.2306812815208616,0.08285772902261512,0.36152348571656,0.2614630130744152,0.37812813897942754,0.5837554450417868,False,False
203,return,False,4.6118998527526855,-1.1719003200531004,610,911,2.322175798403224,False,nan,nan,2.136114769681374,3.4773468721750667,0.17968983537852706,0.4931970423071489,0.09366906913702001,0.38000545564209676,0.3071572359144572,0.4698694725319497,0.6857746602117561,False,False
204,return,False,3.6060999155044557,-1.0057999372482298,618,986,1.949763057336457,False,nan,nan,5.524769793997722,7.958756221907029,0.10880734754738525,0.229031565907239,0.08705546924043098,0.3497262923721178,0.2854359784794642,0.3754297988518043,0.6372786907370117,False,False
205,return,False,2.5596999406814573,-1.0463999748229984,651,965,2.1328206986852605,False,nan,nan,6.371550992999804,9.063939253255066,0.25101353741790866,0.4837382200943085,0.0996771219093582,0.43748726845046254,0.3383267364466894,0.4662517884235545,0.7553652514046482,False,False
206,return,False,1.7138999819755554,-0.845799958705902,659,1038,1.6430860465780295,False,nan,nan,5.131584996218475,7.068741434076342,0.07500474345674533,0.31052175405022586,0.07411768684677736,0.2940154242728613,0.2775375182414911,0.3189871153973304,0.619644192009459,False,False
207,return,False,0.9057999908924103,-0.8080999910831451,661,1055,1.6293906834210354,False,nan,nan,4.839940809640143,6.791309198641196,0.10686360802932675,0.2878924746332371,0.0771707042809397,0.3496639711225916,0.2732949396526535,0.3478239337348215,0.6101719981296051,True,False
208,return,False,0.3588000059127808,-0.5469999849796294,707,1119,1.1441303388168993,False,nan,nan,3.502272326392544,4.781192239505321,0.09014052794851315,0.27813651542641016,0.0721439312550438,0.2894547633538997,0.250635687143893,0.23757827255532415,0.5595818137779812,True,False
209,return,False,-0.1109000012278557,-0.4697000071406365,710,1240,0.9872256998471353,False,nan,nan,2.0355248757412743,2.4932260446788383,0.03297506810277437,0.09053483874131199,0.057361655862985514,0.27443101967419414,0.23226532640443764,0.23803357126661776,0.518567224437244,True,False
210,return,False,-0.4028000071644783,-0.2919000059366226,725,1200,0.6222079378945351,False,nan,nan,1.541515410073542,1.8895337614720418,0.02130913294406364,0.05878088370382789,0.030019306654287762,0.10652816760464867,0.08880388201410974,0.14699186616113954,0.19826800378771278,True,False
211,return,False,-0.5812999844551087,-0.17849997729063038,749,1314,0.4251678359129024,False,nan,nan,1.0770678375060752,1.2018570730564142,0.021430480913418648,0.04797336944892521,0.02943112578247158,0.11890678240167449,0.09056478014135416,0.15196273609943933,0.20219947332084423,True,False
212,return,False,-0.6506999850273132,-0.06940000057220452,736,1300,0.18698046806130522,False,nan,nan,0.544360732399122,0.6157110762701001,0.15109877329493243,0.29057415700666794,0.016523635900694646,0.0623919505650092,0.040172071970652125,0.08147198516836181,0.08969018399862318,True,False
213,return,False,-0.3515000134706497,0.2991999715566635,736,1378,0.09133084618555154,False,nan,nan,0.3174907486253897,0.3601799121138315,0.12141872948214906,0.21254546099648902,0.05972983164987489,0.2685623217093115,0.2344543585610195,0.3638655651385565,0.5234545674910492,True,False
214,return,False,-0.3187000066041946,0.03280000686645507,748,1311,0.02808419854409665,False,nan,nan,0.07988520339182498,0.10610352150596994,0.021338776706253122,0.09294508188421975,0.011899841582417374,0.04885287678988333,0.03349674156408529,0.05483719583252235,0.07478650631792065,True,False
215,return,False,-0.3190000057220459,-0.00029999911785127953,719,1354,0.019599081209364863,True,0.01388825908556991,0.03655434856023578,nan,nan,nan,nan,nan,nan,nan,nan,0.08161307314973755,False,False
216,return,False,-0.3190000057220459,0.0,722,1375,0.01784584686972012,True,0.008240049699923972,0.032761794579076846,nan,nan,nan,nan,nan,nan,nan,nan,0.07314562679438508,False,False
217,return,False,-0.3216999977827072,-0.0026999920606612937,743,1336,0.019574188659206612,True,0.009139610844144396,0.03104989245352692,nan,nan,nan,nan,nan,nan,nan,nan,0.06932354819360051,False,False
218,return,False,-0.32199999690055847,-0.00029999911785127953,728,1343,0.017730977939801336,True,0.007634707368518218,0.03062059649595873,nan,nan,nan,nan,nan,nan,nan,nan,0.06836508049364505,False,False
219,return,False,-0.32199999690055847,0.0,733,1368,0.018840618989271665,True,0.00667395831372131,0.02861921874084717,nan,nan,nan,nan,nan,nan,nan,nan,0.06389670407437933,False,False
220,return,False,-0.32199999690055847,0.0,730,1354,0.02113450535162171,True,0.010447574283920019,0.03213305085585012,nan,nan,nan,nan,nan,nan,nan,nan,0.07174186200312956,False,False
221,return,False,-0.32199999690055847,0.0,739,1395,0.017687902098897222,True,0.005246842981483565,0.028927453865606204,nan,nan,nan,nan,nan,nan,nan,nan,0.06458488528332153,False,False
222,return,False,-0.32199999690055847,0.0,736,1381,0.020590192169434966,True,0.00897313154136786,0.029232009536403553,nan,nan,nan,nan,nan,nan,nan,nan,0.065264851558688,False,False
223,return,False,-0.32199999690055847,0.0,741,1334,0.03540711443027657,True,0.009764816265742547,0.07001550777909538,nan,nan,nan,nan,nan,nan,nan,nan,0.1563201365379351,False,False
224,return,False,-0.32199999690055847,0.0,738,1321,0.0292336466014209,True,0.013433291204758675,0.06060917016173545,nan,nan,nan,nan,nan,nan,nan,nan,0.13531907509727756,False,False
225,return,False,-0.32199999690055847,0.0,757,1333,0.017514394884305593,True,0.0068606502884209835,0.02464756012938858,nan,nan,nan,nan,nan,nan,nan,nan,0.05502937973269054,False,False
226,return,False,-0.32199999690055847,0.0,720,1368,0.016532628725298124,True,0.004714359638356303,0.02438899451161889,nan,nan,nan,nan,nan,nan,nan,nan,0.05445209315781775,False,False
227,return,False,-0.32199999690055847,0.0,744,1342,0.1441003422470082,True,0.10915973623088618,0.3237566075801782,nan,nan,nan,nan,nan,nan,nan,nan,0.7228352504657938,False,False
228,return,False,-0.32199999690055847,0.0,708,1370,0.11772457226293523,True,0.11201444884296531,0.22189659029655434,nan,nan,nan,nan,nan,nan,nan,nan,0.49541746382672297,False,False
