frame,t,angle,epi_k2,n_k2,epi_k4,n_k4,epi_k8,n_k8
9,2.094,-0.4656000047922134,0.27236986143332104,701,0.2354330715199327,975,1.392484988922406,464
10,2.398,-0.7892000019550324,0.12001917543766659,711,0.3556580011711385,594,1.643752608151974,465
11,2.618,-1.3062000513076781,0.11395456581330618,734,0.26393450208554736,679,1.643843654061988,442
12,2.882,-1.8129000544548035,0.10348760441533998,578,0.19666396364786806,707,0.5897789795007867,447
13,3.116,-2.361700010299683,0.16355599954430583,674,0.281203756055891,682,0.4415098017584196,970
14,3.378,-2.8606999635696413,0.19252225516803026,891,0.28983741880342034,533,0.38535615021976916,575
15,3.613,-3.416100001335144,0.2941930078747651,784,0.45786629246364696,627,0.5763697844806621,580
16,3.88,-3.923199987411499,0.28434490987893074,430,0.3315308287068121,691,0.778740011810586,484
17,4.096,-4.455899810791015,0.38071664750822526,590,0.43775197112077335,655,0.8563597714578535,483
18,4.377,-4.939299869537353,0.3245257650279726,662,0.6735425828209067,454,1.2861911465690212,372
19,4.613,-5.513399982452393,0.5119699790667064,831,0.48975847156650454,534,0.8150186491958781,423
20,4.854,-5.99329981803894,0.45189511777321095,771,0.6758471294483662,518,0.696044123470526,529
21,5.114,-6.559400129318237,0.37502208345588733,909,0.8951417510621247,752,0.7010604874978512,485
22,5.375,-7.062900161743164,0.32560196499892546,778,0.7680458959485545,716,0.7628493010241204,373
23,5.612,-7.600099992752075,0.2620353729361686,920,0.6247648895572606,786,0.7056184183004025,429
24,5.84,-8.08859987258911,0.25712409585700113,942,0.514980560036808,676,1.2272594795116307,355
25,6.115,-8.662499809265137,0.3124878190525585,926,0.5040893190411253,788,1.4685425573512352,482
26,6.346,-9.14590015411377,0.2480816333364315,1322,0.48324779675706564,839,1.2971687580079683,444
27,6.577,-9.677700233459472,0.2289378368343804,1276,0.5595820432124787,761,0.9143995894628506,479
28,6.883,-10.164399814605712,0.1958017069494461,1220,0.4020019583859096,1018,0.8970657131345564,457
29,7.118,-10.723200225830078,0.2051014738870291,1206,0.3317334235407876,1028,0.8823702152713073,499
30,7.368,-11.20649995803833,0.2857168162626089,1134,0.36570533601233324,924,0.7097715059597995,517
31,7.616,-11.76520004272461,0.3650489547151245,957,0.568079564733606,898,1.1217994065032073,492
32,7.84,-12.263000011444092,0.4399596876738372,962,0.69489391594474,698,1.125775053166626,539
33,8.119,-12.85419979095459,0.3937148242620924,1023,0.7208044811435643,643,1.1888759546559682,527
34,8.346,-13.325200462341309,0.45607985213932456,897,0.8362635319630345,690,1.4247428000240792,448
35,8.582,-13.611700344085694,0.2997878959331602,973,0.708717524773361,768,1.397685878287008,527
36,8.742,-14.095699882507324,0.2988700212391033,1020,0.5437814201428153,808,1.022794312882749,497
37,8.955,-14.628200054168701,0.3557131226434364,895,0.4777478142771215,858,0.8567700973022446,517
38,9.242,-15.121699905395507,0.2801618441712462,1023,0.5665881910682501,873,0.9048057383941334,603
39,9.495,-15.675100135803223,0.22435021322214313,987,0.6052291416965261,772,1.0158453870084276,594
40,9.759,-16.19440088272095,0.22259103878278225,985,0.5114944805110898,915,1.1500583130892885,604
41,9.996,-16.696600914001465,0.23337104465617386,909,0.4278432954399489,857,1.0039397357551838,626
42,10.211,-16.873199462890625,0.18323913283135335,830,0.42405555396536665,868,1.0862340015160206,705
43,10.485,-16.551999855041505,0.21008609018889637,1349,0.37829602756880204,884,1.1525441827281542,656
44,10.748,-16.517000198364258,0.13064593469029315,1500,0.31011634967728896,826,0.9027754535442161,800
45,10.996,-16.517000198364258,0.03898231954827694,1495,0.24812336918366207,1319,0.6678569355217095,809
46,11.247,-16.517000198364258,0.04407190173454093,1259,0.1681800890486177,1376,0.6095242936587998,866
47,11.491,-16.517000198364258,0.031221646837777624,1495,0.04031209022691109,1499,0.44944827328199266,888
48,11.718,-16.517000198364258,0.025682999291677035,1500,0.05699271922624398,1083,0.36439173473277825,853
49,11.982,-16.298300170898436,0.06365234494028665,1500,0.06779020009531461,1476,0.30294881739681623,1351
50,12.247,-15.850699520111084,0.07362939713025968,1330,0.06519931450931371,1293,0.21857694136358694,1225
51,12.448,-15.2975998878479,0.12181946148603223,1121,0.10169781003325257,1061,0.12422774315595554,911
52,12.748,-14.781200408935547,0.12205565113968328,921,0.15729507383854344,1006,0.18244554518366507,815
53,12.995,-14.246399784088135,0.12458881914963402,872,0.2549722168491698,980,0.25910735587818223,912
54,13.261,-13.746200370788575,0.18673614767527572,1219,0.21036714097643983,803,0.2977200017002155,858
55,13.477,-13.186700248718262,0.13814172769785238,930,0.20915708806873765,760,0.3573323262404525,843
56,13.759,-12.713900279998779,0.15873468337100888,1036,0.3596325020245641,1115,0.37902453464495023,766
57,13.947,-12.165500259399414,0.14390798734652815,884,0.246307862365214,848,0.43157666093025393,724
58,14.308,-11.356199645996094,0.19093637197783275,887,0.31847479571676635,857,0.3725293990591082,560
59,14.621,-10.793999862670898,0.2202215884950102,1029,0.2791979339102636,763,0.47137880363579193,513
60,14.887,-10.29800043106079,0.1755238778073031,1060,0.3253636063239972,788,0.8130821007467799,700
61,15.08,-9.761999893188477,0.19775972370830397,1018,0.38902809727985543,887,0.8465445389688893,544
62,15.379,-9.260799598693847,0.16538330874675172,994,0.3455782967811298,923,0.8605174723439917,557
63,15.6,-8.729900360107422,0.1871114936266607,1069,0.37900088994129427,915,0.8566045077272564,478
64,15.881,-8.232800102233886,0.18552509957240243,978,0.2966529788921949,862,0.9225590462092896,528
65,16.107,-7.671999883651734,0.18994722392653704,929,0.3732295800927089,974,0.9305222443973116,567
66,16.37,-7.165499973297119,0.22143825695435476,1024,0.34852055965269535,878,0.8303320639369706,565
67,16.619,-6.608699941635132,0.1884890130989462,964,0.35018064239918933,830,0.9999382060178474,597
68,16.882,-6.11750020980835,0.17620663738152198,839,0.36355515443980146,897,0.558035267094202,563
69,17.1,-5.548799991607666,0.17173819151617742,879,0.3379395491617391,851,0.8430027169422702,655
70,17.379,-5.0546001434326175,0.20737192867917273,905,0.3101117037976955,760,0.5810599332763544,560
71,17.61,-4.510299968719482,0.18578537597901626,930,0.32265010924611215,798,0.4658721077045047,545
72,17.835,-4.023499894142151,0.16590933864772528,789,0.3351283315024782,828,0.5526827450541636,612
73,18.112,-3.467799997329712,0.17926868623858702,767,0.35104441397473185,858,0.4933781527419629,583
74,18.376,-2.9673001050949095,0.15823324788721282,790,0.28935815432776335,729,0.47468917972327695,537
75,18.611,-2.4184000492095947,0.1725294469841127,799,0.3040739641011423,710,0.478715899510273,584
76,18.875,-1.9131999731063842,0.17143839147134207,782,0.3268925154636304,731,0.5116804052513932,610
77,19.107,-1.3599999785423278,0.20656229148185606,1196,0.3204080049069248,726,0.4733305864585565,632
78,19.351,-0.8572999835014343,0.19671162739028916,885,0.3306549654492534,715,0.44427341172245466,549
79,19.607,-0.2875999972224235,0.18224460609466742,836,0.4347302572449215,1121,0.47842270912576423,544
80,19.887,0.22119998857378959,0.16037255998196612,868,0.3222071663312493,787,0.4376012540483951,548
81,20.083,1.117399999499321,0.09771141651074072,824,0.24768737309339486,750,0.39319713361282227,540
82,20.561,1.8271000385284424,0.2527473685520971,534,0.32726921169538326,698,0.43235770127125156,435
83,20.85,2.3223000288009645,0.5400838433429824,965,0.3456470624917956,655,0.9736513356642673,757
84,21.09,2.8665000677108763,0.25202511443703945,1004,0.3237354697163907,451,0.40458607931251067,372
85,21.388,3.3686999082565308,0.2580571504473961,920,0.8072049689834413,837,0.4598548192655767,345
86,21.582,3.92450008392334,0.25977537619657554,1163,0.525875228421641,907,0.44335092323026015,321
87,21.845,4.421000146865845,0.2837326147980378,1159,0.5368356225880306,819,0.42259661757484857,267
88,22.122,4.982300090789795,0.2805320754823708,1118,0.5091683662104471,944,0.30387887271624897,223
89,22.348,5.454099845886231,0.2885673421177306,1104,0.5160382554167826,950,1.2613831248510863,542
90,22.579,6.001200151443482,0.26094394260830467,870,0.5519239620993835,949,1.0423651991615412,625
91,22.845,6.4971999168396,0.247731141943053,828,0.5608150800581853,959,0.9940710941575136,585
92,23.112,7.066100072860718,0.19085688670185455,845,0.4664587463376893,759,0.9803373407683189,686
93,23.375,7.5690999031066895,0.21542616023806122,678,0.4686547321525797,765,0.9396951238769989,694
94,23.608,8.132200050354005,0.24509460854324344,706,0.3751358945578295,784,0.9702052414075463,709
95,23.876,8.618299770355225,0.30005602021552336,1104,0.42992505978819245,617,0.9229018446888713,721
96,24.073,9.183299541473389,0.2450847915165127,991,0.43788967249119864,621,0.5688453092788619,500
97,24.336,9.670600128173827,0.2302372161285513,823,0.47367524626015556,754,0.6465837898492153,490
98,24.612,10.231199645996094,0.26501312187267456,860,0.46016993372429466,757,0.6870619709682836,437
99,24.877,10.721199893951416,0.2935676285535083,827,0.4773914215691214,650,0.535235579657398,346
100,25.09,11.259799671173095,0.30108005563674667,821,0.518094515956897,652,0.5523705454705466,343
101,25.376,11.743499755859375,0.30319269318718045,919,0.48547728539002744,648,1.0116153607514817,623
102,25.611,12.2907000541687,0.2953908906063071,982,0.49567546695180986,672,1.0628416655091875,658
103,25.878,12.792199993133545,0.29515523913655306,1023,0.5708890131638489,790,0.8898597774948473,484
104,26.076,13.337900352478027,0.3507192918549031,1481,0.5714481183016823,853,0.8444381292622503,436
105,26.378,13.861600017547607,0.3336151670413738,1467,0.5703136504373928,911,0.6998252857229577,397
106,26.6,14.404599857330322,0.33493352191815673,1467,0.6617144024468624,1396,0.8255609997431992,464
107,26.84,14.894700145721435,0.35986849784306485,1476,0.6748547584757315,1389,0.9680387935552324,555
108,27.115,15.455799674987793,0.3734101182683674,1475,0.6892455450631866,1386,1.128087114713165,664
109,27.382,15.947399806976318,0.37445464053233657,1465,0.6922042907221975,1391,1.1468726823747608,728
110,27.615,16.505300331115723,0.3644044904971273,1476,0.6985166964776318,1383,1.2587975300810625,1149
111,27.879,17.00220069885254,0.3862252818612555,1453,0.710784877164565,1337,1.2809999532281173,1133
112,28.113,17.265899848937988,0.41762850337968116,1469,0.7205329676463357,1326,1.2378548579883832,1107
113,28.379,16.590600395202635,0.7455925053233422,1494,1.03300810847425,1360,1.5124076515287435,1132
114,28.589,16.51300048828125,0.5123861235902502,1500,0.9442850779788508,1444,1.408478257588565,1167
115,28.852,16.51300048828125,0.047345355581467415,1500,0.7849011684640833,1491,1.2952613001585582,1210
116,29.11,16.51300048828125,0.0192210625801964,1500,0.5044492123502138,1500,1.1531745988249593,1270
117,29.374,16.51300048828125,0.017979853964339623,1500,0.05244559600698297,1500,1.0456049224166506,1334
118,29.61,16.51300048828125,0.014690549140080549,1500,0.016061501817262968,1500,0.9273704892671638,1435
119,29.875,16.51300048828125,0.014533890829296594,1500,0.01921217657442,1500,0.7716936414671068,1487
120,30.111,16.518399238586426,0.021262847617728082,1500,0.014419348230719263,1500,0.4933367858242023,1500
121,30.353,16.518999099731445,0.016335139701874134,1500,0.027440714975422983,1500,0.04171702108526336,1500
122,30.611,16.518999099731445,0.033433864286674164,1500,0.02303122964696567,1500,0.05110833644903995,1500
123,30.857,16.518999099731445,0.057174654414488144,1500,0.09136181620685614,1500,0.09589192870462085,1500
124,31.111,16.35730037689209,0.06411468657238845,1500,0.09877983178074623,1500,0.10280759469756112,1500
125,31.374,16.122900390625,0.08431979874704536,1495,0.11032175779595543,1497,0.12592752272066868,1497
126,31.611,15.734400272369385,0.16396118800820797,1493,0.21878432311725782,1484,0.22209400047467803,1488
127,31.872,15.294200325012207,0.23127670235612882,1491,0.29889914724574906,1469,0.3271772789574763,1467
128,32.109,14.672899723052979,0.2848819992143388,1468,0.4490907541562901,1430,0.49603581028044946,1443
129,32.389,14.022499656677246,0.35985223053573984,1469,0.5780288643344842,1414,0.6458589789922813,1361
130,32.609,13.244899654388428,0.426846413467311,1445,0.7173577144031283,1345,0.8685482880579101,1246
131,32.836,12.420199584960937,0.4663719946454768,1419,0.7705790039103274,1299,0.9838988011830011,1149
132,33.123,11.42110013961792,0.47495857209917575,1413,0.8537163916572275,1240,1.0965644849156237,989
133,33.356,10.543900299072266,0.555031637084917,1409,0.9637342711530898,1203,1.2502383969141573,842
134,33.619,9.4871000289917,0.494982777357805,892,1.017764852659469,1204,1.4005722309885638,718
135,33.885,8.510000419616699,0.5050822532192064,815,1.1323489748153264,1177,1.4273645486301447,579
136,34.116,7.349399757385254,0.5053348512287159,858,0.9607463876374742,726,1.426190873425957,492
137,34.382,6.314299917221069,0.576936179452585,852,1.0293645303633014,682,1.3513226895849504,409
138,34.601,5.163899850845337,0.614281289847609,831,1.0992905153267756,690,1.4221166772426177,402
139,34.872,4.150899982452392,0.5540785124099831,851,1.007718832164395,665,1.3854277560575141,351
140,35.118,3.0544000387191774,0.6147052511638323,1123,0.9938220997506574,634,1.4214609664247901,279
141,35.427,1.5427999854087828,0.6352294300390484,1092,1.0629211349892929,520,1.3938602513057854,198
142,35.851,0.6786999881267547,0.6558360438722309,694,1.426501815199663,709,1.7486592119674471,170
143,36.122,0.09309999905526639,0.48112877703224627,711,1.2466635955469663,760,2.4379207048753044,175
144,36.403,-0.2536999940872192,0.24370324875905636,849,0.9015647560448143,584,1.8913154177775955,190
145,36.564,-0.4854000061750412,0.23934849740594794,742,0.5949489498873927,619,1.9724692954429561,226
146,36.872,-0.6024999797344208,0.17320074622087983,1034,0.39934369880699283,818,1.9783421693196168,488
147,37.084,-0.34690001308918,0.1615280728541106,659,0.38403384803114005,738,1.8211694928451978,656
