frame,label,dangle,n_body,perp_cl30,perp_med,along_med,along_dev,along_cl30_dev
50,0,0.1899,245,0.1171,0.0413,-0.0286,0.1944,0.248
51,0,0.497,230,0.0346,-0.0206,-0.6081,-0.0245,0.0758
52,0,0.513,246,0.0775,-0.0264,-0.7283,-0.1259,0.2238
53,0,0.5637,255,0.1382,0.0737,-0.634,0.0278,0.1364
54,1,0.4722,258,0.0531,0.0117,-0.6996,-0.1452,0.2189
55,1,0.5467,256,0.0902,-0.0468,-0.7798,-0.1379,0.2626
56,1,0.4892,261,0.0728,-0.0043,-0.7535,-0.1791,0.2871
57,1,0.5555,250,0.0618,0.003,-0.7913,-0.139,0.2176
58,1,0.4876,266,0.0664,0.018,-0.5193,0.0532,0.1414
59,1,0.5801,250,0.4748,-0.1611,-1.0426,-0.3615,1.0093
60,1,0.4988,240,0.6261,-0.3546,-1.0031,-0.4175,0.8404
61,1,0.5628,240,0.6675,-0.484,-0.7177,-0.0292,0.487
62,1,0.4906,238,0.4188,-0.2423,-0.4975,nan,nan
63,1,0.5546,242,0.1796,-0.1367,-0.7383,nan,nan
64,1,0.4813,249,0.0926,0.0055,-0.2567,nan,nan
65,1,0.5287,254,0.2364,-0.1217,-0.1847,0.6652,1.5217
66,1,0.5084,242,0.1947,-0.1025,0.0243,0.8358,1.5737
67,1,0.5652,246,0.4217,0.2575,-0.2796,0.6162,0.8198
68,1,0.5116,241,0.7055,0.4178,-0.232,0.5786,0.6938
69,1,0.5444,243,0.2088,0.1348,-0.6869,0.1754,0.2222
70,1,0.5088,241,0.043,0.006,-0.6469,0.1555,0.2636
71,1,0.548,244,0.0614,-0.038,-0.8167,0.0438,0.1384
72,1,0.4983,244,0.0769,-0.0453,-0.8152,-0.0308,0.1829
73,0,0.5583,240,0.0632,-0.0149,-0.8974,-0.0164,0.1926
74,0,0.4665,257,0.0651,0.0178,-0.7584,-0.0241,0.1155
75,0,0.571,255,0.0762,-0.0481,-0.905,-0.0084,0.2033
76,0,0.4841,252,0.054,-0.0018,-0.7668,-0.0048,0.1446
77,0,0.5656,248,0.0412,-0.0151,-0.8692,0.0233,0.1274
78,0,0.4843,243,0.0313,-0.0107,-0.7604,0.0053,0.1353
79,0,0.5813,230,0.0618,0.0259,-0.8723,0.0485,0.125
80,0,0.498,240,0.0364,0.0032,-0.7614,0.0277,0.1183
81,0,0.577,244,0.0574,-0.0321,-0.9038,0.0107,0.1824
82,0,0.4799,238,0.0709,0.0341,-0.7573,0.0053,0.1143
83,0,0.5623,227,0.0533,-0.0088,-0.9421,-0.0463,0.2412
84,0,0.501,224,0.0504,-0.0209,-0.7676,0.0306,0.1462
85,0,0.5769,228,0.0904,-0.0281,-0.8739,0.0404,0.2176
86,0,0.4857,223,0.0837,-0.0307,-0.8004,-0.0266,0.2055
87,0,0.5447,235,0.0743,-0.0256,-0.8868,-0.0166,0.2834
88,0,0.4712,223,0.0658,0.0423,-0.7901,-0.0229,0.1992
89,0,0.5739,213,0.0547,-0.0332,-0.9774,-0.0418,0.3091
90,0,0.5074,244,0.0309,0.0033,-0.8083,0.0278,0.1854
91,0,0.5415,229,0.032,-0.0112,-0.9105,-0.0182,0.2896
92,0,0.4886,233,0.0367,-0.0073,-0.8107,-0.0056,0.2539
93,0,0.5464,247,0.0383,0.0039,-0.9147,-0.008,0.2857
94,0,0.4937,223,0.0442,-0.0318,-0.821,-0.0018,0.2357
95,0,0.5732,222,0.0798,0.0441,-0.8861,0.0671,0.1862
96,0,0.4941,209,0.0602,-0.0271,-0.8574,-0.0311,0.2506
97,0,0.5613,213,0.0446,0.0068,-0.8968,0.0429,0.2416
98,0,0.4848,217,0.0451,0.0156,-0.8153,-0.0038,0.2268
99,0,0.5646,210,0.0601,0.0298,-0.9204,0.0247,0.2351
100,0,0.4923,215,0.0371,-0.0111,-0.8434,-0.0201,0.2666
101,0,0.5489,219,0.0351,-0.0001,-0.8925,0.0255,0.2722
102,0,0.4911,211,0.0338,-0.002,-0.8061,0.015,0.1992
103,0,0.532,207,0.0403,-0.0025,-0.9332,-0.0435,0.3044
104,0,0.4834,216,0.0687,-0.0213,-0.8137,-0.0053,0.2689
105,0,0.5492,201,0.0359,0.0123,-0.9184,0.0021,0.2799
106,0,0.4996,203,0.0329,-0.0091,-0.8698,-0.0324,0.2827
107,0,0.5575,195,0.0325,0.0111,-0.9895,-0.0561,0.3156
108,0,0.5115,200,0.0559,-0.0336,-0.8553,0.0021,0.3185
109,0,0.5497,199,0.0411,0.025,-0.9473,-0.0269,0.2955
110,0,0.4977,211,0.0473,-0.0152,-0.8254,0.0089,0.2788
111,0,0.5548,191,0.0288,0.003,-0.9235,0.0054,0.2694
112,0,0.5005,197,0.0361,0.0055,-0.7951,0.0438,0.1869
113,0,0.5641,188,0.0392,-0.0086,-0.9455,0.002,0.2588
114,0,0.3936,196,0.0282,0.0097,-0.8207,-0.161,0.422
115,0,0.143,178,0.0395,-0.0114,-0.4568,-0.2174,0.3363
116,0,-0.7716,208,0.0419,0.0154,-0.0095,-1.3029,1.3357
