frame,phase,exposure,angle,dangle,t_req_a,t_sav_a,ab_a,aa_a,t_req_b,t_sav_b,ab_b,aa_b,n_body,n_bg,n_body_detected,fb_med_body,fb_p90_body,body_flow,same_angle,static_med,static_cl,affine_med,affine_cl,epi_img_med,epi_img_cl,epi_enc_med,epi_enc_cl,epi_enc_cl30,epi_enc_bg,epi_sens_px_per_deg,motion_mm,candidate_raw,accel_guard,state,alarm_confirmed,alarm_any,alarm
2,approach,False,-0.3319999873638153,0.0,0.0,0.173,-0.3319999873638153,-0.3319999873638153,0.261,0.433,-0.3319999873638153,-0.3319999873638153,1565.0,1295.0,1567.0,0.011032273061573505,0.028206512331962585,0.2783211660971054,True,0.23485300001279683,0.47494420907982826,nan,nan,nan,nan,nan,nan,nan,nan,nan,1.0603842772304695,True,False,MOTION,False,False,False
3,approach,False,-0.3319999873638153,0.0,0.261,0.433,-0.3319999873638153,-0.3319999873638153,0.503,0.677,-0.3319999873638153,-0.3319999873638153,1459.0,1490.0,1519.0,0.011410810053348541,0.03274191915988922,1.2369835078566507,True,1.149209393498384,2.653109922425122,nan,nan,nan,nan,nan,nan,nan,nan,nan,5.923466364511225,True,False,MOTION,False,False,False
4,approach,False,-0.3319999873638153,0.0,0.503,0.677,-0.3319999873638153,-0.3319999873638153,0.77,0.929,-0.3319999873638153,-0.3319999873638153,1417.0,1571.0,1491.0,0.014425617642700672,0.039851006120443344,1.8082763344354242,True,1.7846019246436644,2.8881769587332906,nan,nan,nan,nan,nan,nan,nan,nan,nan,6.448288827089036,True,False,MOTION,False,False,False
5,approach,False,-0.3319999873638153,0.0,0.77,0.929,-0.3319999873638153,-0.3319999873638153,1.021,1.166,-0.3319999873638153,-0.3319999873638153,1450.0,1678.0,1486.0,0.010986201465129852,0.03072259947657585,1.005624598615523,True,0.9629772355864266,1.7197802708864864,nan,nan,nan,nan,nan,nan,nan,nan,nan,3.8396677434436803,True,False,MOTION,False,False,False
6,approach,False,-0.3319999873638153,0.0,1.021,1.166,-0.3319999873638153,-0.3319999873638153,1.256,1.432,-0.3319999873638153,-0.3319999873638153,1423.0,1593.0,1433.0,0.009079479612410069,0.022540219128131866,0.18503576822394688,True,0.1655810499898038,0.5892315641366261,nan,nan,nan,nan,nan,nan,nan,nan,nan,1.315547961873091,True,False,MOTION,False,False,False
7,approach,False,-0.3319999873638153,0.0,1.256,1.432,-0.3319999873638153,-0.3319999873638153,1.5,1.669,-0.3319999873638153,-0.3319999873638153,1421.0,1554.0,1456.0,0.012837793678045273,0.03391517698764801,0.9501013401881501,True,0.9101368081509164,1.573450295953662,nan,nan,nan,nan,nan,nan,nan,nan,nan,3.512964097541946,True,False,MOTION,False,False,False
8,approach,False,-0.3319999873638153,0.0,1.5,1.669,-0.3319999873638153,-0.3319999873638153,1.751,1.935,-0.3319999873638153,-0.3319999873638153,1466.0,1602.0,1496.0,0.009822402149438858,0.025225654244422913,0.3746988376551504,True,0.3518097417778489,0.9739438515432728,nan,nan,nan,nan,nan,nan,nan,nan,nan,2.174475922303936,True,False,MOTION,False,False,False
9,approach,False,-0.3319999873638153,0.0,1.751,1.935,-0.3319999873638153,-0.3319999873638153,2.032,2.16,-0.3319999873638153,-0.3319999873638153,1483.0,1441.0,1490.0,0.006996466778218746,0.017485424876213074,0.15745412273190068,True,0.14194174758439052,0.2974734280146379,nan,nan,nan,nan,nan,nan,nan,nan,nan,0.6641541046930706,True,False,MOTION,False,False,False
10,approach,False,-0.3319999873638153,0.0,2.032,2.16,-0.3319999873638153,-0.3319999873638153,2.263,2.436,-0.3319999873638153,-0.3319999873638153,1510.0,1354.0,1520.0,0.007570317946374416,0.020482858642935753,0.17064680023510492,True,0.1680565685227557,0.36947148364715904,nan,nan,nan,nan,nan,nan,nan,nan,nan,0.8249005770667509,True,False,MOTION,False,False,False
11,approach,False,-0.3319999873638153,0.0,2.263,2.436,-0.3319999873638153,-0.3319999873638153,2.53,2.667,-0.3319999873638153,-0.3319999873638153,1526.0,1341.0,1532.0,0.004189474508166313,0.010290986858308315,0.06045680946752101,True,0.03248212262124226,0.1179489540547876,nan,nan,nan,nan,nan,nan,nan,nan,nan,0.26333875433030896,False,False,NO_MOTION,False,False,False
12,approach,False,-0.3319999873638153,0.0,2.53,2.667,-0.3319999873638153,-0.3319999873638153,2.763,2.932,-0.3319999873638153,-0.3319999873638153,1506.0,1358.0,1512.0,0.005069500766694546,0.012585347518324852,0.07956990436961078,True,0.07575911598970857,0.16970648800671093,nan,nan,nan,nan,nan,nan,nan,nan,nan,0.3788952221882359,False,False,NO_MOTION,False,False,False
13,approach,False,-0.3319999873638153,0.0,2.763,2.932,-0.3319999873638153,-0.3319999873638153,3.027,3.165,-0.3319999873638153,-0.3319999873638153,1539.0,1323.0,1547.0,0.00398137466982007,0.009854832664132118,0.046886958607464536,True,0.04275145962923939,0.11236202624567633,nan,nan,nan,nan,nan,nan,nan,nan,nan,0.25086509891237857,False,False,NO_MOTION,False,False,False
14,approach,False,-0.3319999873638153,0.0,3.027,3.165,-0.3319999873638153,-0.3319999873638153,3.258,3.434,-0.3319999873638153,-0.3319999873638153,1524.0,1346.0,1530.0,0.0038317018188536167,0.009467897936701775,0.027348187819781534,True,0.019166612355084527,0.07297494162730307,nan,nan,nan,nan,nan,nan,nan,nan,nan,0.1629275170726363,False,False,NO_MOTION,False,False,False
15,approach,False,-0.3319999873638153,0.0,3.258,3.434,-0.3319999873638153,-0.3319999873638153,3.502,3.663,-0.3319999873638153,-0.3319999873638153,1524.0,1342.0,1534.0,0.003631491679698229,0.008838634938001633,0.025401670639473902,True,0.014856604357734182,0.05415095274903712,nan,nan,nan,nan,nan,nan,nan,nan,nan,0.12090013478294201,False,False,NO_MOTION,False,False,False
16,approach,False,-0.47559999823570254,-0.14360001087188723,3.502,3.663,-0.3319999873638153,-0.3319999873638153,3.753,3.93,-0.3370000123977661,-0.4909999966621399,1530.0,1366.0,1537.0,0.005399108864367008,0.01317050214856863,0.1148299569034307,False,nan,nan,0.3312504609059206,0.43120907797880226,0.12692907583677582,0.25333037707734446,0.025475163946507957,0.09433819215735273,0.069313503610393,0.060075868559510665,0.14111909790587573,0.15475280679938655,False,False,NO_MOTION,False,False,False
17,approach,False,-0.8248999893665314,-0.3492999911308289,3.753,3.93,-0.3370000123977661,-0.4909999966621399,4.032,4.164,-0.6169999837875366,-0.8479999899864197,1480.0,1384.0,1495.0,0.008745303377509117,0.02271447144448757,0.4688851674136955,False,nan,nan,1.1743172618366735,1.4030906089981667,0.08061266139490605,0.2279362751525783,0.02196794324372401,0.2525033069163779,0.06589335932645318,0.040393640403752304,0.1513552554405835,0.14711682102418178,False,False,NO_MOTION,False,False,False
18,approach,False,-1.3601999640464784,-0.5352999746799469,4.032,4.164,-0.6169999837875366,-0.8479999899864197,4.264,4.43,-1.0290000438690186,-1.3969999551773071,1494.0,1265.0,1519.0,0.010254116728901863,0.02663285657763481,0.8990015884060656,False,nan,nan,1.7243210341682595,2.0038051125048217,0.10193721899243219,0.408428081140515,0.029720669302315313,0.3662240968976559,0.15019461764476794,0.13233993632676577,0.14475500630080496,0.3353320411753562,False,False,NO_MOTION,False,False,False
19,approach,False,-1.8720000386238098,-0.5118000745773315,4.264,4.43,-1.0290000438690186,-1.3969999551773071,4.524,4.667,-1.5839999914169312,-1.9040000438690186,1464.0,1280.0,1488.0,0.00946824625134468,0.024629641324281693,0.8699940623540581,False,nan,nan,1.997789562032911,2.4184404644799082,0.05713446528203353,0.36325000315201056,0.03471272009141429,0.3830603209336701,0.08646863426829203,0.14220532389171342,0.14579044341440306,0.19305421247125357,False,False,NO_MOTION,False,False,False
20,approach,False,-2.409200096130371,-0.5372000575065612,4.524,4.667,-1.5839999914169312,-1.9040000438690186,4.76,4.926,-2.078000068664551,-2.446000099182129,1446.0,1281.0,1481.0,0.009527892805635929,0.025298573076725006,0.9781608967282356,False,nan,nan,2.0458902043393987,2.4499491027675266,0.04716172117413332,0.42643709170928346,0.03602472164079917,0.30856156867085005,0.19225824450688733,0.20082010290760238,0.15172927268599537,0.4292454055561896,False,False,NO_MOTION,False,False,False
21,approach,False,-2.9154000997543337,-0.5062000036239627,4.76,4.926,-2.078000068664551,-2.446000099182129,5.022,5.163,-2.640000104904175,-2.946000099182129,1453.0,1348.0,1483.0,0.010081153362989426,0.026079824194312096,0.8472853865359089,False,nan,nan,1.5776822799968964,1.8226517857502849,0.20644557709929798,0.40690170657165825,0.025329502085246352,0.3603065026563185,0.14407378137262666,0.13640100065574634,0.15168680134252455,0.32166635492758544,False,False,NO_MOTION,False,False,False
22,approach,False,-3.469599962234497,-0.5541998624801634,5.022,5.163,-2.640000104904175,-2.946000099182129,5.262,5.431,-3.132999897003174,-3.506999969482422,1446.0,1334.0,1476.0,0.01033451221883297,0.026624415069818497,0.9735668769450502,False,nan,nan,1.8725747245733178,2.105625739982253,0.04788905112237744,0.4944133684432565,0.04210629479021641,0.4262488215519388,0.20848215655027494,0.19332641289344737,0.15253114209433433,0.4654677258142027,False,False,NO_MOTION,False,False,False
23,approach,False,-3.970999908447266,-0.5013999462127687,5.262,5.431,-3.132999897003174,-3.506999969482422,5.502,5.666,-3.638000011444092,-4.007999897003174,1462.0,1344.0,1487.0,0.009536461904644966,0.02730109728872776,0.8651801660877367,False,nan,nan,1.8099723974871191,2.168250302122718,0.14139275780366706,0.5161713084708243,0.03695106554464319,0.3129544655208879,0.19245345393415442,0.1432020721499387,0.1476677967072404,0.4296812399204873,False,False,NO_MOTION,False,False,False
24,approach,False,-4.508500003814698,-0.5375000953674318,5.502,5.666,-3.638000011444092,-4.007999897003174,5.751,5.93,-4.171000003814697,-4.546000003814697,1419.0,1339.0,1446.0,0.009713031351566315,0.026389986276626587,0.9829454001073756,False,nan,nan,1.9231381983319382,2.2378159682004326,0.043947959991390305,0.33550573274664486,0.03998407308365461,0.37165556360757385,0.22242423199258995,0.19800771223489408,0.14930065964609024,0.4965955031580612,False,False,NO_MOTION,False,False,False
25,approach,False,-5.0125,-0.5039999961853026,5.751,5.93,-4.171000003814697,-4.546000003814697,6.019,6.168,-4.710999965667725,-5.046000003814697,1413.0,1393.0,1429.0,0.010199733078479767,0.02689756266772747,0.8603709428909019,False,nan,nan,1.9100617772197948,2.2010690355734743,0.12988214732031012,0.4830304128060736,0.03832112482293551,0.28754238589324005,0.1816114878326332,0.14095754543583963,0.14873065754796425,0.4054749222761627,False,False,NO_MOTION,False,False,False
26,approach,False,-5.550199890136719,-0.5376998901367189,6.019,6.168,-4.710999965667725,-5.046000003814697,6.228,6.431,-5.156000137329102,-5.593999862670898,1431.0,1398.0,1453.0,0.009760139510035515,0.027760736644268036,0.9908158338001009,False,nan,nan,1.858265010640786,2.086290204799446,0.03665134141155078,0.40674597723413203,0.060716941366951986,0.3931052407230884,0.2631914960757104,0.2058232503545398,0.15015814825739826,0.587614542937905,False,False,NO_MOTION,False,False,False
27,approach,False,-6.064699792861939,-0.5144999027252197,6.228,6.431,-5.156000137329102,-5.593999862670898,6.528,6.664,-5.791999816894531,-6.09499979019165,1427.0,1391.0,1447.0,0.010005670599639416,0.025984877720475197,0.8517030547186168,False,nan,nan,1.9399718440512859,2.35985539113568,0.05362299580192936,0.40036666373019336,0.03884628236775041,0.3057001569161301,0.1532516190764155,0.13237819757764316,0.14588392167061245,0.34215725599347235,False,False,NO_MOTION,False,False,False
28,approach,False,-6.596999979019165,-0.5323001861572259,6.528,6.664,-5.791999816894531,-6.09499979019165,6.764,6.928,-6.2820000648498535,-6.631999969482422,1391.0,1445.0,1413.0,0.009833907708525658,0.025799106806516647,0.9668921423907018,False,nan,nan,2.212638140708996,2.5664214044890628,0.17318548095497746,0.678284473529561,0.05302390950339424,0.3901585033489038,0.2270560176096795,0.1906203882852808,0.1469593255933012,0.506936660182335,False,False,NO_MOTION,False,False,False
29,approach,False,-7.0986998081207275,-0.5016998291015629,6.764,6.928,-6.2820000648498535,-6.631999969482422,7.029,7.163,-6.835000038146973,-7.127999782562256,1396.0,1358.0,1427.0,0.009489690884947777,0.024146180599927902,0.8412853155661884,False,nan,nan,1.3326145430740017,1.561118248937988,0.318982902570487,0.5229450663691956,0.0395030306515826,0.3045379054903741,0.12292564281102067,0.13733197117083712,0.14699833532013462,0.2744499594126984,False,False,NO_MOTION,False,False,False
30,approach,False,-7.6570000648498535,-0.558300256729126,7.029,7.163,-6.835000038146973,-7.127999782562256,7.225,7.431,-7.243000030517578,-7.703000068664551,1353.0,1348.0,1376.0,0.00978563167154789,0.025698833167552948,0.9579871422821652,False,nan,nan,1.7450416041671988,2.059907385331756,0.05030509917680382,0.3456760870191482,0.045913299039491554,0.4452490523664353,0.19673982833602102,0.17420416734974542,0.1460126075217593,0.43925121453049154,False,False,NO_MOTION,False,False,False
31,approach,False,-8.16680006980896,-0.5098000049591072,7.225,7.431,-7.243000030517578,-7.703000068664551,7.505,7.67,-7.841000080108643,-8.20300006866455,1386.0,1334.0,1408.0,0.009560651145875454,0.02417403645813465,0.8240354640819403,False,nan,nan,1.461457879981381,1.6726333955915607,0.0440260000265371,0.36274136433327253,0.035157959137738906,0.3056924690060096,0.1800758350636319,0.13594781018183927,0.14185930697231106,0.4020463468342402,False,False,NO_MOTION,False,False,False
32,approach,False,-8.709799766540527,-0.5429996967315667,7.505,7.67,-7.841000080108643,-8.20300006866455,7.76,7.925,-8.375,-8.746999740600586,1408.0,1326.0,1440.0,0.009937326423823833,0.02821657992899418,0.9215750822450863,False,nan,nan,1.8966555155348357,2.2610383597446173,0.054161425383796896,0.28822387068370026,0.041771226719948644,0.32937267753677923,0.164931828943459,0.18243940438401432,0.14535147351807864,0.36823507873766625,False,False,NO_MOTION,False,False,False
33,approach,False,-9.193100357055664,-0.4833005905151371,7.76,7.925,-8.375,-8.746999740600586,8.009,8.16,-8.906000137329102,-9.225000381469727,1434.0,1415.0,1456.0,0.00984798464924097,0.02677028626203537,0.8033263282287216,False,nan,nan,1.8268059739685867,2.0419234300885125,0.02178556308298878,0.3263455945739827,0.03059523225084437,0.2719642268755924,0.15331383972049675,0.16121133208615013,0.14312225536122533,0.34229617292611747,False,False,NO_MOTION,False,False,False
34,approach,False,-9.743199729919434,-0.5500993728637695,8.009,8.16,-8.906000137329102,-9.225000381469727,8.255,8.433,-9.411999702453613,-9.779999732971191,1380.0,1385.0,1406.0,0.009486306458711624,0.027549846097826958,0.9053962423661819,False,nan,nan,1.9255811292173979,2.1967109941207807,0.04896990309565055,0.2664303881475508,0.038113873219815464,0.27113858497274107,0.19861132727008762,0.17476944008065795,0.14382667781671676,0.44342961697566013,False,False,NO_MOTION,False,False,False
35,approach,False,-10.222800350189209,-0.4796006202697747,8.255,8.433,-9.411999702453613,-9.779999732971191,8.501,8.669,-9.906000137329102,-10.258000373840332,1356.0,1395.0,1382.0,0.009434194304049015,0.02607719413936138,0.7945677496916892,False,nan,nan,1.4516300727640048,1.669758167004895,0.05297471866186518,0.37680567748607163,0.03223480429288179,0.3205409149576611,0.1902712388197621,0.15242611343377277,0.14191998456755772,0.4248091169372015,False,False,NO_MOTION,False,False,False
36,approach,False,-10.773000240325928,-0.5501998901367191,8.501,8.669,-9.906000137329102,-10.258000373840332,8.753,8.931,-10.42199993133545,-10.812000274658203,1317.0,1378.0,1341.0,0.009579603560268879,0.026350688189268112,0.8752923708295006,False,nan,nan,0.95634657622669,1.5539856875597615,0.07804004346168976,0.29418966035806376,0.04282516667998145,0.2955165401649118,0.18666104638546654,0.18820388310502972,0.14047826813771586,0.4167488201235605,False,False,NO_MOTION,False,False,False
37,approach,False,-11.258199977874757,-0.48519973754882884,8.753,8.931,-10.42199993133545,-10.812000274658203,9.017,9.161,-10.972000122070312,-11.289999961853027,1367.0,1438.0,1392.0,0.009433437138795853,0.027286341413855553,0.7976151604017602,False,nan,nan,1.4813788601640783,1.7080900977946145,0.1471821113028408,0.3100747325656288,0.04072298111048286,0.29777919339854164,0.13969093177221942,0.1518932206328133,0.1399162685469449,0.31188098494751576,False,False,NO_MOTION,False,False,False
38,approach,False,-11.819100379943848,-0.5609004020690911,9.017,9.161,-10.972000122070312,-11.289999961853027,9.24,9.431,-11.432999610900879,-11.862000465393066,1425.0,1382.0,1484.0,0.009894662536680698,0.028275715187191963,0.8795842535252113,False,nan,nan,1.801611216625622,2.1726086627515446,0.06113893027521808,0.33456538063921754,0.044153543973612513,0.266793542591825,0.16650910751243753,0.17150470435531573,0.14480454017011368,0.3717565900296932,False,False,NO_MOTION,False,False,False
39,approach,False,-12.332399654388428,-0.5132992744445808,9.24,9.431,-11.432999610900879,-11.862000465393066,9.514,9.663,-12.020999908447266,-12.366999626159668,1360.0,1429.0,1388.0,0.009700365364551544,0.026599010452628136,0.7874709408946265,False,nan,nan,1.1209396753874579,1.4958940917366674,0.06840620622048738,0.36717080665088736,0.04475037113223267,0.2454730047947602,0.1791187809658666,0.12382493506274075,0.14213885315969163,0.3999095798238675,False,False,NO_MOTION,False,False,False
40,approach,False,-12.883600044250489,-0.5512003898620605,9.514,9.663,-12.020999908447266,-12.366999626159668,9.728,9.93,-12.493000030517578,-12.927000045776367,1354.0,1430.0,1396.0,0.009685475379228592,0.02843354269862175,0.876766087089975,False,nan,nan,1.4602383988331897,1.8278273289988216,0.31083253015257784,0.46063780107225816,0.044822309857267414,0.2866815129426207,0.16333162966367448,0.18106925743451227,0.13705053946968151,0.36466239351637153,False,False,NO_MOTION,False,False,False
41,approach,False,-13.393000030517578,-0.5093999862670895,9.728,9.93,-12.493000030517578,-12.927000045776367,10.011,10.166,-13.086999893188477,-13.427000045776367,1341.0,1493.0,1364.0,0.009896215982735157,0.027823079377412796,0.7772293115214551,False,nan,nan,1.5036365876773525,1.7792781883332114,0.380547457904051,1.0560228083366343,0.03687916812672507,0.20111115287939743,0.13674386985653916,0.12748076591923582,0.13587282830758635,0.3053012266102859,False,False,NO_MOTION,False,False,False
42,approach,False,-13.920499992370605,-0.5274999618530263,10.011,10.166,-13.086999893188477,-13.427000045776367,10.242,10.428,-13.5649995803833,-13.960000038146973,1291.0,1464.0,1319.0,0.009851377457380295,0.02694275788962841,0.8649188069514451,False,nan,nan,0.9887200982274598,1.5146175287822208,0.1055140898499682,0.3937362190526241,0.04331158546304136,0.31245447055104575,0.21784541630081145,0.19338353758650423,0.1322360198286203,0.48637260944744015,False,False,NO_MOTION,False,False,False
43,approach,False,-14.423800468444824,-0.5033004760742195,10.242,10.428,-13.5649995803833,-13.960000038146973,10.525,10.665,-14.152000427246094,-14.454000473022461,1296.0,1501.0,1327.0,0.009396042674779892,0.026369813829660416,0.7809633888762235,False,nan,nan,0.9406028760601841,1.4705464773482597,0.1179152773797732,0.2896018734074348,0.03428624855400684,0.21301463941394516,0.12544947547873148,0.1445799610352826,0.1326192640132924,0.2800847948902931,False,False,NO_MOTION,False,False,False
44,approach,False,-14.951300430297852,-0.527499961853028,10.525,10.665,-14.152000427246094,-14.454000473022461,10.757,10.926,-14.630000114440918,-14.987000465393066,1291.0,1463.0,1333.0,0.009725787676870823,0.02878485433757305,0.8804781498634786,False,nan,nan,1.689547878346513,1.9423543616210224,0.12818693076764429,0.42781036061376476,0.05066617241940187,0.2679272658707663,0.23472855067038273,0.1891426040054141,0.13272612051516003,0.524066742555301,False,False,NO_MOTION,False,False,False
45,approach,False,-15.44850034713745,-0.4971999168395982,10.757,10.926,-14.630000114440918,-14.987000465393066,11.01,11.164,-15.147000312805176,-15.482000350952148,1328.0,1449.0,1360.0,0.009259890764951706,0.02780424989759922,0.7604940304219912,False,nan,nan,0.9592978215571889,1.5938692271719226,0.15248020360137032,0.3900329047431943,0.04059671252404889,0.2782973036445566,0.10769858867909124,0.13630828585017143,0.1335767653052406,0.24045327415714382,False,False,NO_MOTION,False,False,False
46,approach,False,-16.018500518798827,-0.570000171661377,11.01,11.164,-15.147000312805176,-15.482000350952148,11.256,11.43,-15.663000106811523,-16.058000564575195,1284.0,1479.0,1315.0,0.010070152580738068,0.03217457979917526,0.8882883065596184,False,nan,nan,2.1419708330986853,2.3849838146365365,0.13824976770073677,0.3240879249617198,0.04955472273595045,0.2585722706622071,0.1752014614084893,0.1638446926658824,0.13318030588710655,0.39116357558143633,False,False,NO_MOTION,False,False,False
47,approach,False,-16.512400817871093,-0.4939002990722656,11.256,11.43,-15.663000106811523,-16.058000564575195,11.503,11.661,-16.201000213623047,-16.547000885009766,1314.0,1460.0,1354.0,0.009010033681988716,0.026666520163416862,0.7776399357334471,False,nan,nan,0.664999728328276,1.5015431150423741,0.16731329421065325,0.6065931253681158,0.034564541352038375,0.2729966429392184,0.1453516445441524,0.15473242754799682,0.12938137378456935,0.32451937637649,False,False,NO_MOTION,False,False,False
48,approach,False,-16.80720043182373,-0.29479961395263743,11.503,11.661,-16.201000213623047,-16.547000885009766,11.75,11.927,-16.673999786376953,-16.82200050354004,1327.0,1462.0,1358.0,0.00949999038130045,0.026575936004519463,0.6993137584899339,False,nan,nan,1.3337883058521498,1.5953183709895695,0.024613464195362367,0.22503069732983982,0.05101469005430013,0.2026156798230875,0.16960505594843095,0.2433369725201912,0.13460146336104067,0.37866875988434634,False,False,NO_MOTION,False,False,False
49,approach,False,-16.543799781799315,0.2634006500244155,11.75,11.927,-16.673999786376953,-16.82200050354004,11.994,12.168,-16.839000701904297,-16.51099967956543,1423.0,1487.0,1431.0,0.006134336814284325,0.01795392669737339,0.16382254945553015,False,nan,nan,0.37907382738535367,0.6349962465600782,0.11452325710992713,0.3876628566779741,0.06182865455068545,0.5664291510463875,0.3063671439582922,0.4073135504786942,0.1497237528002801,0.6840106612580541,False,True,NO_MOTION_UNRELIABLE,False,False,False
50,dwell_start,False,-16.514299964904787,0.029499816894528408,11.994,12.168,-16.839000701904297,-16.51099967956543,12.277,12.432,-16.517000198364258,-16.513999938964844,1410.0,1605.0,1411.0,0.004004320129752159,0.010740094818174839,0.029144835616652494,False,nan,nan,0.07298192448115609,0.14307227110297477,0.01525428438871819,0.0873083569808625,0.019275738306086018,0.061951557937975174,0.037042799706662265,0.051561067500615856,0.12560639584212582,0.08270361369316122,False,False,NO_MOTION,False,False,False
51,dwell_start,False,-16.513999938964844,0.00030002593994282734,12.277,12.432,-16.517000198364258,-16.513999938964844,12.507,12.667,-16.513999938964844,-16.513999938964844,1436.0,1577.0,1438.0,0.0040151081047952175,0.011109672486782074,0.025691582715126265,True,0.005543783509552439,0.043007966468014504,nan,nan,nan,nan,nan,nan,nan,nan,nan,0.0960217443785541,False,False,NO_MOTION,False,False,False
52,dwell_start,False,-16.513999938964844,0.0,12.507,12.667,-16.513999938964844,-16.513999938964844,12.742,12.933,-16.513999938964844,-16.513999938964844,1531.0,1489.0,1532.0,0.004234032239764929,0.011544561944901943,0.04050419447914177,True,0.02492476416405911,0.07114458704466357,nan,nan,nan,nan,nan,nan,nan,nan,nan,0.15884097557137664,False,False,NO_MOTION,False,False,False
53,dwell_start,False,-16.513999938964844,0.0,12.742,12.933,-16.513999938964844,-16.513999938964844,13.006,13.165,-16.513999938964844,-16.513999938964844,1596.0,1475.0,1598.0,0.003922952339053154,0.011660849675536156,0.024991366870807767,True,0.00910841356813757,0.044913424474968405,nan,nan,nan,nan,nan,nan,nan,nan,nan,0.10027596555415584,False,False,NO_MOTION,False,False,False
54,dwell_start,False,-16.513999938964844,0.0,13.006,13.165,-16.513999938964844,-16.513999938964844,13.258,13.43,-16.513999938964844,-16.513999938964844,1530.0,1496.0,1533.0,0.0038443668745458126,0.010622331872582436,0.019832689003569756,True,0.005081761208425215,0.026973758755444246,nan,nan,nan,nan,nan,nan,nan,nan,nan,0.06022296753022058,False,False,NO_MOTION,False,False,False
55,dwell_start,False,-16.513999938964844,0.0,13.258,13.43,-16.513999938964844,-16.513999938964844,13.522,13.668,-16.513999938964844,-16.513999938964844,1441.0,1555.0,1441.0,0.003872847883030772,0.010710452683269978,0.021010543306246337,True,0.004902169782855213,0.024002819629565752,nan,nan,nan,nan,nan,nan,nan,nan,nan,0.053589899735175875,False,False,NO_MOTION,False,False,False
56,dwell_start,False,-16.513999938964844,0.0,13.522,13.668,-16.513999938964844,-16.513999938964844,13.735,13.941,-16.513999938964844,-16.513999938964844,1472.0,1528.0,1475.0,0.0037939019966870546,0.010655355639755726,0.022666188801982887,True,0.0064940357578633775,0.04118375306791509,nan,nan,nan,nan,nan,nan,nan,nan,nan,0.09194891398964114,False,False,NO_MOTION,False,False,False
57,dwell_start,False,-16.513999938964844,0.0,13.735,13.941,-16.513999938964844,-16.513999938964844,14.035,14.165,-16.513999938964844,-16.513999938964844,1364.0,1623.0,1368.0,0.003910598810762167,0.01075542252510786,0.019830200225585286,True,0.004371732013644939,0.0274899517155623,nan,nan,nan,nan,nan,nan,nan,nan,nan,0.06137544583917126,False,False,NO_MOTION,False,False,False
58,dwell_start,False,-16.513999938964844,0.0,14.035,14.165,-16.513999938964844,-16.513999938964844,14.235,14.433,-16.513999938964844,-16.513999938964844,1485.0,1540.0,1486.0,0.004117951262742281,0.011346672661602497,0.03146218981480687,True,0.020516685589131806,0.07052790130559906,nan,nan,nan,nan,nan,nan,nan,nan,nan,0.15746413204071608,False,False,NO_MOTION,False,False,False
59,dwell_start,False,-16.51580066680908,-0.0018007278442375707,14.235,14.433,-16.513999938964844,-16.513999938964844,14.519,14.664,-16.513999938964844,-16.516000747680664,1536.0,1485.0,1540.0,0.003961225040256977,0.010471438989043236,0.022240494558976885,True,0.007543914312327726,0.034617718021456606,nan,nan,nan,nan,nan,nan,nan,nan,nan,0.07728925461512594,False,False,NO_MOTION,False,False,False
60,dwell_start,False,-16.516000747680664,-0.0002000808715827418,14.519,14.664,-16.513999938964844,-16.516000747680664,14.751,14.935,-16.516000747680664,-16.516000747680664,1462.0,1566.0,1462.0,0.0038826833479106426,0.010875971987843513,0.020171713082506926,True,0.005017252060834269,0.029228653819202352,nan,nan,nan,nan,nan,nan,nan,nan,nan,0.06525735941605113,False,False,NO_MOTION,False,False,False
61,dwell_start,False,-16.516000747680664,0.0,14.751,14.935,-16.516000747680664,-16.516000747680664,15.032,15.163,-16.516000747680664,-16.516000747680664,1470.0,1542.0,1473.0,0.0038629756309092045,0.010298611596226692,0.023233945285779708,True,0.010972588379542236,0.035009952588932934,nan,nan,nan,nan,nan,nan,nan,nan,nan,0.07816497719556124,False,False,NO_MOTION,False,False,False
62,dwell_start,False,-16.516000747680664,0.0,15.032,15.163,-16.516000747680664,-16.516000747680664,15.238,15.429,-16.516000747680664,-16.516000747680664,1500.0,1512.0,1501.0,0.004011363256722689,0.010683435946702957,0.030561937845670024,True,0.017635384028381357,0.05319144111870766,nan,nan,nan,nan,nan,nan,nan,nan,nan,0.11875788096203034,False,False,NO_MOTION,False,False,False
63,dwell_start,False,-16.516000747680664,0.0,15.238,15.429,-16.516000747680664,-16.516000747680664,15.528,15.667,-16.516000747680664,-16.516000747680664,1450.0,1552.0,1452.0,0.003921254072338343,0.01101892814040184,0.024297769009308707,True,0.009301435289708726,0.04569145113886529,nan,nan,nan,nan,nan,nan,nan,nan,nan,0.10201302693081885,False,False,NO_MOTION,False,False,False
64,dwell_start,False,-16.516000747680664,0.0,15.528,15.667,-16.516000747680664,-16.516000747680664,15.74,15.959,-16.516000747680664,-16.516000747680664,1346.0,1647.0,1347.0,0.0039069633930921555,0.011981166899204254,0.03139743287635173,True,0.017091612321606393,0.05933675317058403,nan,nan,nan,nan,nan,nan,nan,nan,nan,0.13247821306400434,False,False,NO_MOTION,False,False,False
65,dwell_start,False,-16.516000747680664,0.0,15.74,15.959,-16.516000747680664,-16.516000747680664,16.057,16.376,-16.516000747680664,-16.516000747680664,1471.0,1550.0,1474.0,0.003996870946139097,0.011253084987401962,0.03738711604623937,True,0.021458773425269848,0.057312169673074245,nan,nan,nan,nan,nan,nan,nan,nan,nan,0.12795802633963307,False,False,NO_MOTION,False,False,False
66,dwell_start,False,-16.516000747680664,0.0,16.057,16.376,-16.516000747680664,-16.516000747680664,16.443,16.561,-16.516000747680664,-16.516000747680664,1518.0,1484.0,1520.0,0.003771584015339613,0.010221767239272594,0.024856888418603708,True,0.00932235824829993,0.04103724407027628,nan,nan,nan,nan,nan,nan,nan,nan,nan,0.0916218106486614,False,False,NO_MOTION,False,False,False
67,dwell_start,False,-16.516000747680664,0.0,16.443,16.561,-16.516000747680664,-16.516000747680664,16.645,16.797,-16.516000747680664,-16.516000747680664,1460.0,1517.0,1461.0,0.00402328884229064,0.01084846630692482,0.026823625628564836,True,0.00909244020029882,0.06673177064794222,nan,nan,nan,nan,nan,nan,nan,nan,nan,0.1489887002179116,False,False,NO_MOTION,False,False,False
68,dwell_start,False,-16.516000747680664,0.0,16.645,16.797,-16.516000747680664,-16.516000747680664,16.882,17.064,-16.516000747680664,-16.516000747680664,1403.0,1558.0,1403.0,0.003999345935881138,0.011139077134430408,0.026985901076346876,True,0.010202908174257876,0.054194841223002235,nan,nan,nan,nan,nan,nan,nan,nan,nan,0.12099812239254865,False,False,NO_MOTION,False,False,False
69,dwell_start,False,-16.516000747680664,0.0,16.882,17.064,-16.516000747680664,-16.516000747680664,17.127,17.294,-16.516000747680664,-16.516000747680664,1490.0,1536.0,1491.0,0.004103739745914936,0.011203690432012081,0.020633732785716057,True,0.004728912408424554,0.03156985540536011,nan,nan,nan,nan,nan,nan,nan,nan,nan,0.07048444357525907,False,False,NO_MOTION,False,False,False
70,dwell_start,False,-16.516000747680664,0.0,17.127,17.294,-16.516000747680664,-16.516000747680664,17.382,17.56,-16.516000747680664,-16.516000747680664,1472.0,1507.0,1473.0,0.004086575470864773,0.011596987955272198,0.019862099868784264,True,0.001076419159870099,0.027626978768719255,nan,nan,nan,nan,nan,nan,nan,nan,nan,0.061681379315030184,False,False,NO_MOTION,False,False,False
71,dwell_start,False,-16.516000747680664,0.0,17.382,17.56,-16.516000747680664,-16.516000747680664,17.621,17.794,-16.516000747680664,-16.516000747680664,1474.0,1545.0,1475.0,0.003947471734136343,0.010959092527627945,0.022288879365047545,True,0.01027260971577384,0.03574947582048193,nan,nan,nan,nan,nan,nan,nan,nan,nan,0.07981607387679147,False,False,NO_MOTION,False,False,False
72,dwell_start,False,-16.516000747680664,0.0,17.621,17.794,-16.516000747680664,-16.516000747680664,17.88,18.062,-16.516000747680664,-16.516000747680664,1420.0,1574.0,1423.0,0.003924043383449316,0.010847657918930054,0.020008795945263422,True,0.0027715779788170998,0.02447721888836156,nan,nan,nan,nan,nan,nan,nan,nan,nan,0.0546490673290528,False,False,NO_MOTION,False,False,False
73,dwell_start,False,-16.516000747680664,0.0,17.88,18.062,-16.516000747680664,-16.516000747680664,18.16,18.298,-16.516000747680664,-16.516000747680664,1467.0,1552.0,1470.0,0.0037945022340863943,0.011084272526204586,0.023823721064147534,True,0.009379022040209134,0.04300272942607019,nan,nan,nan,nan,nan,nan,nan,nan,nan,0.09601005189587765,False,False,NO_MOTION,False,False,False
74,sweep,True,-16.105399513244627,0.4106012344360366,18.16,18.298,-16.516000747680664,-16.516000747680664,18.391,18.561,-16.38800048828125,-16.073999404907227,1408.0,1575.0,1425.0,0.008657338097691536,0.02342456951737404,0.26100813076450313,False,nan,nan,1.0236053005159556,1.522871978142538,0.06627861013533454,0.2596700022449262,0.025573429227439014,0.12156826004725164,0.10889388160380828,0.1483968156756704,0.1425777189182802,0.24312194512906787,False,False,NO_MOTION,False,False,False
75,sweep,True,-15.62760009765625,0.47779941558837713,18.391,18.561,-16.38800048828125,-16.073999404907227,18.657,18.795,-15.902999877929688,-15.597000122070312,1454.0,1403.0,1557.0,0.01000223495066166,0.0279508288949728,0.6955756758311855,False,nan,nan,1.2634637929127708,4.219224750641898,0.07804127287455515,2.591757250979399,0.032944050467263744,2.611895983869239,0.12837542859694956,0.11118462149383342,0.12972963369016904,0.2866174246669211,False,False,NO_MOTION,False,False,False
76,sweep,True,-15.063499641418456,0.564100456237794,18.657,18.795,-15.902999877929688,-15.597000122070312,18.888,19.062,-15.40999984741211,-15.024999618530273,1348.0,1392.0,1435.0,0.00995081290602684,0.028996918350458145,0.8559915418849269,False,nan,nan,1.535911339131991,4.75514144631329,0.2016531270152782,4.466155681803082,0.04326888883670306,5.166320467672519,0.11008871930362499,0.16928747931996402,0.1340805193508875,0.24578959974303308,False,False,NO_MOTION,False,False,False
77,sweep,True,-14.562300109863282,0.5011995315551747,18.888,19.062,-15.40999984741211,-15.024999618530273,19.153,19.294,-14.843999862670898,-14.531000137329102,1298.0,1486.0,1333.0,0.00875704176723957,0.02638937719166279,0.8017052701655132,False,nan,nan,1.266987084524514,1.8087649736640166,0.3028896083156191,0.686691722154285,0.04379051363092072,0.20048874404489292,0.12979355003902812,0.1314238681766368,0.13226845860894557,0.2897835937698078,False,False,NO_MOTION,False,False,False
78,sweep,True,-14.023500061035156,0.5388000488281257,19.153,19.294,-14.843999862670898,-14.531000137329102,19.384,19.564,-14.361000061035156,-13.986000061035156,1275.0,1525.0,1310.0,0.009103297255933285,0.02595783956348896,0.8819612884813228,False,nan,nan,0.7384481344975448,1.4841787410083858,0.08470485487002445,0.25257986568283997,0.04219129783309191,0.2419569580175302,0.14381496515786818,0.17779867527402032,0.1317190570582069,0.3210885088572988,False,False,NO_MOTION,False,False,False
79,sweep,True,-13.550700283050537,0.47279977798461914,19.384,19.564,-14.361000061035156,-13.986000061035156,19.627,19.793,-13.871999740600586,-13.515000343322754,1354.0,1450.0,1421.0,0.009829881601035595,0.027153028175234795,0.7874906524355862,False,nan,nan,1.6098134163710882,2.676900066761176,0.05649440890127459,0.7707194359407857,0.05646243663118572,0.8184042142269757,0.1378802024396079,0.14881514142489796,0.13468167458950303,0.3078382597644016,False,False,NO_MOTION,False,False,False
80,sweep,True,-12.990800094604491,0.5599001884460453,19.627,19.793,-13.871999740600586,-13.515000343322754,19.882,20.062,-13.331000328063965,-12.95300006866455,1305.0,1473.0,1347.0,0.00991478469222784,0.02830452099442482,0.9014713507401397,False,nan,nan,1.0069222851066777,1.5859244955564926,0.031068107937917828,0.2611743895913884,0.05095904249005793,0.3183278448878918,0.18729661240197767,0.1692882378330105,0.1327088530988399,0.41816781670919345,False,False,NO_MOTION,False,False,False
81,sweep,True,-12.187100028991699,0.8037000656127926,19.882,20.062,-13.331000328063965,-12.95300006866455,20.166,20.452,-12.746000289916992,-12.125,1274.0,1415.0,1341.0,0.010032670572400093,0.030565181747078896,1.2891741092213294,False,nan,nan,1.1456056316739867,1.9567734866400477,0.1133635004940149,0.3385086094869444,0.0612287015415035,0.4070566624552976,0.19623615775359385,0.2226626063774087,0.12914825623614706,0.43812669431043444,False,False,NO_MOTION,False,False,False
82,sweep,True,-11.695799732208252,0.49130029678344656,20.166,20.452,-12.746000289916992,-12.125,20.543,20.662,-11.937000274658203,-11.668999671936035,1308.0,1457.0,1341.0,0.009274361655116081,0.02748238667845726,0.8036351936595476,False,nan,nan,1.3771304940396587,1.6518428217685526,0.38572458111899066,0.9208272099016364,0.04718893923897772,0.2218545823214455,0.11876494389339823,0.14755861654214528,0.14055194871644805,0.26516057419609684,False,False,NO_MOTION,False,False,False
83,sweep,True,-11.143599605560302,0.5522001266479499,20.543,20.662,-11.937000274658203,-11.668999671936035,20.723,20.924,-11.553999900817871,-11.097999572753906,1306.0,1438.0,1342.0,0.00961417518556118,0.02660779468715191,0.9101669527688486,False,nan,nan,1.962768140522146,2.209272871266134,0.19283443607665884,0.35609712575491614,0.04591884466259588,0.3623477211599196,0.16780578471271762,0.18774176452593053,0.1365121068971666,0.3746516166234149,False,False,NO_MOTION,False,False,False
84,sweep,True,-10.638800239562988,0.5047993659973145,20.723,20.924,-11.553999900817871,-11.097999572753906,20.989,21.161,-10.970000267028809,-10.60200023651123,1395.0,1437.0,1436.0,0.009296998381614685,0.02669905312359333,0.79866844229423,False,nan,nan,1.4225608969267698,3.6060818847525447,0.1017630379553461,2.2367218534033766,0.03490888355257711,2.403683532420086,0.18846484402551683,0.13932122373164788,0.13954283861492903,0.42077606926198147,False,False,NO_MOTION,False,False,False
85,sweep,True,-10.087500190734863,0.551300048828125,20.989,21.161,-10.970000267028809,-10.60200023651123,21.222,21.427,-10.48799991607666,-10.043000221252441,1435.0,1375.0,1487.0,0.010673170909285545,0.029130928218364716,0.8797871004791041,False,nan,nan,1.7978676363008317,5.907336419056881,0.3285005046322475,4.993016436983647,0.04044143022157052,4.67971287685233,0.1782518898476796,0.18478743832990116,0.1446909383957755,0.39797411520671344,False,False,NO_MOTION,False,False,False
86,sweep,True,-9.586899852752685,0.5006003379821777,21.222,21.427,-10.48799991607666,-10.043000221252441,21.488,21.667,-9.928000450134277,-9.548999786376953,1362.0,1424.0,1376.0,0.009601598605513573,0.027486369013786316,0.8072031573130678,False,nan,nan,1.6983767190888408,1.8930548877792883,0.2704469567097799,1.0713486589621928,0.0341756180883883,0.2776270873017985,0.16664769254678102,0.149088356818258,0.13892285938005006,0.3720660019325396,False,False,NO_MOTION,False,False,False
87,sweep,True,-8.802199840545654,0.7847000122070309,21.488,21.667,-9.928000450134277,-9.548999786376953,21.817,22.061,-9.362000465393066,-8.739999771118164,1347.0,1354.0,1411.0,0.010690957307815552,0.028507431969046593,1.3968556988774115,False,nan,nan,1.3688703332443108,2.017881936990051,0.19850850010578297,1.0463501778028423,0.056857990060252224,0.43703850693296786,0.2422941207078727,0.33128730477555546,0.1416743744018624,0.5409580139144848,False,False,NO_MOTION,False,False,False
88,sweep,True,-8.289000320434571,0.5131995201110833,21.817,22.061,-9.362000465393066,-8.739999771118164,22.122,22.296,-8.630999565124512,-8.25100040435791,1401.0,1372.0,1421.0,0.00972189661115408,0.024942273274064064,0.8159697126618499,False,nan,nan,1.322553346451517,1.566564111702775,0.1272744947754936,0.6614307163701034,0.035515702177253014,0.2724854434471021,0.12947612378235446,0.1225857903724975,0.1365943291043544,0.28907489197847736,False,False,NO_MOTION,False,False,False
89,sweep,True,-7.729299879074096,0.5597004413604747,22.122,22.296,-8.630999565124512,-8.25100040435791,22.393,22.561,-8.0649995803833,-7.691999912261963,1454.0,1328.0,1492.0,0.0099348658695817,0.028794946148991585,0.9143261919111738,False,nan,nan,2.071904304347765,2.318685494769367,0.05768472097889254,0.3344437055649492,0.043310481177911316,0.3414576308731099,0.1429840797989767,0.17546296327469146,0.14485835365076338,0.31923343250536995,False,False,NO_MOTION,False,False,False
90,sweep,True,-7.211700105667115,0.5175997734069817,22.393,22.561,-8.0649995803833,-7.691999912261963,22.644,22.8,-7.5329999923706055,-7.176000118255615,1427.0,1397.0,1454.0,0.010277901776134968,0.028135916218161583,0.8211637747810416,False,nan,nan,0.909321023959465,1.5128127558740352,0.043016324243163755,0.4402688328233043,0.03351914731479819,0.3459633193480046,0.16538797260728283,0.12876372323979574,0.1408797106657983,0.3692534879740147,False,False,NO_MOTION,False,False,False
91,sweep,True,-6.662699937820435,0.54900016784668,22.644,22.8,-7.5329999923706055,-7.176000118255615,22.892,23.061,-6.993000030517578,-6.625999927520752,1367.0,1366.0,1402.0,0.009695949032902718,0.02564009465277195,0.9554456515600337,False,nan,nan,1.2071117617628724,1.5281634515024205,0.3116999971659179,0.9149214199460982,0.04845999169282126,0.34612689662748775,0.18561700005538695,0.17291032277861235,0.14011539362475262,0.41441782988944126,False,False,NO_MOTION,False,False,False
92,sweep,True,-6.166200160980225,0.49649977684020996,22.892,23.061,-6.993000030517578,-6.625999927520752,23.155,23.296,-6.438000202178955,-6.136000156402588,1409.0,1372.0,1438.0,0.009389500133693218,0.024267584085464478,0.8400648523769265,False,nan,nan,1.1375180817921062,1.5596516471195776,0.08388906418655062,0.5246696664006785,0.03882146203657013,0.28253736543250607,0.17359544255646753,0.14703847110321003,0.1432660456595726,0.38757789729109765,False,False,NO_MOTION,False,False,False
93,sweep,True,-5.6135002136230465,0.5526999473571781,23.155,23.296,-6.438000202178955,-6.136000156402588,23.39,23.561,-5.951000213623047,-5.576000213623047,1391.0,1332.0,1420.0,0.010223206132650375,0.02699890360236168,0.9832934552803662,False,nan,nan,1.3301900414524013,1.8002119280834086,0.068037054786313,0.39567999843358065,0.0634928305921622,0.34895602350232857,0.2125954033571082,0.18155162136792533,0.1473339626029122,0.47465116706677585,False,False,NO_MOTION,False,False,False
94,sweep,True,-5.103600072860718,0.5099001407623289,23.39,23.561,-5.951000213623047,-5.576000213623047,23.63,23.799,-5.451000213623047,-5.065000057220459,1397.0,1370.0,1412.0,0.009221965447068214,0.025428351014852524,0.8589561586015527,False,nan,nan,1.5876801065163122,1.8252208510817804,0.05100981745812247,0.28803327615765534,0.040220357097014374,0.32815211393348903,0.14534262176053153,0.13593275098706167,0.14793218397976995,0.3244992316569513,False,False,NO_MOTION,False,False,False
95,sweep,True,-4.562899923324585,0.540700149536133,23.63,23.799,-5.451000213623047,-5.065000057220459,23.864,24.061,-4.940000057220459,-4.520999908447266,1376.0,1377.0,1400.0,0.010012207552790642,0.026135161519050598,0.9853550147998797,False,nan,nan,2.0631375591755154,2.493850396420829,0.10510607717307235,0.40787252377698746,0.060807121879616094,0.26307497980308264,0.23946747945418378,0.19119062604756135,0.14783854046758588,0.534647112790772,False,False,NO_MOTION,False,False,False
96,sweep,True,-4.067700052261353,0.4951998710632317,23.864,24.061,-4.940000057220459,-4.520999908447266,24.129,24.295,-4.388999938964844,-4.0320000648498535,1460.0,1357.0,1487.0,0.00994381308555603,0.026723727583885193,0.8563604966346553,False,nan,nan,1.588251374302482,1.8421037330693406,0.05402258985756975,0.34878068530725875,0.04629317551527498,0.32730358660028425,0.151622043264357,0.15029648190295408,0.14806096113421116,0.33851898325190183,False,False,NO_MOTION,False,False,False
97,sweep,True,-3.5169000387191773,0.5508000135421756,24.129,24.295,-4.388999938964844,-4.0320000648498535,24.359,24.566,-3.9119999408721924,-3.4730000495910645,1417.0,1354.0,1447.0,0.00987190566956997,0.025824090465903282,0.9797143893929151,False,nan,nan,2.1051936694236697,2.3661274168685003,0.04127462775011845,0.44586952921045003,0.04385585723431341,0.3815560353910821,0.1931549006357109,0.18381693654435988,0.14840125937971127,0.4312473250299083,False,False,NO_MOTION,False,False,False
98,sweep,True,-3.026200008392334,0.4907000303268432,24.359,24.566,-3.9119999408721924,-3.4730000495910645,24.629,24.793,-3.3519999980926514,-2.990000009536743,1432.0,1319.0,1453.0,0.009298155084252357,0.02440439909696579,0.8649279602195659,False,nan,nan,1.755326078798699,2.030521171457533,0.058875065236178456,0.36444992665496784,0.038470572650780806,0.3312060804662842,0.13214189530477094,0.15190559654770341,0.1451899991806689,0.29502662726657736,False,False,NO_MOTION,False,False,False
99,sweep,True,-2.477299952507019,0.5489000558853152,24.629,24.793,-3.3519999980926514,-2.990000009536743,24.863,25.061,-2.8580000400543213,-2.434999942779541,1437.0,1281.0,1465.0,0.009951269254088402,0.027946894988417625,0.9921911270837062,False,nan,nan,1.9473560942308097,2.1863816531156575,0.03717393957725036,0.42103247373451036,0.04490005295223181,0.36454760217154697,0.19045120200911148,0.18794255165531285,0.14848420031084747,0.4252109117855608,False,False,NO_MOTION,False,False,False
100,sweep,True,-1.9722999811172486,0.5049999713897704,24.863,25.061,-2.8580000400543213,-2.434999942779541,25.155,25.293,-2.253999948501587,-1.940999984741211,1454.0,1354.0,1478.0,0.00968138501048088,0.025911012664437294,0.8840936842177107,False,nan,nan,1.5002266730561464,1.7567268563755718,0.03392231501829403,0.2839729309348749,0.03848046688685475,0.345217046839028,0.1374451733889988,0.15513444045932656,0.15401290539079132,0.3068669920731961,False,False,NO_MOTION,False,False,False
101,sweep,True,-1.4084999680519104,0.5638000130653382,25.155,25.293,-2.253999948501587,-1.940999984741211,25.364,25.568,-1.809000015258789,-1.3639999628067017,1447.0,1333.0,1475.0,0.010175221599638462,0.02646971121430397,1.0114202061705475,False,nan,nan,2.108136911384341,2.52730055418019,0.02460114918788382,0.37164850618473866,0.04045425021529122,0.32712168400082753,0.1805600875608663,0.17442874233944702,0.14660825437435202,0.4031275132627599,False,False,NO_MOTION,False,False,False
102,sweep,True,-0.8982000172138214,0.510299950838089,25.364,25.568,-1.809000015258789,-1.3639999628067017,25.663,25.795,-1.1610000133514404,-0.8690000176429749,1476.0,1311.0,1492.0,0.009912997484207153,0.025546859949827194,0.8839156362848004,False,nan,nan,1.7725750540120653,2.224981101030709,0.09166743233817241,0.32435792463872776,0.04044413280231435,0.2371300332807516,0.1505893758139064,0.1435555554856348,0.14979968034587565,0.3362133980755145,False,False,NO_MOTION,False,False,False
103,sweep,True,-0.3518999844789505,0.5463000327348708,25.663,25.795,-1.1610000133514404,-0.8690000176429749,25.861,26.06,-0.7379999756813049,-0.3089999854564667,1461.0,1272.0,1481.0,0.010351995006203651,0.02695419266819954,1.0388795016747074,False,nan,nan,2.1858857719227625,2.6151533794936075,0.08904611136637886,0.2946049709498673,0.05252145067833992,0.34251206676080376,0.19927342416364824,0.20261696297884435,0.15565718903267578,0.44490784772889963,False,False,NO_MOTION,False,False,False
104,sweep,True,0.15759999603033065,0.5094999805092811,25.861,26.06,-0.7379999756813049,-0.3089999854564667,26.123,26.296,-0.18799999356269836,0.19599999487400055,1512.0,1238.0,1532.0,0.009177986532449722,0.025123940780758858,0.8853810583495785,False,nan,nan,1.8117403042490188,2.0981882528833276,0.04835838250892152,0.45174151217513137,0.03511208191714023,0.3659359988243535,0.1729711359112143,0.13594019309606978,0.14639807115667774,0.3861840389428095,False,False,NO_MOTION,False,False,False
105,sweep,True,0.7165999799966812,0.5589999839663506,26.123,26.296,-0.18799999356269836,0.19599999487400055,26.357,26.563,0.31700000166893005,0.7609999775886536,1491.0,1189.0,1507.0,0.010001958347856998,0.0262367594987154,1.0409905581090861,False,nan,nan,1.817340171651407,2.076063477367994,0.04604349078449692,0.5625871660218125,0.042342434943998954,0.3415938359789055,0.20747606366160454,0.18104074616394558,0.15736602720732235,0.4632214723381441,False,False,NO_MOTION,False,False,False
106,sweep,True,1.21700000166893,0.5004000216722487,26.357,26.563,0.31700000166893005,0.7609999775886536,26.645,26.792,0.9200000166893005,1.25,1511.0,1201.0,1536.0,0.00950397178530693,0.02627214416861534,0.8892825150037236,False,nan,nan,1.654332884630885,1.8856238634717857,0.12816216157397675,0.5183902328252007,0.03380770243557864,0.3403933844857092,0.11950687365905419,0.14485247215967775,0.15254695157667975,0.26681704382615107,False,False,NO_MOTION,False,False,False
107,sweep,True,1.7714999914169312,0.5544999897480012,26.645,26.792,0.9200000166893005,1.25,26.855,27.058,1.371000051498413,1.815999984741211,1502.0,1162.0,1528.0,0.01009400375187397,0.027012718841433525,1.0563666689654747,False,nan,nan,1.4795494176830353,1.7533349463733314,0.08113484119372294,0.4100401625887587,0.0528963551328811,0.3609869231291515,0.22018928577636718,0.198477436467764,0.15925837808546311,0.49160565007041146,False,False,NO_MOTION,False,False,False
108,sweep,True,2.2775999426841738,0.5060999512672426,26.855,27.058,1.371000051498413,1.815999984741211,27.144,27.293,1.9859999418258667,2.309999942779541,1505.0,1229.0,1529.0,0.010142309591174126,0.02543090656399727,0.9365780815146606,False,nan,nan,1.8916680493903075,2.3208199479905764,0.10500596602964278,0.46093639636436556,0.04882155397830255,0.329549648512456,0.18904566570842019,0.1613860236819082,0.15945385876722645,0.42207284090094616,False,False,NO_MOTION,False,False,False
109,sweep,True,2.8227999687194822,0.5452000260353085,27.144,27.293,1.9859999418258667,2.309999942779541,27.393,27.562,2.496999979019165,2.8589999675750732,1510.0,1168.0,1541.0,0.010253570973873138,0.025526700541377068,1.084498788695182,False,nan,nan,1.9242512000070608,2.235943613073548,0.0573555953888714,0.37246533236678037,0.05610456010294532,0.3800235583003487,0.2207583486662599,0.1963101122880358,0.16094900902060658,0.4928761684379618,False,False,NO_MOTION,False,False,False
110,sweep,True,3.3241000175476074,0.5013000488281252,27.393,27.562,2.496999979019165,2.8589999675750732,27.658,27.8,3.0460000038146973,3.3550000190734863,1547.0,1137.0,1581.0,0.010020471177995205,0.026199353858828545,0.9561996543213926,False,nan,nan,1.4358937754073366,1.8442341230324968,0.032184632533639054,0.33989632651420887,0.0543183117888765,0.27789188489971706,0.22556529419224186,0.1612699688976944,0.16133938730380493,0.5036083962655841,False,False,NO_MOTION,False,False,False
111,sweep,True,3.871199917793274,0.5470999002456667,27.658,27.8,3.0460000038146973,3.3550000190734863,27.887,28.059,3.5309998989105225,3.9089999198913574,1524.0,1121.0,1548.0,0.009707857854664326,0.025823907926678658,1.0947749921020018,False,nan,nan,2.1256049995760637,2.479255299521765,0.4015053596093904,0.8522290789651528,0.05773503449391153,0.2733710877009981,0.2543113096681163,0.20792385214869438,0.1632984029562252,0.5677881930941369,False,False,NO_MOTION,False,False,False
112,sweep,True,4.387800168991089,0.5166002511978149,27.887,28.059,3.5309998989105225,3.9089999198913574,28.133,28.3,4.052999973297119,4.425000190734863,1535.0,1098.0,1568.0,0.009649154730141163,0.023703323677182198,0.9525638803476977,False,nan,nan,1.771827757799236,2.1439568527948625,0.253407286415094,1.1567410219773473,0.04597627992141711,0.3338381733275473,0.20863272692652005,0.15016656977441012,0.16167768916632247,0.46580389679288736,False,False,NO_MOTION,False,False,False
113,sweep,True,4.924599838256836,0.5367996692657471,28.133,28.3,4.052999973297119,4.425000190734863,28.385,28.562,4.578999996185303,4.9629998207092285,1549.0,1074.0,1578.0,0.010162766091525555,0.02572786808013916,1.0963476517259827,False,nan,nan,1.9961224431876576,2.3733328362291157,0.027513392101785092,0.43936596923591054,0.0436885532886579,0.43436433330607016,0.19801147915591355,0.22239480863881617,0.1604883480354418,0.4420903659713603,False,False,NO_MOTION,False,False,False
114,sweep,True,5.406999969482422,0.4824001312255861,28.385,28.562,4.578999996185303,4.9629998207092285,28.636,28.794,5.10099983215332,5.440999984741211,1550.0,1047.0,1584.0,0.009004520252346992,0.023195352405309677,0.9457846386176599,False,nan,nan,1.79639147888888,2.1438464264700023,0.11207042095580715,0.5634967795049219,0.04461287305896637,0.3731355933864102,0.19822139576163655,0.18266398674914236,0.16050228358991203,0.4425590363203883,False,False,NO_MOTION,False,False,False
115,sweep,True,5.960699796676636,0.5536998271942135,28.636,28.794,5.10099983215332,5.440999984741211,28.863,29.062,5.579999923706055,6.002999782562256,1524.0,1029.0,1558.0,0.009610669687390327,0.025388294830918312,1.140834891685151,False,nan,nan,2.2422909204749866,2.751678757791041,0.2383270623107469,0.5389632053993768,0.05437336497643151,0.3728269488336673,0.22725433381392454,0.21471325185360804,0.16426806771433883,0.5073794308928335,False,False,NO_MOTION,False,False,False
116,sweep,True,6.448200130462647,0.4875003337860111,28.863,29.062,5.579999923706055,6.002999782562256,29.124,29.297,6.117000102996826,6.485000133514404,1565.0,1016.0,1599.0,0.009053298272192478,0.02376662567257881,0.9722639915903052,False,nan,nan,1.901225267871422,2.446405200177222,0.08899297702753639,0.8831655036999237,0.04131184418475595,0.22777964034463372,0.19554774073682035,0.17816668501692268,0.1629631491518365,0.43658969992918106,False,False,NO_MOTION,False,False,False
117,sweep,True,7.017800188064575,0.569600057601928,29.124,29.297,6.117000102996826,6.485000133514404,29.36,29.565,6.611000061035156,7.063000202178955,1559.0,1012.0,1601.0,0.009694027714431286,0.026741262525320053,1.1590966519877366,False,nan,nan,3.210199023200815,4.710425957431583,0.17667069981997274,0.44561892010916015,0.049527117335031956,0.483605618976928,0.20877433235492115,0.21563913067851515,0.16316376241465583,0.46612005217909147,False,False,NO_MOTION,False,False,False
118,sweep,True,7.522500228881836,0.5047000408172613,29.36,29.565,6.611000061035156,7.063000202178955,29.649,29.797,7.2210001945495605,7.556000232696533,1590.0,979.0,1620.0,0.009625960141420364,0.024952685460448265,0.9936174455935789,False,nan,nan,1.7358878244206275,2.205661830502348,0.07854617147192339,0.43293454137496934,0.033679209717826335,0.32767030346677783,0.17377638227483402,0.16481253594603607,0.15915450358301989,0.3879818723871496,False,False,NO_MOTION,False,False,False
119,sweep,True,8.062199592590332,0.5396993637084959,29.649,29.797,7.2210001945495605,7.556000232696533,29.861,30.056,7.677000045776367,8.104999542236328,1578.0,968.0,1610.0,0.009827747941017151,0.02491983398795128,1.1922304597756535,False,nan,nan,2.149423409802586,2.552854216971645,0.082705015261302,0.342514039106969,0.04753482649415677,0.3373772642971939,0.22550843606969878,0.23824374948531934,0.16843685703845637,0.5034814519676541,False,False,NO_MOTION,False,False,False
120,sweep,True,8.572000312805176,0.5098007202148445,29.861,30.056,7.677000045776367,8.104999542236328,30.162,30.292,8.319999694824219,8.600000381469727,1601.0,943.0,1642.0,0.00952149648219347,0.023660380393266678,1.036554070516657,False,nan,nan,1.8083631458030742,2.22464504047893,0.32313271033817,0.7080974633769843,0.03635028531032687,0.2083795197779667,0.15587500835261364,0.16078559828460964,0.16127908606832414,0.3480143665516263,False,False,NO_MOTION,False,False,False
121,sweep,True,9.121999835968017,0.5499995231628407,30.162,30.292,8.319999694824219,8.600000381469727,30.355,30.56,8.717000007629395,9.166999816894531,1596.0,938.0,1630.0,0.009926595725119114,0.025425568222999573,1.240259789751346,False,nan,nan,3.248456153029297,4.859998690429254,0.1249288982490319,0.3197680637271241,0.05875572702232859,0.2610451387437088,0.23995672590524353,0.23350175653101965,0.16552873966731335,0.5357394289712339,False,False,NO_MOTION,False,False,False
122,sweep,True,9.62889986038208,0.5069000244140636,30.355,30.56,8.717000007629395,9.166999816894531,30.623,30.792,9.28600025177002,9.666999816894531,1612.0,934.0,1645.0,0.010038196109235287,0.026612889021635056,1.1391643600330665,False,nan,nan,1.8148200551861042,2.350835113885415,0.13946375231790892,0.2761580938184919,0.05816964828029232,0.24231617700589286,0.22707999139243734,0.1739970585463003,0.1687130572049652,0.506990185252893,False,False,NO_MOTION,False,False,False
123,sweep,True,10.17069969177246,0.5417998313903798,30.623,30.792,9.28600025177002,9.666999816894531,30.88,31.057,9.826000213623047,10.208999633789062,1621.0,906.0,1651.0,0.010502348653972149,0.02636619843542576,1.2808665498698613,False,nan,nan,3.3657423136198394,5.058608342285626,0.06201364634956589,0.31605718607028355,0.06487202847630782,0.3527633041324394,0.2610201319272656,0.2470076356313679,0.17195459455926015,0.5827666463657715,False,False,NO_MOTION,False,False,False
124,sweep,True,10.667799949645996,0.4971002578735355,30.88,31.057,9.826000213623047,10.208999633789062,31.158,31.291,10.395999908447266,10.697999954223633,1622.0,907.0,1655.0,0.00984126701951027,0.024895064532756805,1.1513203767209124,False,nan,nan,1.8559710913366305,2.25291427497654,0.6431374163898642,1.3069251228784666,0.061677988747324435,0.3327536914861938,0.23589160426793898,0.18696817475950378,0.17237330001556778,0.5266634343874098,False,False,NO_MOTION,False,False,False
125,sweep,True,11.204499626159668,0.5366996765136722,31.158,31.291,10.395999908447266,10.697999954223633,31.353,31.56,10.803999900817871,11.24899959564209,1662.0,849.0,1712.0,0.009759858250617981,0.025409389287233353,1.2934024227957281,False,nan,nan,3.3534098063363684,5.1138357809694694,0.029692850144841264,0.2220616684871646,0.057047156838794515,0.2797301602554956,0.2298021606742363,0.25955577990821893,0.16742145172526982,0.5130678370090264,False,False,NO_MOTION,False,False,False
126,sweep,True,11.685800170898437,0.4813005447387688,31.353,31.56,10.803999900817871,11.24899959564209,31.658,31.791,11.42300033569336,11.71500015258789,1672.0,883.0,1717.0,0.009710399433970451,0.026375742629170418,1.1286035876083966,False,nan,nan,2.7637024105261396,4.330932604434219,0.31289420199495693,0.6752550538771165,0.04683651424400029,0.347790581827411,0.22914769169377816,0.20478450112648328,0.1684542780555239,0.5116066367174017,False,False,NO_MOTION,False,False,False
127,sweep,True,12.21120023727417,0.5254000663757328,31.658,31.791,11.42300033569336,11.71500015258789,31.856,32.054,11.835000038146973,12.253000259399414,1657.0,885.0,1700.0,0.009974358603358269,0.02430088259279728,1.3138827557012271,False,nan,nan,3.4269189906302233,5.231068331440962,0.18328228712960842,0.33542209220044605,0.05561485767959462,0.30328561532973186,0.2494966718011276,0.27752943098504257,0.17002167876946944,0.557038790959927,False,False,NO_MOTION,False,False,False
128,sweep,True,12.723799705505371,0.5125994682312012,31.856,32.054,11.835000038146973,12.253000259399414,32.153,32.291,12.45199966430664,12.753999710083008,1675.0,852.0,1716.0,0.009993202053010464,0.02524244226515293,1.1646642599115362,False,nan,nan,2.975539153711246,4.6123144846466495,0.2976685714805198,0.6866889626165873,0.03891111312285397,0.26693747094697096,0.19815532621332937,0.1709901917452454,0.17157455513946152,0.4424115261310033,False,False,NO_MOTION,False,False,False
129,sweep,True,13.273699855804443,0.5499001502990719,32.153,32.291,12.45199966430664,12.753999710083008,32.349,32.557,12.875,13.317999839782715,1666.0,855.0,1706.0,0.010082928463816643,0.027939552441239357,1.3414941547636188,False,nan,nan,3.4378485738312214,5.289322902503677,0.22173343225100905,0.48884709450112906,0.05228912304654659,0.28348298723903775,0.24563329999327863,0.2398891080677988,0.17612388819075706,0.54841323317057,False,False,NO_MOTION,False,False,False
130,sweep,True,13.80310001373291,0.5294001579284675,32.349,32.557,12.875,13.317999839782715,32.655,32.789,13.515999794006348,13.835000038146973,1651.0,864.0,1684.0,0.009648816660046577,0.0253787562251091,1.196855851923681,False,nan,nan,1.4873006725102833,2.0556739986756645,0.07731951714390971,0.37416341009748605,0.03694598961420588,0.2940850648421247,0.17964146036153808,0.16689017703855596,0.17065630548851712,0.4010765400743697,False,False,NO_MOTION,False,False,False
131,sweep,True,14.357700443267822,0.5546004295349114,32.655,32.789,13.515999794006348,13.835000038146973,32.887,33.059,14.022000312805176,14.395000457763672,1646.0,834.0,1683.0,0.01038023829460144,0.025691496208310127,1.3666110849033415,False,nan,nan,3.4127890536440457,5.309849782683307,0.1752459987716105,0.689888418663082,0.05258614202171781,0.2659889460280125,0.23083398513856407,0.2268514083330684,0.16948546266310294,0.5153715400922889,False,False,NO_MOTION,False,False,False
132,sweep,True,14.84280014038086,0.48509969711303746,32.887,33.059,14.022000312805176,14.395000457763672,33.151,33.291,14.571000099182129,14.873000144958496,1654.0,808.0,1684.0,0.010299538262188435,0.027311500161886215,1.2304846409127819,False,nan,nan,3.0719550426590465,4.770102591944111,0.1298569102500055,0.26021907661286836,0.054727815909470276,0.23608271206250014,0.22839908275457343,0.2090159944193445,0.17797375601520454,0.5099352548292746,False,False,NO_MOTION,False,False,False
133,sweep,True,15.396199607849121,0.5533994674682621,33.151,33.291,14.571000099182129,14.873000144958496,33.386,33.559,15.0649995803833,15.432999610900879,1662.0,827.0,1703.0,0.01063208095729351,0.026839984580874443,1.4027631642310399,False,nan,nan,3.5106540769570937,5.545040895097042,0.08317601980034964,0.28006839667893807,0.04779702208783429,0.318598093320307,0.23587492260221393,0.23827531506179234,0.17402308245664896,0.5266261900633088,False,False,NO_MOTION,False,False,False
134,sweep,True,15.901199626922608,0.5050000190734867,33.386,33.559,15.0649995803833,15.432999610900879,33.648,33.794,15.614999771118164,15.932999610900879,1653.0,825.0,1690.0,0.010302756913006306,0.02661234140396118,1.2577458848200667,False,nan,nan,3.0664822989247043,4.806129665076281,0.3347061813189805,0.47999559118175045,0.048295334615690924,0.26421105793353705,0.18538554232390358,0.1686541956952116,0.1713610690335335,0.41390106574195556,False,False,NO_MOTION,False,False,False
135,sweep,True,16.456200408935548,0.5550007820129395,33.648,33.794,15.614999771118164,15.932999610900879,33.863,34.059,16.070999145507812,16.499000549316406,1640.0,795.0,1682.0,0.010170601308345795,0.026027392596006393,1.4649999188410985,False,nan,nan,3.516155269219624,5.599383268387176,0.3299508922034286,0.8855569915376146,0.07078176297986027,0.36837957886348727,0.3295780583880742,0.23512796006366593,0.18053896596406568,0.7358325137008235,False,False,NO_MOTION,False,False,False
136,sweep,True,16.941799354553222,0.48559894561767436,33.863,34.059,16.070999145507812,16.499000549316406,34.127,34.293,16.625,16.976999282836914,1675.0,787.0,1702.0,0.009528719820082188,0.025709616020321846,1.341697330219753,False,nan,nan,2.016755244342508,2.791171324100336,0.08807972259618571,0.2619718831035771,0.07161774448040076,0.3670904015310398,0.32707236153857294,0.21675938507114978,0.17710582601859814,0.7302381691611463,False,False,NO_MOTION,False,False,False
137,sweep,True,17.258699417114258,0.31690006256103587,34.127,34.293,16.625,16.976999282836914,34.359,34.565,17.076000213623047,17.27899932861328,1667.0,762.0,1693.0,0.009355628862977028,0.024238307029008865,1.262331851040751,False,nan,nan,3.0206960266685026,4.845892065075002,0.33477559659519074,0.7271963458178343,0.07850661496357993,0.40467466919806,0.3880763135427103,0.31277105613444806,0.18306675698518668,0.8664386540126982,False,False,NO_MOTION,False,False,False
138,sweep,True,16.590700531005858,-0.6679988861083999,34.359,34.565,17.076000213623047,17.27899932861328,34.663,34.794,17.290000915527344,16.51300048828125,1691.0,752.0,1691.0,0.007482861168682575,0.01798342727124691,0.28468327434494434,False,nan,nan,0.625704655203607,0.8047835135603023,0.14378463521264567,0.779864064593822,0.1760815562823041,0.9526594415194634,0.8154086882416922,0.6550555288512605,0.1852544064672268,1.820522360307972,True,True,MOTION_UNRELIABLE,False,True,True
139,dwell_end,True,16.514799499511717,-0.07590103149414062,34.663,34.794,17.290000915527344,16.51300048828125,34.858,35.06,16.51300048828125,16.514999389648438,1725.0,735.0,1730.0,0.003686947748064995,0.008850933983922005,0.022873843355689094,False,nan,nan,0.025185757009538165,0.06114982566142524,0.019775503798026436,0.09223923293135236,0.016741657501153,0.087001189899819,0.0694905069776424,0.06762503009339886,0.15372857268446297,0.1551479934003807,False,False,NO_MOTION,False,False,False
140,dwell_end,False,16.514999389648438,0.00019989013672017109,34.858,35.06,16.51300048828125,16.514999389648438,35.161,35.292,16.514999389648438,16.514999389648438,1698.0,755.0,1704.0,0.0035722649190574884,0.00891507975757122,0.02266956417940999,True,0.036955574225804436,0.06614389720791548,nan,nan,nan,nan,nan,nan,nan,nan,nan,0.14767618447208647,False,False,NO_MOTION,False,False,False
141,dwell_end,False,16.514999389648438,0.0,35.161,35.292,16.514999389648438,16.514999389648438,35.39,35.56,16.514999389648438,16.514999389648438,1683.0,741.0,1692.0,0.0036656998563557863,0.008723330684006214,0.02101432990470999,True,0.006477552389538645,0.03812441152144151,nan,nan,nan,nan,nan,nan,nan,nan,nan,0.085118474513721,False,False,NO_MOTION,False,False,False
142,dwell_end,False,16.514999389648438,0.0,35.39,35.56,16.514999389648438,16.514999389648438,35.671,35.797,16.514999389648438,16.514999389648438,1687.0,756.0,1691.0,0.0036743278615176678,0.009311070665717125,0.02528332130357823,True,0.01726555703314683,0.05346528424677026,nan,nan,nan,nan,nan,nan,nan,nan,nan,0.11936927687311594,False,False,NO_MOTION,False,False,False
143,dwell_end,False,16.514999389648438,0.0,35.671,35.797,16.514999389648438,16.514999389648438,35.892,36.059,16.514999389648438,16.514999389648438,1720.0,741.0,1723.0,0.0034774797968566418,0.008827166631817818,0.020523977032121107,True,0.012316901440949934,0.036818479399590064,nan,nan,nan,nan,nan,nan,nan,nan,nan,0.08220278491762205,False,False,NO_MOTION,False,False,False
144,dwell_end,False,16.514999389648438,0.0,35.892,36.059,16.514999389648438,16.514999389648438,36.154,36.294,16.514999389648438,16.514999389648438,1716.0,755.0,1719.0,0.0034986408427357674,0.008921788074076176,0.02984228444535314,True,0.036211403413584496,0.060397772607096015,nan,nan,nan,nan,nan,nan,nan,nan,nan,0.13484709830737432,False,False,NO_MOTION,False,False,False
145,dwell_end,False,16.514999389648438,0.0,36.154,36.294,16.514999389648438,16.514999389648438,36.366,36.568,16.514999389648438,16.514999389648438,1712.0,750.0,1719.0,0.0034526698291301727,0.008311953395605087,0.023200443256368324,True,0.033602365477384,0.05119266013592717,nan,nan,nan,nan,nan,nan,nan,nan,nan,0.11429530222699526,False,False,NO_MOTION,False,False,False
146,dwell_end,False,16.514999389648438,0.0,36.366,36.568,16.514999389648438,16.514999389648438,36.652,36.794,16.514999389648438,16.514999389648438,1706.0,740.0,1710.0,0.003613798413425684,0.008585180155932903,0.028566527707310437,True,0.03274912802012486,0.07234385547576437,nan,nan,nan,nan,nan,nan,nan,nan,nan,0.16151852245837195,False,False,NO_MOTION,False,False,False
147,dwell_end,False,16.514999389648438,0.0,36.652,36.794,16.514999389648438,16.514999389648438,36.862,37.062,16.514999389648438,16.514999389648438,1715.0,754.0,1720.0,0.0035510712768882513,0.008590576238930225,0.01988010421593675,True,0.020375784227209745,0.039988353171005804,nan,nan,nan,nan,nan,nan,nan,nan,nan,0.08928000418623205,False,False,NO_MOTION,False,False,False
148,dwell_end,False,16.514999389648438,0.0,36.862,37.062,16.514999389648438,16.514999389648438,37.125,37.291,16.514999389648438,16.514999389648438,1708.0,749.0,1711.0,0.003528245957568288,0.008978992700576782,0.02564006879145398,True,0.019305074949947706,0.047046743555415556,nan,nan,nan,nan,nan,nan,nan,nan,nan,0.10503892079810893,False,False,NO_MOTION,False,False,False
149,dwell_end,False,16.514999389648438,0.0,37.125,37.291,16.514999389648438,16.514999389648438,37.384,37.562,16.514999389648438,16.514999389648438,1713.0,756.0,1717.0,0.0036176203284412622,0.00882056076079607,0.0323980537723759,True,0.025163231247815835,0.0635169077047767,nan,nan,nan,nan,nan,nan,nan,nan,nan,0.14181103586658017,False,False,NO_MOTION,False,False,False
150,dwell_end,False,16.514999389648438,0.0,37.384,37.562,16.514999389648438,16.514999389648438,37.625,37.8,16.514999389648438,16.514999389648438,1706.0,755.0,1710.0,0.003624525386840105,0.008723633363842964,0.0293649471862504,True,0.01499351750486879,0.05491283547918314,nan,nan,nan,nan,nan,nan,nan,nan,nan,0.12260115240289676,False,False,NO_MOTION,False,False,False
151,dwell_end,False,16.514999389648438,0.0,37.625,37.8,16.514999389648438,16.514999389648438,37.895,38.063,16.514999389648438,16.514999389648438,1707.0,751.0,1711.0,0.003565205493941903,0.008243683725595474,0.028621966688968853,True,0.01807651848399721,0.07241995549800546,nan,nan,nan,nan,nan,nan,nan,nan,nan,0.16168842718726142,False,False,NO_MOTION,False,False,False
152,dwell_end,False,16.514999389648438,0.0,37.895,38.063,16.514999389648438,16.514999389648438,38.162,38.296,16.514999389648438,16.514999389648438,1729.0,747.0,1731.0,0.0035657279659062624,0.008779425173997879,0.025716796100862447,True,0.012870168256812455,0.06661071077046792,nan,nan,nan,nan,nan,nan,nan,nan,nan,0.14871841585982687,False,False,NO_MOTION,False,False,False
153,dwell_end,False,16.514999389648438,0.0,38.162,38.296,16.514999389648438,16.514999389648438,38.392,38.566,16.514999389648438,16.514999389648438,1690.0,760.0,1695.0,0.0035398416221141815,0.008277875371277332,0.02245521092551747,True,0.006755187411655712,0.03315566569652657,nan,nan,nan,nan,nan,nan,nan,nan,nan,0.07402500321842456,False,False,NO_MOTION,False,False,False
154,dwell_end,False,16.514999389648438,0.0,38.392,38.566,16.514999389648438,16.514999389648438,38.631,38.795,16.514999389648438,16.514999389648438,1694.0,741.0,1699.0,0.0035255546681582928,0.009022390469908714,0.01920023537484064,True,0.011910942939506269,0.04696012507719661,nan,nan,nan,nan,nan,nan,nan,nan,nan,0.10484553203651321,False,False,NO_MOTION,False,False,False
155,dwell_end,False,16.514999389648438,0.0,38.631,38.795,16.514999389648438,16.514999389648438,38.866,39.062,16.514999389648438,16.514999389648438,1714.0,741.0,1717.0,0.0036980595905333757,0.00932562816888094,0.027090037212506083,True,0.006785975673039696,0.05090038195434142,nan,nan,nan,nan,nan,nan,nan,nan,nan,0.1136427472902133,False,False,NO_MOTION,False,False,False
156,dwell_end,False,16.514999389648438,0.0,38.866,39.062,16.514999389648438,16.514999389648438,39.151,39.295,16.514999389648438,16.514999389648438,1685.0,746.0,1690.0,0.0034668021835386753,0.00849795900285244,0.02051967947638951,True,0.016673424651528466,0.05040433723803807,nan,nan,nan,nan,nan,nan,nan,nan,nan,0.11253525296158383,False,False,NO_MOTION,False,False,False
157,dwell_end,False,16.514999389648438,0.0,39.151,39.295,16.514999389648438,16.514999389648438,39.385,39.561,16.514999389648438,16.514999389648438,1698.0,737.0,1704.0,0.003383463714271784,0.008552235551178455,0.020126033971154415,True,0.010454522283850139,0.04141268645721803,nan,nan,nan,nan,nan,nan,nan,nan,nan,0.09246004216408556,False,False,NO_MOTION,False,False,False
158,dwell_end,False,16.514999389648438,0.0,39.385,39.561,16.514999389648438,16.514999389648438,39.627,39.802,16.514999389648438,16.514999389648438,1691.0,753.0,1694.0,0.0035035787150263786,0.00868765264749527,0.027753149257335585,True,0.026153788805748528,0.0604668316240949,nan,nan,nan,nan,nan,nan,nan,nan,nan,0.13500128293459293,False,False,NO_MOTION,False,False,False
159,dwell_end,False,16.514999389648438,0.0,39.627,39.802,16.514999389648438,16.514999389648438,39.901,40.059,16.514999389648438,16.514999389648438,1694.0,745.0,1698.0,0.00348468404263258,0.008711501955986023,0.02632615133754631,True,0.020044079206728908,0.06346623212576598,nan,nan,nan,nan,nan,nan,nan,nan,nan,0.14169789502562408,False,False,NO_MOTION,False,False,False
160,dwell_end,False,16.514999389648438,0.0,39.901,40.059,16.514999389648438,16.514999389648438,40.123,40.293,16.514999389648438,16.514999389648438,1708.0,743.0,1715.0,0.003642190946266055,0.008896593004465103,0.02734553958226365,True,0.025836687397896515,0.06569861028804874,nan,nan,nan,nan,nan,nan,nan,nan,nan,0.14668201454716437,False,False,NO_MOTION,False,False,False
161,dwell_end,False,16.514999389648438,0.0,40.123,40.293,16.514999389648438,16.514999389648438,40.358,40.559,16.514999389648438,16.514999389648438,1704.0,755.0,1707.0,0.00336892856284976,0.008583961054682732,0.026728476105286593,True,0.019393798078322998,0.046962042688177934,nan,nan,nan,nan,nan,nan,nan,nan,nan,0.10484981339102932,False,False,NO_MOTION,False,False,False
162,dwell_end,False,16.514999389648438,0.0,40.358,40.559,16.514999389648438,16.514999389648438,40.649,40.792,16.514999389648438,16.514999389648438,1739.0,744.0,1743.0,0.0034876931458711624,0.008457659743726254,0.022695534426090676,True,0.006211419305820155,0.048633225023469596,nan,nan,nan,nan,nan,nan,nan,nan,nan,0.10858097894447799,False,False,NO_MOTION,False,False,False
163,dwell_end,False,16.514999389648438,0.0,40.649,40.792,16.514999389648438,16.514999389648438,40.879,41.06,16.514999389648438,16.514999389648438,1695.0,742.0,1700.0,0.0036961562000215054,0.009243201464414597,0.03505746628293063,True,0.022581433758492857,0.0739600476040786,nan,nan,nan,nan,nan,nan,nan,nan,nan,0.16512691411592764,False,False,NO_MOTION,False,False,False
164,dwell_end,False,16.514999389648438,0.0,40.879,41.06,16.514999389648438,16.514999389648438,41.122,41.298,16.514999389648438,16.514999389648438,1703.0,751.0,1705.0,0.0036803744733333588,0.00877102930098772,0.027824373142564043,True,0.019930244435119246,0.07117697815058921,nan,nan,nan,nan,nan,nan,nan,nan,nan,0.15891329358007958,False,False,NO_MOTION,False,False,False
165,dwell_end,False,16.514999389648438,0.0,41.122,41.298,16.514999389648438,16.514999389648438,41.393,41.561,16.514999389648438,16.514999389648438,1714.0,741.0,1721.0,0.003486090572550893,0.008523703552782536,0.021312944145973966,True,0.018002096079238975,0.04398653297520098,nan,nan,nan,nan,nan,nan,nan,nan,nan,0.0982065410738444,False,False,NO_MOTION,False,False,False
166,dwell_end,False,16.514999389648438,0.0,41.393,41.561,16.514999389648438,16.514999389648438,41.658,41.8,16.514999389648438,16.514999389648438,1715.0,747.0,1723.0,0.0034982250072062016,0.008620641194283962,0.023389056384493758,True,0.01614319606673669,0.044226763750675746,nan,nan,nan,nan,nan,nan,nan,nan,nan,0.09874289235963829,False,False,NO_MOTION,False,False,False
167,dwell_end,False,16.514999389648438,0.0,41.658,41.8,16.514999389648438,16.514999389648438,41.892,42.059,16.514999389648438,16.514999389648438,1716.0,744.0,1721.0,0.0035364856012165546,0.00877487100660801,0.02206214154310871,True,0.025492468779195084,0.06599033085255601,nan,nan,nan,nan,nan,nan,nan,nan,nan,0.14733332452007175,False,False,NO_MOTION,False,False,False
168,dwell_end,False,16.514999389648438,0.0,41.892,42.059,16.514999389648438,16.514999389648438,42.157,42.293,16.514999389648438,16.514999389648438,1717.0,746.0,1722.0,0.0035003875382244587,0.008730608969926834,0.02142724349096666,True,0.017656808586017828,0.04844037347261229,nan,nan,nan,nan,nan,nan,nan,nan,nan,0.10815040889338758,False,False,NO_MOTION,False,False,False
169,dwell_end,False,16.514999389648438,0.0,42.157,42.293,16.514999389648438,16.514999389648438,42.388,42.564,16.514999389648438,16.514999389648438,1698.0,743.0,1700.0,0.0034009304363280535,0.008503064513206482,0.024087684181822364,True,0.024767023061304343,0.05094538367696174,nan,nan,nan,nan,nan,nan,nan,nan,nan,0.11374322039463819,False,False,NO_MOTION,False,False,False
170,dwell_end,False,16.514999389648438,0.0,42.388,42.564,16.514999389648438,16.514999389648438,42.635,42.804,16.514999389648438,16.514999389648438,1727.0,733.0,1733.0,0.0035616771783679724,0.00857792142778635,0.020895940247204314,True,0.011482491520263286,0.03967645395230637,nan,nan,nan,nan,nan,nan,nan,nan,nan,0.08858364233726854,False,False,NO_MOTION,False,False,False
171,dwell_end,False,16.514999389648438,0.0,42.635,42.804,16.514999389648438,16.514999389648438,42.903,43.063,16.514999389648438,16.514999389648438,1706.0,731.0,1711.0,0.003377418266609311,0.008942559361457825,0.02712941301195919,True,0.022644825177754953,0.049790263648965244,nan,nan,nan,nan,nan,nan,nan,nan,nan,0.11116424144809076,False,False,NO_MOTION,False,False,False
172,dwell_end,False,16.514999389648438,0.0,42.903,43.063,16.514999389648438,16.514999389648438,43.152,43.292,16.514999389648438,16.514999389648438,1697.0,741.0,1700.0,0.0034683130215853453,0.008647885173559189,0.02455938985674447,True,0.008700167228245606,0.04554210937861539,nan,nan,nan,nan,nan,nan,nan,nan,nan,0.10167959902186566,False,False,NO_MOTION,False,False,False
173,dwell_end,False,16.514999389648438,0.0,43.152,43.292,16.514999389648438,16.514999389648438,43.365,43.558,16.514999389648438,16.514999389648438,1709.0,743.0,1716.0,0.0034850554075092077,0.008636576123535633,0.020954626668004423,True,0.010482124534889658,0.04604674179655563,nan,nan,nan,nan,nan,nan,nan,nan,nan,0.10280626668416087,False,False,NO_MOTION,False,False,False
174,dwell_end,False,16.514999389648438,0.0,43.365,43.558,16.514999389648438,16.514999389648438,43.649,43.794,16.514999389648438,16.514999389648438,1705.0,751.0,1711.0,0.0038794551510363817,0.009513705968856812,0.03380626370774902,True,0.012834511887044826,0.04696184647426191,nan,nan,nan,nan,nan,nan,nan,nan,nan,0.104849375313993,False,False,NO_MOTION,False,False,False
175,dwell_end,False,16.514999389648438,0.0,43.649,43.794,16.514999389648438,16.514999389648438,43.885,44.062,16.514999389648438,16.514999389648438,1700.0,747.0,1704.0,0.003667522920295596,0.009103726595640182,0.025764398777144187,True,0.027640774584087025,0.06682361691669694,nan,nan,nan,nan,nan,nan,nan,nan,nan,0.14919376080702476,False,False,NO_MOTION,False,False,False
176,dwell_end,False,16.514999389648438,0.0,43.885,44.062,16.514999389648438,16.514999389648438,44.159,44.292,16.514999389648438,16.514999389648438,1713.0,746.0,1716.0,0.0034704268909990788,0.009093251079320908,0.024406574800936116,True,0.01635786407629378,0.0589816532553604,nan,nan,nan,nan,nan,nan,nan,nan,nan,0.13168539917186628,False,False,NO_MOTION,False,False,False
177,dwell_end,False,16.514999389648438,0.0,44.159,44.292,16.514999389648438,16.514999389648438,44.359,44.558,16.514999389648438,16.514999389648438,1713.0,732.0,1720.0,0.0034960946068167686,0.008816834539175034,0.026101918668763446,True,0.027709199559207868,0.06953239849961619,nan,nan,nan,nan,nan,nan,nan,nan,nan,0.15524152251475043,False,False,NO_MOTION,False,False,False
178,dwell_end,False,16.514999389648438,0.0,44.359,44.558,16.514999389648438,16.514999389648438,44.627,44.794,16.514999389648438,16.514999389648438,1716.0,754.0,1724.0,0.0034443819895386696,0.008433707989752293,0.021735201895549325,True,0.02309189247167229,0.04878351857845548,nan,nan,nan,nan,nan,nan,nan,nan,nan,0.1089165318781265,False,False,NO_MOTION,False,False,False
179,dwell_end,False,16.514999389648438,0.0,44.627,44.794,16.514999389648438,16.514999389648438,44.88,45.062,16.514999389648438,16.514999389648438,1724.0,746.0,1729.0,0.00360993598587811,0.008848913013935089,0.019311561800632066,True,0.020971178559843335,0.043083964648082736,nan,nan,nan,nan,nan,nan,nan,nan,nan,0.09619142172949731,False,False,NO_MOTION,False,False,False
180,dwell_end,False,16.514999389648438,0.0,44.88,45.062,16.514999389648438,16.514999389648438,45.16,45.295,16.514999389648438,16.514999389648438,1679.0,741.0,1683.0,0.003652719547972083,0.008835893124341965,0.02474067975947082,True,0.022798992900868193,0.055585670358339674,nan,nan,nan,nan,nan,nan,nan,nan,nan,0.1241033573216853,False,False,NO_MOTION,False,False,False
181,dwell_end,False,16.514999389648438,0.0,45.16,45.295,16.514999389648438,16.514999389648438,45.393,45.564,16.514999389648438,16.514999389648438,1737.0,743.0,1743.0,0.0035136323422193527,0.00882801041007042,0.022881939042337207,True,0.010631099655883724,0.041633597971920615,nan,nan,nan,nan,nan,nan,nan,nan,nan,0.09295326029870317,False,False,NO_MOTION,False,False,False
182,dwell_end,False,16.514999389648438,0.0,45.393,45.564,16.514999389648438,16.514999389648438,45.634,45.795,16.514999389648438,16.514999389648438,1695.0,757.0,1700.0,0.0035547411534935236,0.008754494599997997,0.030403068806134022,True,0.03162028930925754,0.05584160979165135,nan,nan,nan,nan,nan,nan,nan,nan,nan,0.12467478054533675,False,False,NO_MOTION,False,False,False
183,dwell_end,False,16.514999389648438,0.0,45.634,45.795,16.514999389648438,16.514999389648438,45.888,46.062,16.514999389648438,16.514999389648438,1714.0,754.0,1721.0,0.0034401039592921734,0.00805184617638588,0.022150319325555015,True,0.009353000435157178,0.03899996302667645,nan,nan,nan,nan,nan,nan,nan,nan,nan,0.08707327474563739,False,False,NO_MOTION,False,False,False
184,dwell_end,False,16.516800117492675,0.0018007278442375707,45.888,46.062,16.514999389648438,16.514999389648438,46.153,46.292,16.514999389648438,16.517000198364258,1724.0,741.0,1730.0,0.0035648122429847717,0.008763398043811321,0.0259866810116844,True,0.010438819551088063,0.06327073312388244,nan,nan,nan,nan,nan,nan,nan,nan,nan,0.1412614141425048,False,False,NO_MOTION,False,False,False
185,dwell_end,False,16.517000198364258,0.0002000808715827418,46.153,46.292,16.514999389648438,16.517000198364258,46.363,46.561,16.517000198364258,16.517000198364258,1713.0,743.0,1716.0,0.0035306871868669987,0.009041006676852703,0.024459145221110368,True,0.013457358254771746,0.052466581925160787,nan,nan,nan,nan,nan,nan,nan,nan,nan,0.11713952394798814,False,False,NO_MOTION,False,False,False
186,dwell_end,False,16.517000198364258,0.0,46.363,46.561,16.517000198364258,16.517000198364258,46.654,46.793,16.517000198364258,16.517000198364258,1707.0,747.0,1711.0,0.0035103505942970514,0.008662871085107327,0.018673421463426394,True,0.002621281517268678,0.03092105147479856,nan,nan,nan,nan,nan,nan,nan,nan,nan,0.06903589135834562,False,False,NO_MOTION,False,False,False
187,dwell_end,False,16.517000198364258,0.0,46.654,46.793,16.517000198364258,16.517000198364258,46.886,47.066,16.517000198364258,16.517000198364258,1700.0,745.0,1704.0,0.0035045586992055178,0.008693932555615902,0.025595997460937603,True,0.010148343298520103,0.047638737980472905,nan,nan,nan,nan,nan,nan,nan,nan,nan,0.1063606372619334,False,False,NO_MOTION,False,False,False
188,return,False,16.471999168395996,-0.04500102996826172,46.886,47.066,16.517000198364258,16.517000198364258,47.154,47.293,16.517000198364258,16.466999053955078,1697.0,740.0,1705.0,0.0038385484367609024,0.009333264082670212,0.05716575252595743,False,nan,nan,0.16790101544709535,0.23652910210075767,0.05199594530616946,0.10146622736386507,0.011618306858793887,0.05794938026888603,0.032215037454874744,0.01813055618074442,0.1423262452939851,0.07192490939877576,False,False,NO_MOTION,False,False,False
189,return,False,16.24260025024414,-0.22939891815185476,47.154,47.293,16.517000198364258,16.466999053955078,47.385,47.557,16.400999069213867,16.225000381469727,1676.0,741.0,1684.0,0.008116642944514751,0.019917819648981094,0.5081600223408669,False,nan,nan,0.9978707441950976,1.5756610045006496,0.29835291276623566,1.016396651248185,0.01550545386765917,0.07969558724353876,0.04127955620359145,0.05733326575527227,0.15452020217995485,0.09216280887842694,False,False,NO_MOTION,False,False,False
190,return,False,15.951799678802491,-0.2908005714416504,47.385,47.557,16.400999069213867,16.225000381469727,47.65,47.795,16.121000289916992,15.932999610900879,1650.0,737.0,1669.0,0.008932453580200672,0.022538814693689346,0.7227320137882232,False,nan,nan,1.313642729746899,1.7411693042901453,0.04991572770264156,0.1807542069894252,0.028818939564618652,0.11161364287583886,0.07403981636065804,0.08850517979486529,0.17372164839812118,0.16530500984522384,False,False,NO_MOTION,False,False,False
191,return,False,15.505899620056152,-0.4459000587463393,47.65,47.795,16.121000289916992,15.932999610900879,47.883,48.055,15.802000045776367,15.472999572753906,1655.0,763.0,1679.0,0.0104815773665905,0.02693340741097927,1.1252150552677753,False,nan,nan,2.631724733813119,4.212644096747924,0.09416175678922656,0.20566270558833882,0.04160148308915398,0.23785738510939644,0.19019749672837247,0.13812466722969846,0.17354153209529627,0.4246444766430686,False,False,NO_MOTION,False,False,False
192,return,False,15.000099658966064,-0.5057999610900872,47.883,48.055,15.802000045776367,15.472999572753906,48.144,48.294,15.307000160217285,14.965999603271484,1649.0,796.0,1680.0,0.010085447691380978,0.02564290165901184,1.2426712647212896,False,nan,nan,1.7643776127611297,2.5206075440592404,0.10570294780922426,0.401053767634756,0.048367016955060974,0.22740008980696313,0.19885422085088583,0.15306720398025825,0.17814415710158216,0.4439719133742574,False,False,NO_MOTION,False,False,False
193,return,False,14.329500198364258,-0.6705994606018066,48.144,48.294,15.307000160217285,14.965999603271484,48.354,48.56,14.829000473022461,14.27400016784668,1657.0,785.0,1690.0,0.010924440808594227,0.02697857655584812,1.6592565497734593,False,nan,nan,3.9389870269169296,6.2167540210658,0.0771694044268778,0.23595161090319366,0.06040682359235567,0.3084054678616091,0.2549182540964456,0.22337332278119354,0.17352735591248225,0.5691432876855624,False,False,NO_MOTION,False,False,False
194,return,False,13.646799564361572,-0.6827006340026855,48.354,48.56,14.829000473022461,14.27400016784668,48.656,48.791,14.02299976348877,13.604999542236328,1627.0,809.0,1668.0,0.011132863350212574,0.027942825108766556,1.6523087755093115,False,nan,nan,4.037632902523204,6.344251852752957,0.21489356106560267,0.9123628976221324,0.06163880385331685,0.2910345443170002,0.2394980903014261,0.20411127986096428,0.17622832523739695,0.5347154561045927,False,False,NO_MOTION,False,False,False
195,return,False,12.7721999168396,-0.874599647521972,48.656,48.791,14.02299976348877,13.604999542236328,48.852,49.062,13.4399995803833,12.697999954223633,1591.0,817.0,1645.0,0.012390738353133202,0.03189956024289131,2.118935223010036,False,nan,nan,4.807499570044892,7.6136304743181435,0.17842272834440337,0.5160881870913698,0.0886438063908582,0.35936337244405214,0.3432865615094204,0.3030515583652788,0.1724489794278089,0.7664388057585861,False,False,NO_MOTION,False,False,False
196,return,False,11.930099773406983,-0.8421001434326172,48.852,49.062,13.4399995803833,12.697999954223633,49.155,49.29,12.390000343322754,11.878999710083008,1627.0,834.0,1677.0,0.01199585385620594,0.031083595007658005,2.019905579891062,False,nan,nan,4.992309616178951,7.71609155316144,0.27865322293721395,0.7598765395436455,0.10342514974155465,0.4073605292322871,0.3682285968473504,0.2948993129068095,0.17282148441721823,0.8221256456207021,False,False,NO_MOTION,False,False,False
197,return,False,10.93960018157959,-0.990499591827394,49.155,49.29,12.390000343322754,11.878999710083008,49.355,49.559,11.664999961853027,10.859000205993652,1550.0,839.0,1625.0,0.012280434370040894,0.03259797394275665,2.404370945638848,False,nan,nan,6.003580372178167,9.148147512097708,0.10011262399943806,0.33209708423868545,0.1159398950030398,0.5494394673843672,0.45632489984462277,0.4204887946162821,0.17767499142520848,1.0188138729841352,False,True,NO_MOTION_UNRELIABLE,False,False,False
198,return,False,10.020700263977051,-0.9188999176025376,49.355,49.559,11.664999961853027,10.859000205993652,49.654,49.793,10.539999961853027,9.963000297546387,1574.0,846.0,1660.0,0.012363091111183167,0.032173413783311844,2.145615216253416,False,nan,nan,5.558993585753896,8.441969977424606,0.14870364947106066,0.4290211602806865,0.06977731304828139,0.4082897954818334,0.36160525425042833,0.3644751409826985,0.17028307765195053,0.8073380385329263,False,False,NO_MOTION,False,False,False
199,return,False,8.950000381469726,-1.0706998825073253,49.654,49.793,10.539999961853027,9.963000297546387,49.886,50.058,9.616000175476074,8.87600040435791,1471.0,861.0,1628.0,0.01214714627712965,0.03042760118842125,2.4519361133743693,False,nan,nan,6.217630807303185,9.437916241005581,0.3648962432746945,0.7609302110680505,0.09082668698129272,0.5039838712937826,0.38992419151143104,0.4684620617500717,0.18435705729912766,0.8705643191051694,False,True,NO_MOTION_UNRELIABLE,False,False,False
200,return,False,7.971899938583374,-0.978100442886352,49.886,50.058,9.616000175476074,8.87600040435791,50.132,50.289,8.60099983215332,7.9019999504089355,1449.0,884.0,1539.0,0.0118618905544281,0.032325442880392075,2.2063877850797162,False,nan,nan,5.212568752405253,7.600281752297169,0.16339773366783883,0.5401432144605101,0.08535139767614686,0.3976875043733381,0.3559242541541148,0.39939907425392907,0.17361183319742457,0.7946543526053795,False,False,NO_MOTION,False,False,False
201,return,False,6.816199874877929,-1.1557000637054449,50.132,50.289,8.60099983215332,7.9019999504089355,50.372,50.559,7.573999881744385,6.73199987411499,1434.0,861.0,1567.0,0.013099966570734978,0.03344985097646713,2.4227524986088005,False,nan,nan,6.793709136273845,10.099394887142818,0.2567142637862918,0.7641569022744981,0.09098083743923312,0.38962179412647036,0.3526451685300327,0.4700469363726998,0.17525429803200626,0.7873333014734881,False,True,NO_MOTION_UNRELIABLE,False,False,False
202,return,False,5.783800172805786,-1.0323997020721434,50.372,50.559,7.573999881744385,6.73199987411499,50.652,50.787,6.348999977111816,5.7210001945495605,1429.0,906.0,1532.0,0.012999234721064568,0.034700341522693634,2.1548576992941677,False,nan,nan,5.637750459672282,8.405034613160423,0.07691210576940669,0.28559653914044314,0.0950731363597889,0.4211117567864908,0.384871064147084,0.37812813897942754,0.16970241132717223,0.8592824533500781,False,False,NO_MOTION,False,False,False
203,return,False,4.6118998527526855,-1.1719003200531004,50.652,50.787,6.348999977111816,5.7210001945495605,50.884,51.058,5.303999900817871,4.534999847412109,1427.0,911.0,1575.0,0.012244092300534248,0.033097993582487106,2.433659103253799,False,nan,nan,2.22890208970286,3.4773468721750667,0.19586006681489584,0.5085159277578449,0.10484359409748778,0.49496911403577354,0.4248511285449334,0.4698694725319497,0.1718445286477066,0.9485439516053723,False,True,NO_MOTION_UNRELIABLE,False,False,False
204,return,False,3.6060999155044557,-1.0057999372482298,50.884,51.058,5.303999900817871,4.534999847412109,51.124,51.297,4.2820000648498535,3.5309998989105225,1462.0,986.0,1539.0,0.012390249408781528,0.03310324251651764,2.0145304430548423,False,nan,nan,5.510760719819299,8.162495160570911,0.1173977166437435,0.2852863899711531,0.10281949572999782,0.4256272123286198,0.3881993123222408,0.3754297988518043,0.1661561243528363,0.8667132672608213,False,False,NO_MOTION,False,False,False
205,return,False,2.5596999406814573,-1.0463999748229984,51.124,51.297,4.2820000648498535,3.5309998989105225,51.386,51.556,3.177999973297119,2.490999937057495,1403.0,965.0,1496.0,0.011071615852415562,0.03314393013715744,2.1797333068932137,False,nan,nan,6.302407630735753,9.113413033680304,0.2631132713800884,0.6092627500458807,0.11599336560987215,0.47273230040620584,0.44396401793024554,0.4662517884235545,0.16563385181245407,0.9912163476661561,False,True,NO_MOTION_UNRELIABLE,False,False,False
206,return,False,1.7138999819755554,-0.845799958705902,51.386,51.556,3.177999973297119,2.490999937057495,51.65,51.793,2.171999931335449,1.6629999876022339,1442.0,1038.0,1494.0,0.011771325021982193,0.032838381826877594,1.6887323576638882,False,nan,nan,5.004101428507823,7.081879493586286,0.0702104369169489,0.3319510972919946,0.08318495998289883,0.3914328507636993,0.29813152180846897,0.3189871153973304,0.16265611236331098,0.6656233979249503,False,False,NO_MOTION,False,False,False
207,return,False,0.9057999908924103,-0.8080999910831451,51.65,51.793,2.171999931335449,1.6629999876022339,51.861,52.073,1.4709999561309814,0.8429999947547913,1488.0,1055.0,1530.0,0.01156777236610651,0.031096462160348892,1.6604451725454266,False,nan,nan,4.757250494928094,6.873742448224231,0.09953571869457456,0.5294902270412861,0.08579061331268231,0.5272512823821045,0.3868269559429056,0.3478239337348215,0.15943344884033997,0.863649275533828,False,False,NO_MOTION,False,False,False
208,return,False,0.3588000059127808,-0.5469999849796294,51.861,52.073,1.4709999561309814,0.8429999947547913,52.163,52.294,0.6359999775886536,0.328000009059906,1481.0,1119.0,1510.0,0.010286778211593628,0.028938019648194313,1.162330338651447,False,nan,nan,3.416701726514996,4.810050099571944,0.09732379380894332,0.4771912088560968,0.07613214884585597,0.34904135227940225,0.29591481971467515,0.23757827255532415,0.16038700207990628,0.6606742775806537,False,False,NO_MOTION,False,False,False
209,return,False,-0.1109000012278557,-0.4697000071406365,52.163,52.294,0.6359999775886536,0.328000009059906,52.384,52.558,0.1509999930858612,-0.14000000059604645,1459.0,1240.0,1483.0,0.009424658492207527,0.024686407297849655,0.9956965021525118,False,nan,nan,2.037531045073184,2.5010602245366043,0.03608425591420364,0.3922464782565959,0.0596977529799748,0.3560392951011394,0.2850688843829936,0.23803357126661776,0.15940976827017617,0.6364590980338692,False,False,NO_MOTION,False,False,False
210,return,False,-0.4028000071644783,-0.2919000059366226,52.384,52.558,0.1509999930858612,-0.14000000059604645,52.623,52.802,-0.22100000083446503,-0.4230000078678131,1491.0,1200.0,1507.0,0.007833987474441528,0.021987995132803917,0.6186011523939601,False,nan,nan,1.541591750106966,1.908283591399686,0.02222607645392817,0.2677503704852492,0.0325111866760035,0.25982028988816264,0.10737155804344056,0.14699186616113954,0.15546785377899094,0.23972312914729407,False,False,NO_MOTION,False,False,False
211,return,False,-0.5812999844551087,-0.17849997729063038,52.623,52.802,-0.22100000083446503,-0.4230000078678131,52.862,53.064,-0.46700000762939453,-0.593999981880188,1503.0,1314.0,1513.0,0.00878948625177145,0.022453853860497475,0.41851734050207384,False,nan,nan,1.0722751448622714,1.210773282994479,0.022541823715857626,0.17085826582417526,0.03186050049821866,0.16054074186523232,0.11558577548130691,0.15196273609943933,0.15857749154158518,0.25806260324624414,False,False,NO_MOTION,False,False,False
212,return,False,-0.6506999850273132,-0.06940000057220452,52.862,53.064,-0.46700000762939453,-0.593999981880188,53.153,53.292,-0.6209999918937683,-0.6539999842643738,1490.0,1300.0,1496.0,0.006877402774989605,0.0169588103890419,0.18221028240569648,False,nan,nan,0.5359862843417557,0.622659064885704,0.14431553664689373,0.31026681593805616,0.016945115477037902,0.08609591704137423,0.055653094558142935,0.08147198516836181,0.14955500989762424,0.12425389197398634,False,False,NO_MOTION,False,False,False
213,return,False,-0.3515000134706497,0.2991999715566635,53.153,53.292,-0.6209999918937683,-0.6539999842643738,53.383,53.56,-0.6710000038146973,-0.3160000145435333,1492.0,1378.0,1497.0,0.0047662402503192425,0.011536261066794395,0.08938815589117846,False,nan,nan,0.31417245225859086,0.3674053204417833,0.11594558165805974,0.22862659441730068,0.05882036713504547,0.3098942624532167,0.2845276003571634,0.3638655651385565,0.16116989539932366,0.6352506001523636,False,False,NO_MOTION,False,False,False
214,return,False,-0.3187000066041946,0.03280000686645507,53.383,53.56,-0.6710000038146973,-0.3160000145435333,53.627,53.793,-0.3160000145435333,-0.3190000057220459,1506.0,1311.0,1516.0,0.003671887330710888,0.009847085922956467,0.028256601456245714,False,nan,nan,0.07966852862507372,0.12453591630637047,0.021141097497471496,0.10488588776608102,0.012490990619039,0.06554912554071386,0.054453634964631535,0.05483719583252235,0.143486764743587,0.12157591828819926,False,False,NO_MOTION,False,False,False
215,return,False,-0.3190000057220459,-0.00029999911785127953,53.627,53.793,-0.3160000145435333,-0.3190000057220459,53.881,54.068,-0.3190000057220459,-0.3190000057220459,1495.0,1354.0,1510.0,0.0036652868147939444,0.009443585760891438,0.02130079297271116,True,0.013730367778740054,0.03925080893455757,nan,nan,nan,nan,nan,nan,nan,nan,nan,0.08763332590878366,False,False,NO_MOTION,False,False,False
216,return,False,-0.3190000057220459,0.0,53.881,54.068,-0.3190000057220459,-0.3190000057220459,54.161,54.295,-0.3190000057220459,-0.3190000057220459,1490.0,1375.0,1501.0,0.0036772890016436577,0.009408531710505486,0.020097682079478346,True,0.008772706226678495,0.040712821495577686,nan,nan,nan,nan,nan,nan,nan,nan,nan,0.09089748852658412,False,False,NO_MOTION,False,False,False
217,return,False,-0.3216999977827072,-0.0026999920606612937,54.161,54.295,-0.3190000057220459,-0.3190000057220459,54.353,54.565,-0.3190000057220459,-0.32199999690055847,1512.0,1336.0,1520.0,0.0036249340046197176,0.009323611855506897,0.021128203552010432,True,0.008403164124847762,0.03400113919431406,nan,nan,nan,nan,nan,nan,nan,nan,nan,0.07591264978138795,False,False,NO_MOTION,False,False,False
218,return,False,-0.32199999690055847,-0.00029999911785127953,54.353,54.565,-0.3190000057220459,-0.32199999690055847,54.66,54.795,-0.32199999690055847,-0.32199999690055847,1482.0,1343.0,1491.0,0.0036577358841896057,0.009252989664673805,0.02016292108509179,True,0.007363503456613884,0.036041718409491136,nan,nan,nan,nan,nan,nan,nan,nan,nan,0.08046854934780076,False,False,NO_MOTION,False,False,False
219,return,False,-0.32199999690055847,0.0,54.66,54.795,-0.32199999690055847,-0.32199999690055847,54.89,55.056,-0.32199999690055847,-0.32199999690055847,1502.0,1368.0,1505.0,0.0037166329566389322,0.009293307550251484,0.020933599164992704,True,0.007488967414944195,0.03262709473635386,nan,nan,nan,nan,nan,nan,nan,nan,nan,0.07284488916533681,False,False,NO_MOTION,False,False,False
220,return,False,-0.32199999690055847,0.0,54.89,55.056,-0.32199999690055847,-0.32199999690055847,55.171,55.29,-0.32199999690055847,-0.32199999690055847,1510.0,1354.0,1513.0,0.003645924385637045,0.009192460216581821,0.022568791241000544,True,0.010588179520738152,0.03577146073711771,nan,nan,nan,nan,nan,nan,nan,nan,nan,0.07986515850503018,False,False,NO_MOTION,False,False,False
221,return,False,-0.32199999690055847,0.0,55.171,55.29,-0.32199999690055847,-0.32199999690055847,55.392,55.56,-0.32199999690055847,-0.32199999690055847,1517.0,1395.0,1527.0,0.0035364856012165546,0.009198707528412342,0.019153031249224402,True,0.004359943877815385,0.03188072669657809,nan,nan,nan,nan,nan,nan,nan,nan,nan,0.0711785104217389,False,False,NO_MOTION,False,False,False
222,return,False,-0.32199999690055847,0.0,55.392,55.56,-0.32199999690055847,-0.32199999690055847,55.652,55.788,-0.32199999690055847,-0.32199999690055847,1494.0,1381.0,1505.0,0.0036139823496341705,0.009823729284107685,0.021499020103294395,True,0.00793929400321415,0.03332500615633973,nan,nan,nan,nan,nan,nan,nan,nan,nan,0.07440308122769801,False,False,NO_MOTION,False,False,False
223,return,False,-0.32199999690055847,0.0,55.652,55.788,-0.32199999690055847,-0.32199999690055847,55.884,56.057,-0.32199999690055847,-0.32199999690055847,1507.0,1334.0,1522.0,0.004089013673365116,0.010035633109509945,0.03521118773911523,True,0.009164667905031136,0.07039008681847704,nan,nan,nan,nan,nan,nan,nan,nan,nan,0.15715644050026778,False,False,NO_MOTION,False,False,False
224,return,False,-0.32199999690055847,0.0,55.884,56.057,-0.32199999690055847,-0.32199999690055847,56.126,56.297,-0.32199999690055847,-0.32199999690055847,1501.0,1321.0,1508.0,0.003911015577614307,0.009808636270463467,0.029843739229613135,True,0.012257601556787977,0.05820018143464751,nan,nan,nan,nan,nan,nan,nan,nan,nan,0.12994064596519367,False,False,NO_MOTION,False,False,False
225,return,False,-0.32199999690055847,0.0,56.126,56.297,-0.32199999690055847,-0.32199999690055847,56.386,56.56,-0.32199999690055847,-0.32199999690055847,1508.0,1333.0,1518.0,0.0036827060393989086,0.009267249144613743,0.01963896711863737,True,0.007291048688706483,0.030777620536020817,nan,nan,nan,nan,nan,nan,nan,nan,nan,0.06871566024605773,False,False,NO_MOTION,False,False,False
226,return,False,-0.32199999690055847,0.0,56.386,56.56,-0.32199999690055847,-0.32199999690055847,56.651,56.796,-0.32199999690055847,-0.32199999690055847,1484.0,1368.0,1494.0,0.003684309311211109,0.00988329853862524,0.019184270942397906,True,0.004837109298039121,0.02963350000338289,nan,nan,nan,nan,nan,nan,nan,nan,nan,0.06616123932487983,False,False,NO_MOTION,False,False,False
227,return,False,-0.32199999690055847,0.0,56.651,56.796,-0.32199999690055847,-0.32199999690055847,56.883,57.066,-0.32199999690055847,-0.32199999690055847,1510.0,1342.0,1522.0,0.007153784856200218,0.021069234237074852,0.1417169127410535,True,0.09994795821707182,0.3363696756983427,nan,nan,nan,nan,nan,nan,nan,nan,nan,0.7509958193588245,True,False,MOTION,False,False,False
228,return,False,-0.32199999690055847,0.0,56.883,57.066,-0.32199999690055847,-0.32199999690055847,57.162,57.294,-0.32199999690055847,-0.32199999690055847,1501.0,1370.0,1517.0,0.005930017679929733,0.01610683463513851,0.11547908105487811,True,0.10729046273714178,0.22615142713619718,nan,nan,nan,nan,nan,nan,nan,nan,nan,0.5049170260925299,True,False,MOTION,False,False,False
