group,x_a,y_a,x_b,y_b,residual,e_win7,e_win11,e_win15,e_win21,e_win31,win_range,sub_valid,sub_along_spread,sub_perp_spread,sub_perp_median,lk_err,fb,ncc
cluster,1051.0,141.0,1049.7850341796875,138.49656677246094,0.5444749456029725,0.4909266504841534,0.5265127991118447,0.5654584278267297,0.5444749456029725,0.4705455866410274,0.09491284118570231,25,0.6541472294151081,0.17145589360296704,0.5548499278223936,3.9979450702667236,0.010620654560625553,0.9500102853319212
cluster,1040.0,139.0,1038.6610107421875,136.603271484375,0.47567833548558575,0.5006458202151933,0.5256534716026079,0.5401152555606891,0.47567833548558575,0.5038743330543699,0.06443692007510332,22,0.3229165042086324,0.23734233847179415,0.5030823521470409,3.9429564476013184,0.09454893320798874,0.9638029621105373
cluster,1055.0,156.0,1053.55615234375,153.55929565429688,0.5018921347925291,0.5457503799386187,0.43523239175579015,0.4584943197395984,0.5018921347925291,0.5250806567983531,0.1105179881828286,25,0.362192524026111,0.23936904943304566,0.4970052545593957,4.332979202270508,0.012348358519375324,0.8767191228367311
cluster,1042.0,151.0,1040.469970703125,148.5453338623047,0.5189628507234699,0.5673574419422599,0.583384196872532,0.5694370368183533,0.5189628507234699,0.5094797310256812,0.07390446584685073,25,0.27073446964213177,0.17513964899952378,0.5394614988799966,3.9815759658813477,0.006612181197851896,0.8827822905218365
cluster,1036.0,132.0,1036.4232177734375,129.94223022460938,0.525552994760461,0.40828313760713525,0.32291744418586776,0.5515440775780364,0.525552994760461,0.5352112499454723,0.2286266333921686,25,2.239060986899809,0.24300805343327953,0.5116227285244035,7.71180534362793,0.016043199226260185,0.9307673883371396
cluster,1066.0,147.0,1064.8802490234375,144.43338012695312,0.5807637463962281,0.5500642317409254,0.6166886221770834,0.5721877842476151,0.5807637463962281,0.5358634537356546,0.08082516844142884,25,0.6264862846028454,0.20289006964668366,0.574145541504753,4.243126392364502,0.014643676578998566,0.8687805539797483
cluster,1063.0,160.0,1061.603759765625,157.54869079589844,0.5076796380756652,0.5193234382217455,0.46191714575694354,0.5148924468006726,0.5076796380756872,0.5231941243514178,0.06127697859447423,25,0.43655548058303406,0.2106085662942116,0.5193234382217236,5.258857727050781,0.0064973062835633755,0.8766347591831383
cluster,1069.0,156.0,1067.7894287109375,153.48524475097656,0.5506981631878574,0.5443471556490421,0.5328490329905574,0.5827619659177748,0.5506981631878574,0.5274361788017491,0.05532578711602576,25,0.39493703377739076,0.199852661275358,0.5488759808537541,4.71733283996582,0.0066451458260416985,0.8665916244152806
cluster,1066.0,168.0,1064.6634521484375,165.5799102783203,0.5170130302367311,0.6971532563790435,0.5811769594665445,0.5597110005036892,0.5170130302367311,0.5145288629964142,0.18262439338262926,25,0.33960835323854044,0.1930640224033437,0.5294536137777682,5.245819091796875,0.01272463146597147,0.8482983277792903
cluster,1057.0,170.0,1055.496826171875,167.66091918945312,0.4691502492411968,0.5212700529770377,0.5222329838383397,0.4829149746187372,0.4691502492411968,0.5063222699293023,0.05308273459714291,25,0.3239721150388648,0.1844668663856454,0.4935663408517344,5.249787330627441,0.015622168779373169,0.851759303361398
cluster,1034.0,157.0,1032.28076171875,154.5130615234375,0.5557866426784014,0.4311005861398848,0.5271878064733361,0.5689194428608202,0.5557866426784014,0.5130808447131887,0.1378188567209354,25,0.31672265259360777,0.20956918322956802,0.5569422391379795,4.4708757400512695,0.016367696225643158,0.8877190794419599
cluster,1048.0,170.0,1046.4154052734375,167.67984008789062,0.4698077965008689,0.34724447428036115,0.40784701950451296,0.43515230042823116,0.4698077965008689,0.4965006788020238,0.14925620452166266,25,0.20960348276136131,0.2861238926019992,0.45405839761592776,4.897392272949219,0.005572028458118439,0.8588599382854597
cluster,1039.0,166.0,1037.277099609375,163.60459899902344,0.51094683401584,0.6209047246243933,0.5377366169855264,0.5293813012231059,0.510946834015818,0.5080779089141573,0.112826815710236,25,0.3147439965241223,0.254646930555603,0.526505731775284,4.768778324127197,0.010048813186585903,0.8448254701817004
cluster,1026.0,151.0,1024.22998046875,148.65756225585938,0.45395293458107305,0.661502616858494,0.5727596911405777,0.5144937202229851,0.4539529345810512,0.4971568157093525,0.2075496822774428,25,0.273763694073188,0.2538371374722267,0.49993761331227987,4.524659633636475,0.004620970226824284,0.8976411112203964
cluster,1063.0,182.0,1061.5850830078125,179.65072631835938,0.5184175877116903,0.4938902304821286,0.478272434938556,0.5087824136064909,0.5184175877116683,0.5340530441156894,0.055780609177133456,25,0.2778560243493865,0.18490219850330164,0.49938778223319696,6.070082187652588,0.01567145250737667,0.831561605310291
cluster,1052.0,185.0,1050.3681640625,182.73756408691406,0.47064057691365335,0.5204461994205042,0.5020847708569692,0.4979394183989937,0.47064057691365335,0.472528161198032,0.04980562250685083,25,0.3239152521808172,0.24936146892329697,0.4838329383473738,5.396966934204102,0.026574665680527687,0.8231782300651614
cluster,1019.0,155.0,1017.0676879882812,152.61181640625,0.49559574200881834,0.3132428669279169,0.4307431908359318,0.5132093854948536,0.49559574200881834,0.48646948832293924,0.1999665185669367,25,0.370398342475424,0.29366752869304075,0.493557401652084,4.794642925262451,0.005404304713010788,0.9068621551005163
cluster,1041.0,181.0,1039.224853515625,178.7552947998047,0.45358414359817784,0.5165738278172268,0.4289992992987319,0.4116794933796104,0.45358414359817784,0.4817757623584125,0.10489433443761642,25,0.2637328614903476,0.2685485344414398,0.4613269508650045,5.447845935821533,0.00820237584412098,0.8111317574263364
cluster,1026.0,167.0,1024.076416015625,164.62969970703125,0.5061797750243077,0.5043185164090183,0.5117056117378075,0.5177023434051081,0.5061797750242858,0.5032479511397877,0.014454392265320415,25,0.29249117877237163,0.17187957998543985,0.5083787786764474,5.459183692932129,0.0032715070992708206,0.8833394950637928
cluster,1060.0,190.0,1058.46875,187.69473266601562,0.5113957704548375,0.3891641696738754,0.5114606274102558,0.5052921529203885,0.5113957704548155,0.5230726250720478,0.13390845539817237,25,0.36243437628332575,0.22179572231428757,0.526326285768399,5.613591194152832,0.018671197816729546,0.8575017104242877
cluster,1045.0,188.0,1043.30078125,185.77403259277344,0.4673570470932502,0.36417135087597524,0.42318336465748113,0.4556792631076617,0.46735704709327214,0.4749787452681365,0.11080739439216125,25,0.2272963381182076,0.2620601420801452,0.4991161341824758,5.48093843460083,0.012085307389497757,0.8250336535137907
cluster,1053.0,192.0,1051.365234375,189.7535858154297,0.4842885664518271,0.5601984589633839,0.47175162841660867,0.4950340121049061,0.4842885664518051,0.47614859923566955,0.08844683054677527,25,0.3423271209969978,0.28351704172798314,0.4817972981646025,5.9353742599487305,0.0061836326494812965,0.8196280253022469
cluster,1030.0,178.0,1028.1024169921875,175.69374084472656,0.49583918043957276,0.4760057691855331,0.48379607396142876,0.457388211489945,0.4958391804395509,0.48626438393581906,0.03845096894960587,25,0.28722839560570046,0.2177111697933004,0.4775595314436826,5.222009658813477,0.015355770476162434,0.8526577487154213
cluster,1063.0,198.0,1061.531494140625,195.73695373535156,0.5160209561444066,0.5733940627476303,0.5542986816319371,0.5472415245378376,0.5160209561444066,0.4986489075225881,0.07474515522504216,25,0.3374526597734019,0.22343024518492904,0.47552103860930456,5.88024377822876,0.007973209954798222,0.8455662588817534
cluster,1018.0,169.0,1015.9423217773438,166.6869354248047,0.4800185282164575,0.5031882909656429,0.48494013208611986,0.4730611001080323,0.4800185282164575,0.475002028344339,0.030127190857610564,25,0.29359422264891655,0.21950604786597994,0.4743819340052017,5.5359978675842285,0.008601424284279346,0.8844144071095946
cluster,1013.0,162.0,1010.9610595703125,159.69796752929688,0.46500230920574764,0.5031089865848726,0.4945668949332862,0.48062405469635794,0.46500230920574764,0.4872567838982057,0.03810667737912493,25,0.3482707059230059,0.18607055013263862,0.48565805778054616,4.971371650695801,0.009028059430420399,0.8940624825301521
cluster,1030.0,185.0,1028.13623046875,182.74618530273438,0.49129634164286673,0.38333051508046934,0.4131083471405283,0.4528413139001776,0.49129634164284486,0.45272631483027254,0.10796582656237552,25,0.28282611948946945,0.22587763422929996,0.48065923957562445,5.471017360687256,0.009827418252825737,0.8618719785862143
cluster,1005.0,149.0,1003.017822265625,146.6566162109375,0.4798880197624183,0.4563174635913785,0.47688099732466976,0.4873784613295526,0.4798880197624401,0.4382553130476445,0.04912314828190811,24,0.5114936006602615,0.29538501001257506,0.48591740876185874,4.382511138916016,0.006686780136078596,0.8852284930263112
cluster,1055.0,201.0,1053.4197998046875,198.82725524902344,0.4736752188391286,0.3090569456181848,0.5359758443864441,0.5374308697410968,0.4736752188391506,0.4583980373762544,0.22837392412291196,25,0.3361710546455102,0.2883963165910506,0.46565555994555324,6.020124912261963,0.008898582309484482,0.8177960822910569
cluster,1023.0,181.0,1020.945556640625,178.75717163085938,0.4641859142838319,0.49790903204852205,0.4803127437179353,0.46310348355088754,0.46418591428381006,0.4791389536659717,0.03480554849763451,25,0.279049476164694,0.16249321549540374,0.4908666644713828,5.384424686431885,0.005582819692790508,0.836591733779706
control,944.0,402.0,940.308837890625,402.0601806640625,0.00022786497164842132,0.003113402776486868,0.007347124019917294,0.010098293275618397,0.00022786497164842132,0.00032137386040325295,0.009870428303969976,21,0.33505670849961433,0.09245656202816406,0.019285334552802562,7.119189262390137,0.0071210660971701145,0.9797230452697029
control,428.0,592.0,425.9185485839844,591.586669921875,0.0003278222560564874,0.009548822646137541,0.005714814491606893,0.012646971774899114,0.0003278222560564874,0.0005376982965173981,0.012319149518842627,16,0.5836528298707377,0.02972147063270337,0.012767283739897113,4.442885398864746,0.005670441780239344,0.9736805236589086
control,937.0,431.0,933.313232421875,431.2603454589844,0.0016669062134531708,0.08408899908867992,0.03363693814863191,0.020916657707065186,0.0016669062134531708,0.005827695280046368,0.08242209287522675,24,0.29745696607246597,0.12375114310156443,0.06440064424750559,6.996669292449951,0.01586870104074478,0.9248694778624599
control,955.0,443.0,951.44921875,443.3515625,0.003271975054645438,0.0299900849035714,0.007634842587185073,0.050492604760912815,0.0032719750546400437,0.07703659976224284,0.0737646247076028,25,0.31826126355262563,0.18303899695337428,0.08498892903989992,7.400439262390137,0.009036501869559288,0.894864351859713
control,936.0,394.0,931.84033203125,394.0090637207031,0.005018825957764328,0.013181225479752303,0.0018800577058371735,0.00752182921044907,0.005018825957764328,0.009769219221343259,0.01130116777391513,25,0.30532924152138463,0.11654842772332646,0.02536235898732552,9.646683692932129,0.0016151267336681485,0.9759423349244546
control,934.0,385.0,929.8436279296875,384.94561767578125,0.0054362603353164275,0.12160708428608713,0.013326745816593656,0.07946714152572491,0.005436260335316596,0.011944940474164686,0.11617082395077054,21,0.2930031973789067,0.26183253692983016,0.04879732850846598,8.287627220153809,0.016191236674785614,0.9811721028479241
control,971.0,403.0,967.5451049804688,403.08831787109375,0.007534528768148527,0.008961871832529607,0.00992674387436727,0.013785488771905205,0.007534528768147175,0.009217963529467275,0.00625096000375803,24,0.13233505952211022,0.039742731752809846,0.025632291944144958,6.074971675872803,0.009967435151338577,0.9822490771645132
control,990.0,385.0,986.6658325195312,384.95361328125,0.00860269870055561,0.021886042199700008,0.0035630715417150588,0.006985930725004942,0.008602698700555949,0.06586558135190336,0.062302509810188304,25,0.17211458020318293,0.059940961875157406,0.027278247857778343,8.26884937286377,0.004465588368475437,0.95553554548596
control,952.0,385.0,948.3037109375,384.9557800292969,0.009166793161422679,0.012659895145466548,0.01822818671479301,0.0030464352101492237,0.009166793161422679,0.04211332927434348,0.03906689406419426,25,0.1428580236746333,0.052487777988414405,0.029673442886689147,7.297902584075928,0.00300578773021698,0.9480214312882772
control,1005.0,402.0,1001.9473266601562,402.0940856933594,0.01017923518406812,0.0704777930605291,0.021277821628139015,0.011466275669309524,0.01017923518406812,0.013195432706827409,0.06029855787646099,21,0.3676846348046994,0.06479465485470148,0.03905761337660615,6.365150451660156,0.0052716853097081184,0.985165474266767
control,958.0,403.0,954.4286499023438,403.090087890625,0.010457779529072272,0.03313307728974867,0.027293427325526292,0.022268557015856713,0.010457779529072272,0.0068731974940561425,0.026259879795692533,25,0.20729994707463373,0.029524442394705426,0.024263694128283355,6.979379177093506,0.0023559886030852795,0.9792938694427215
control,435.0,594.0,432.9541320800781,593.5863647460938,0.011693972679397785,0.026074625828157394,0.02873160877606186,0.02377194766182073,0.011693972679397785,0.001721553473085995,0.027010055302975865,17,0.4261971961318243,0.16409767458725627,0.06635935803440783,4.16935920715332,0.00781631376594305,0.9651885736012689
control,951.0,400.0,947.3556518554688,400.0698547363281,0.012211148463812738,0.03396086490395391,0.01329025168800814,0.018653447677326962,0.012211148463812738,0.010282188533110396,0.02367867637084352,25,0.22456804577376221,0.05007930979505688,0.02973889712170189,7.477395057678223,0.0012582719791680574,0.9777294210032217
control,976.0,424.0,972.7470092773438,424.2103271484375,0.01242290921062848,0.023093578705059643,0.00737634923859547,0.029661304554250645,0.01242290921062848,0.031933967817238215,0.024557618578642745,20,0.37579616878478106,0.11837446658672411,0.03799467361788378,6.891723155975342,0.048653069883584976,0.8691051256317587
control,1010.0,362.0,1007.1602172851562,361.73370361328125,0.013941042612013394,0.014572597919494598,0.047931651526181035,0.02063012420782856,0.013941042612013394,0.0331673555622365,0.03399060891416764,25,0.3487669148246444,0.06111031795405346,0.022643435873335713,7.016014575958252,0.01866930164396763,0.9500588289318077
control,975.0,385.0,971.5211181640625,384.96435546875,0.01423092474869664,0.10020279825787447,0.004231145474786975,0.02158269625206395,0.01423092474869664,0.05945302050755344,0.09597165278308749,25,0.13992655156352907,0.08740400172949774,0.03490315775051077,7.352536678314209,0.006123015657067299,0.9539402643407169
control,909.0,402.0,904.3314819335938,402.07562255859375,0.014308652233369632,0.017843842100598736,0.008391496261652401,0.01055767806128206,0.014308652233369632,0.07466101068482035,0.06626951442316795,19,0.2956302128191859,0.1615708327468052,0.04252946512267904,3.1815476417541504,0.0009770392207428813,0.9835733281001607
control,470.0,617.0,467.9449157714844,616.657470703125,0.0158050747127845,nan,1.1507091426105802,0.028770883467234106,0.0158050747127845,0.02201282263443513,1.1349040678977957,14,1.3012906841607346,2.4944669031336932,0.32476576509351,7.168721675872803,0.014889201149344444,0.8301107607987612
control,1014.0,368.0,1011.2020874023438,367.7769775390625,0.015806746165252572,0.008061455646631683,0.011428941505781054,0.013963878319463073,0.015806746165252572,0.024435136165585705,0.01637368051895402,25,0.33733764002459443,0.08155351623659797,0.0388134450412526,6.654903411865234,0.000685797247570008,0.9632020790199889
control,935.0,410.0,930.8749389648438,410.1466979980469,0.017651161078913728,0.03239750949293735,0.13346014009144783,0.017513524699417214,0.01765116107891104,0.016778356220674338,0.11668178387077349,24,0.33336911989223683,0.10260698085389228,0.05384760688809694,8.11954402923584,0.002725477796047926,0.9763560383872523
control,1003.0,380.0,999.91650390625,379.8659362792969,0.01869495245102655,0.040926614292867425,0.009877077927049662,0.007290035846690442,0.018694952451027227,0.013788327272707056,0.033636578446176985,25,0.26548514100034826,0.07568268467423589,0.03657913391944321,6.765802383422852,0.006037931889295578,0.9589438176830032
control,1010.0,374.0,1007.0972900390625,373.8188781738281,0.018874346083664097,0.17372041421853893,0.03650631490239812,0.025263879047850976,0.018874346083664097,0.02210089699976288,0.15484606813487484,25,0.34891388671129864,0.11247490671830242,0.022643435873335713,6.375637531280518,0.005115678068250418,0.9651494896174687
control,930.0,432.0,926.2723999023438,432.2225646972656,0.01920614749379727,0.05757274744282516,0.054546846881792316,0.025526844213864024,0.019206147493791896,0.02803346589579187,0.03836659994903326,25,0.18307648408793087,0.1075520223539729,0.05166360453451213,6.076176166534424,0.017051981762051582,0.9458472433136655
control,926.0,410.0,921.8298950195312,410.1483459472656,0.020606030887885547,0.061287515054720826,0.05594303959812776,0.05581520597712845,0.020606030887885547,0.01026689357499412,0.051020621479726705,22,0.40027332371964697,0.0890090051026831,0.04717573633211792,7.729379177093506,0.0012582719791680574,0.9869352030261066
control,899.0,445.0,894.4409790039062,445.3653869628906,0.02064610726824966,0.04938529473561648,0.05464287199468981,nan,0.020646107268255005,0.16098695738489255,0.14034085011663755,13,0.23521053266426284,0.3174302856460946,0.14049059261362676,3.874645709991455,0.043581750243902206,0.9938627504326889
control,930.0,402.0,925.806396484375,402.096923828125,0.022242351286529436,0.036053622510344926,0.04184415378567728,0.01644427229970064,0.02224235128653078,0.018196569036875127,0.025399881485976643,25,0.4281000526140528,0.08001055649480346,0.03586119671801576,8.37833023071289,0.0011324448278173804,0.9866924401751667
control,996.0,381.0,992.8018798828125,380.9473571777344,0.022299334373301387,0.05663299191459408,0.03161806573136889,0.0031996421661818846,0.022299334373301387,0.022022683319541676,0.0534333497484122,25,0.2496233079712762,0.061394547202051564,0.039941137634903624,7.289399147033691,0.001927203731611371,0.9526324040486408
control,995.0,402.0,991.7333984375,402.1148681640625,0.023062811685892085,0.07226019080001866,0.040670451390112265,0.026947847225121647,0.023062811685893442,0.015563071421303736,0.056697119378714925,20,0.2540235142305969,0.08595624259260662,0.05468694003277848,6.732213497161865,0.006788360886275768,0.9841371335743612
control,965.0,357.0,961.4187622070312,356.6865539550781,0.023747841102892502,0.011199385238595736,0.020912617893932468,0.02778307810057202,0.023747841102892502,0.07117419761846833,0.059974812379872594,25,0.3189974215272051,0.12369002059066515,0.06379467636592574,6.534226417541504,0.10012044757604599,0.920922844203546
control,962.0,367.0,958.4024047851562,366.7618408203125,0.023866523185207964,0.05019894989195624,0.038554362972523216,0.0652177230695322,0.023866523185207964,0.01830452724063213,0.04691319582890008,24,0.27319478995253643,0.11530125369584535,0.06711031830827124,5.9582624435424805,0.011917026713490486,0.9682715323556963
