frame,phase,exposure,angle,dangle,t_req_a,t_sav_a,ab_a,aa_a,t_req_b,t_sav_b,ab_b,aa_b,n_body,n_bg,n_body_detected,fb_med_body,fb_p90_body,body_flow,same_angle,static_med,static_cl,affine_med,affine_cl,epi_img_med,epi_img_cl,epi_enc_med,epi_enc_cl,epi_enc_cl30,epi_enc_bg,epi_sens_px_per_deg,motion_mm,candidate_raw,accel_guard,state,insufficient_reason,alarm_confirmed,alarm_any,alarm,n_bed,epi_bed,n_offplane,epi_offplane,n_floor,epi_floor,n_bed_near,epi_bed_near,motion_state,geometry_state,label
2,approach,False,-0.32499998807907104,0.0,0.0,0.138,-0.32499998807907104,-0.32499998807907104,0.199,0.367,-0.32499998807907104,-0.32499998807907104,258.0,2163.0,258.0,0.01096382737159729,0.03200909495353699,0.5714247422981721,True,0.5652100421061332,0.7520099268011542,nan,nan,nan,nan,nan,nan,nan,nan,nan,1.6789751037203413,True,False,SUSPECT/NOT_CHECKED,nan,False,False,False,nan,nan,nan,nan,nan,nan,nan,nan,SUSPECT,NOT_CHECKED,motion suspected; geometry not checked
3,approach,False,-0.32499998807907104,0.0,0.199,0.367,-0.32499998807907104,-0.32499998807907104,0.456,0.63,-0.32499998807907104,-0.32499998807907104,240.0,2438.0,240.0,0.015527844429016113,0.0339064858853817,0.5671325094309246,True,0.5648270312031298,0.9470028953435855,nan,nan,nan,nan,nan,nan,nan,nan,nan,2.114326191405961,True,False,SUSPECT/NOT_CHECKED,nan,False,False,False,nan,nan,nan,nan,nan,nan,nan,nan,SUSPECT,NOT_CHECKED,motion suspected; geometry not checked
4,approach,False,-0.32499998807907104,0.0,0.456,0.63,-0.32499998807907104,-0.32499998807907104,0.736,0.871,-0.32499998807907104,-0.32499998807907104,208.0,2544.0,208.0,0.010083971545100212,0.024849051609635353,0.2673453024181366,True,0.25568230865636815,0.3766648182418365,nan,nan,nan,nan,nan,nan,nan,nan,nan,0.8409607768949205,True,False,SUSPECT/NOT_CHECKED,nan,False,False,False,nan,nan,nan,nan,nan,nan,nan,nan,SUSPECT,NOT_CHECKED,motion suspected; geometry not checked
5,approach,False,-0.32499998807907104,0.0,0.736,0.871,-0.32499998807907104,-0.32499998807907104,0.928,1.139,-0.32499998807907104,-0.32499998807907104,244.0,2581.0,245.0,0.009614633396267891,0.02758372761309147,0.5260294792046685,True,0.5218923740690827,0.7308139085650889,nan,nan,nan,nan,nan,nan,nan,nan,nan,1.6316518096413177,True,False,SUSPECT/NOT_CHECKED,nan,False,False,False,nan,nan,nan,nan,nan,nan,nan,nan,SUSPECT,NOT_CHECKED,motion suspected; geometry not checked
6,approach,False,-0.32499998807907104,0.0,0.928,1.139,-0.32499998807907104,-0.32499998807907104,1.226,1.366,-0.32499998807907104,-0.32499998807907104,241.0,2542.0,241.0,0.005733732599765062,0.012671411037445068,0.05417760194843123,True,0.050373240949729295,0.06761301670183494,nan,nan,nan,nan,nan,nan,nan,nan,nan,0.15095621438495382,False,False,NO_MOTION/NOT_CHECKED,nan,False,False,False,nan,nan,nan,nan,nan,nan,nan,nan,NO_MOTION,NOT_CHECKED,no motion; geometry not checked
7,approach,False,-0.32499998807907104,0.0,1.226,1.366,-0.32499998807907104,-0.32499998807907104,1.477,1.635,-0.32499998807907104,-0.32499998807907104,240.0,2462.0,240.0,0.007475635036826134,0.016531003639101982,0.09541857668136372,True,0.08984878992438215,0.1492309039517587,nan,nan,nan,nan,nan,nan,nan,nan,nan,0.3331804056184166,False,False,NO_MOTION/NOT_CHECKED,nan,False,False,False,nan,nan,nan,nan,nan,nan,nan,nan,NO_MOTION,NOT_CHECKED,no motion; geometry not checked
8,approach,False,-0.3852999895811081,-0.06030000150203707,1.477,1.635,-0.32499998807907104,-0.32499998807907104,1.701,1.87,-0.32499998807907104,-0.3919999897480011,242.0,2488.0,242.0,0.004435873124748468,0.012292806059122086,0.020453762517999748,False,nan,nan,0.030369670896634116,0.07899582198475055,0.013805078407934834,0.04709579662597542,0.010962743758671803,0.04118547768525793,0.019826792178430072,0.04234949908481937,0.011669889505398871,0.044266291265359116,False,False,NO_MOTION/VERIFIED,nan,False,False,False,853.0,0.015981532319699426,0.0,nan,1635.0,0.0698366873262974,701.0,0.014908581397393495,NO_MOTION,VERIFIED,no motion; geometry verified by background
9,approach,False,-0.7361000180244446,-0.35080002844333646,1.701,1.87,-0.32499998807907104,-0.3919999897480011,1.932,2.133,-0.4580000042915344,-0.7670000195503235,228.0,2468.0,229.0,0.014558007009327412,0.037363626062870026,0.6755980538976452,False,nan,nan,1.3006387693559316,1.5210806093222617,0.06645439086915866,0.14284035548151403,0.06436362875408036,0.1177580295758483,0.10667449533014253,0.04124109925046161,0.012442130657252951,0.23816683195007823,False,False,NO_MOTION/VERIFIED,nan,False,False,False,754.0,0.018214194379333103,78.0,0.22512243609620758,1636.0,0.05962870015236424,623.0,0.016591272543987276,NO_MOTION,VERIFIED,no motion; geometry verified by background
10,approach,False,-1.193099957704544,-0.45699993968009944,1.932,2.133,-0.4580000042915344,-0.7670000195503235,2.236,2.37,-0.9419999718666077,-1.2209999561309814,225.0,2422.0,226.0,0.010740670375525951,0.030371783301234245,0.6392729399530037,False,nan,nan,0.9814232871552211,1.3156654558899172,0.042378602039771,0.22014656231773957,0.02006821274526052,0.11563639081286428,0.05776248808860292,0.06572671119448312,0.011218547562223888,0.1289634298342858,False,False,NO_MOTION/VERIFIED,nan,False,False,False,807.0,0.024917477015537697,85.0,0.19077538396085827,1530.0,0.10747471887577881,666.0,0.020549297295423458,NO_MOTION,VERIFIED,no motion; geometry verified by background
11,approach,False,-1.7561999797821044,-0.5631000220775604,2.236,2.37,-0.9419999718666077,-1.2209999561309814,2.468,2.634,-1.4249999523162842,-1.7929999828338623,223.0,2344.0,224.0,0.011057853698730469,0.03832991048693657,0.8712560552079706,False,nan,nan,0.9832378655473711,1.2589221950646607,0.12274985901283138,0.24697487972779264,0.027712760475829785,0.09289318396845223,0.06484759487244968,0.14561658603085714,0.012106308946165933,0.14478199482036247,False,False,NO_MOTION/VERIFIED,nan,False,False,False,807.0,0.038301176244654324,106.0,0.2441745228666683,1431.0,0.25722723080034465,666.0,0.03220608885100208,NO_MOTION,VERIFIED,no motion; geometry verified by background
12,approach,False,-2.2621999859809874,-0.506000006198883,2.468,2.634,-1.4249999523162842,-1.7929999828338623,2.73,2.867,-1.9850000143051147,-2.2929999828338623,232.0,2340.0,234.0,0.011045738123357296,0.035033877938985825,0.9539913043938775,False,nan,nan,0.8986263526606124,1.2577229018971785,0.04937224738946658,0.10951334424883902,0.07844842051793714,0.16390621523067583,0.13856860970470664,0.11570487238927929,0.011465244921319978,0.30937523237357645,False,False,NO_MOTION/VERIFIED,nan,False,False,False,838.0,0.0379271717232221,97.0,0.23716639950997404,1405.0,0.18104551383952822,686.0,0.032016428801632725,NO_MOTION,VERIFIED,no motion; geometry verified by background
13,approach,False,-2.8101999044418333,-0.547999918460846,2.73,2.867,-1.9850000143051147,-2.2929999828338623,2.966,3.131,-2.4790000915527344,-2.8469998836517334,221.0,2394.0,223.0,0.011000221595168114,0.02788306400179863,0.9827386971512615,False,nan,nan,0.90713369593846,1.3333719985852044,0.11141851443570044,0.30363396428809775,0.02176206421489693,0.10039836637277647,0.05776022443430011,0.1486764726473172,0.014389721704997083,0.12895837588608328,False,False,NO_MOTION/VERIFIED,nan,False,False,False,829.0,0.04146674423199594,106.0,0.23872566277068488,1459.0,0.2905445529065905,690.0,0.03568188763905944,NO_MOTION,VERIFIED,no motion; geometry verified by background
14,approach,False,-3.2998000383377075,-0.4896001338958742,2.966,3.131,-2.4790000915527344,-2.8469998836517334,3.247,3.366,-3.072999954223633,-3.325000047683716,228.0,2390.0,228.0,0.012448273599147797,0.03248552978038788,0.9381201742582779,False,nan,nan,0.9442253332602994,1.2416370173798743,0.05115785725627299,0.2040463110447298,0.06918415775520947,0.1678277350516153,0.14816224250405607,0.1367063691844742,0.013037338507222227,0.3307944584373326,False,False,NO_MOTION/VERIFIED,nan,False,False,False,844.0,0.04279954921413292,96.0,0.2737173546094188,1450.0,0.2375387922149611,685.0,0.034611618936873194,NO_MOTION,VERIFIED,no motion; geometry verified by background
15,approach,False,-3.86130006313324,-0.5615000247955324,3.247,3.366,-3.072999954223633,-3.325000047683716,3.475,3.632,-3.5399999618530273,-3.8970000743865967,223.0,2360.0,230.0,0.019013701006770134,0.053502533584833145,1.8625069042921696,False,nan,nan,1.796359255433431,2.7759836340175554,0.21899737334667083,0.6322321977724978,0.18414647399853953,0.6298564532385065,0.5388891311761133,0.14918392160165195,0.014188023285556378,1.2031509195083017,True,False,SUSPECT/VERIFIED,nan,False,False,False,819.0,0.045002887935182756,118.0,0.3329545101258716,1423.0,0.25244376898943216,672.0,0.038425175490230994,SUSPECT,VERIFIED,motion suspected; geometry verified by background
16,approach,False,-4.344800090789795,-0.48350002765655464,3.475,3.632,-3.5399999618530273,-3.8970000743865967,3.7,3.868,-4.0279998779296875,-4.380000114440918,183.0,2383.0,190.0,0.014376985840499401,0.03869708627462387,1.2815396049585808,False,nan,nan,1.5497917691649143,2.247406041881203,0.09627683738339603,0.34230853073042844,0.15678195829994873,0.5530534448719833,0.3884458744991246,0.12414556346398338,0.013337223578632762,0.8672637543511552,False,False,NO_MOTION/VERIFIED,nan,False,False,False,876.0,0.04170942583519635,121.0,0.2768755621158622,1386.0,0.21348107779666098,722.0,0.03592599265716574,NO_MOTION,VERIFIED,no motion; geometry verified by background
17,approach,False,-4.895999956130981,-0.5511998653411867,3.7,3.868,-4.0279998779296875,-4.380000114440918,3.956,4.136,-4.545000076293945,-4.934999942779541,233.0,2312.0,233.0,0.013338695280253887,0.03220536187291145,1.1414786708345699,False,nan,nan,1.1417010399142113,1.5482164709261141,0.07887957738606331,0.1971244329020687,0.05953100352499274,0.1971860358749224,0.15930522832235428,0.1405485163673192,0.017045592277694227,0.3556728478086187,False,False,NO_MOTION/VERIFIED,nan,False,False,False,853.0,0.043606396156346504,123.0,0.30153364528538523,1336.0,0.24316927413447528,695.0,0.038593080418379846,NO_MOTION,VERIFIED,no motion; geometry verified by background
18,approach,False,-5.395499897003174,-0.49949994087219274,3.956,4.136,-4.545000076293945,-4.934999942779541,4.219,4.371,-5.093999862670898,-5.428999900817871,239.0,2298.0,240.0,0.011416388675570488,0.02977168560028076,0.7489071576684185,False,nan,nan,0.6761517640363665,0.8837775929137219,0.1147222522883148,0.27198397984807243,0.021636720362305868,0.10259904803866683,0.06333166821863935,0.11210841098486926,0.017511938963571325,0.14139746089321042,False,False,NO_MOTION/VERIFIED,nan,False,False,False,891.0,0.03486694370020813,113.0,0.29041162721753216,1294.0,0.19297652853358524,723.0,0.030108274493854417,NO_MOTION,VERIFIED,no motion; geometry verified by background
19,approach,False,-5.952599811553955,-0.5570999145507809,4.219,4.371,-5.093999862670898,-5.428999900817871,4.467,4.635,-5.616000175476074,-5.989999771118164,231.0,2234.0,231.0,0.01197238452732563,0.028274498879909515,0.7751693530840232,False,nan,nan,0.9387625443368712,1.1417326039089561,0.03754755100058462,0.09855804564289666,0.07253115545549799,0.13396877543723223,0.10667753413975772,0.13547103552010287,0.01951906900132694,0.23817361654893393,False,False,NO_MOTION/VERIFIED,nan,False,False,False,834.0,0.04206819161174408,121.0,0.31606664922885924,1279.0,0.25041242296063326,680.0,0.037208551139688385,NO_MOTION,VERIFIED,no motion; geometry verified by background
20,approach,False,-6.443300056457519,-0.49070024490356445,4.467,4.635,-5.616000175476074,-5.989999771118164,4.728,4.867,-6.176000118255615,-6.4730000495910645,251.0,2363.0,251.0,0.011093800887465477,0.03618231788277626,0.8010559490837001,False,nan,nan,0.9451027403757186,1.201946837717336,0.03800350859381678,0.09271025396305246,0.03254049526492329,0.07955260366201138,0.06092367836297831,0.11782655624431883,0.018440614553015405,0.13602126189160463,False,False,NO_MOTION/VERIFIED,nan,False,False,False,898.0,0.03868407195815693,111.0,0.3869331893348727,1354.0,0.19917686847461674,725.0,0.03213262556050069,NO_MOTION,VERIFIED,no motion; geometry verified by background
21,approach,False,-6.990599870681763,-0.5472998142242433,4.728,4.867,-6.176000118255615,-6.4730000495910645,4.961,5.131,-6.6539998054504395,-7.0279998779296875,246.0,2355.0,247.0,0.013773389160633087,0.03853730112314224,0.9910093093878576,False,nan,nan,0.9925257388748421,1.3332081135056653,0.0736904084378834,0.19601390351291836,0.025983049665051598,0.07413477189593837,0.04718653043304581,0.1496086219521985,0.01885350443105836,0.10535101599659434,False,False,NO_MOTION/VERIFIED,nan,False,False,False,861.0,0.04417649158879483,119.0,0.26943406974086315,1375.0,0.263427855566816,690.0,0.03740323956624114,NO_MOTION,VERIFIED,no motion; geometry verified by background
22,approach,False,-7.484799861907959,-0.4941999912261963,4.961,5.131,-6.6539998054504395,-7.0279998779296875,5.194,5.369,-7.150000095367432,-7.521999835968018,240.0,2362.0,241.0,0.010034924373030663,0.025542043149471283,0.8394779816689845,False,nan,nan,0.7207971924425915,1.0135919607080264,0.059822014585447454,0.1315159409575502,0.021262217981863347,0.06445576699737834,0.04861506367260013,0.12476657215426076,0.018931965161519692,0.10854043100106257,False,False,NO_MOTION/VERIFIED,nan,False,False,False,882.0,0.038516034760924356,110.0,0.35842341774219194,1370.0,0.21884757032683277,704.0,0.03290063114045625,NO_MOTION,VERIFIED,no motion; geometry verified by background
23,approach,False,-8.05400037765503,-0.5692005157470703,5.194,5.369,-7.150000095367432,-7.521999835968018,5.456,5.64,-7.703000068664551,-8.093000411987305,238.0,2351.0,239.0,0.012968424707651138,0.0327165387570858,0.9523779876301832,False,nan,nan,0.8809907370581034,1.2321970713361108,0.08555239123465959,0.23375621168393962,0.04861373147601044,0.17233879627965928,0.1295908981105967,0.13405572069543178,0.022033896575268427,0.28933114290389356,False,False,NO_MOTION/VERIFIED,nan,False,False,False,848.0,0.03569935743270053,118.0,0.36305534355563185,1385.0,0.23992901653154308,687.0,0.029933450481312036,NO_MOTION,VERIFIED,no motion; geometry verified by background
24,approach,False,-8.548800086975097,-0.494799709320068,5.456,5.64,-7.703000068664551,-8.093000411987305,5.733,5.864,-8.28600025177002,-8.57800006866455,235.0,2337.0,236.0,0.01236067432910204,0.03188870847225189,0.9188656170577114,False,nan,nan,0.8829897159928433,1.2185000149143823,0.14938721836473856,0.29895857680927823,0.057541745447341974,0.1579127529762643,0.13926679611676085,0.11831843430814903,0.022123347628247407,0.3109340383970305,False,False,NO_MOTION/VERIFIED,nan,False,False,False,890.0,0.03624674437025824,120.0,0.3965099459483098,1327.0,0.20076422508373462,700.0,0.030862676992218417,NO_MOTION,VERIFIED,no motion; geometry verified by background
25,approach,False,-9.107600021362305,-0.5587999343872081,5.733,5.864,-8.28600025177002,-8.57800006866455,5.965,6.135,-8.779999732971191,-9.144000053405762,248.0,2242.0,249.0,0.010482199490070343,0.02764217182993889,0.7518531619480282,False,nan,nan,0.625810958155456,0.8320450110240128,0.041761390119482156,0.09961019588635256,0.022030977607706528,0.13185396705247276,0.08176357567057033,0.14348689311413446,0.021871140942745122,0.1825494625130673,False,False,NO_MOTION/VERIFIED,nan,False,False,False,819.0,0.04259686490719346,141.0,0.34466487398018086,1282.0,0.2463410478226834,654.0,0.036482527366548015,NO_MOTION,VERIFIED,no motion; geometry verified by background
26,approach,False,-9.582000064849854,-0.47440004348754883,5.965,6.135,-8.779999732971191,-9.144000053405762,6.261,6.365,-9.383999824523926,-9.604000091552734,253.0,2342.0,256.0,0.011033191345632076,0.027326762676239014,0.8491768274545916,False,nan,nan,0.7954331377109579,0.9848785489037171,0.10033679953845079,0.2141385458812549,0.02274663492075469,0.07888586230155303,0.06246590528480435,0.13725024013641926,0.022559759941863378,0.13946451511706084,False,False,NO_MOTION/VERIFIED,nan,False,False,False,864.0,0.04172106378370245,155.0,0.3064576584067164,1323.0,0.23309206745645392,686.0,0.03624041989782614,NO_MOTION,VERIFIED,no motion; geometry verified by background
27,approach,False,-10.106199741363525,-0.5241996765136712,6.261,6.365,-9.383999824523926,-9.604000091552734,6.431,6.631,-9.729999542236328,-10.14799976348877,241.0,2317.0,241.0,0.010848687961697578,0.029084837064146996,0.861175389955249,False,nan,nan,0.800201036269369,0.9937647776067016,0.08001882226055901,0.21981639981801054,0.023576129640726435,0.09428261663832296,0.061231518308097616,0.16670153724893688,0.023832507038494023,0.13670856080265026,False,False,NO_MOTION/VERIFIED,nan,False,False,False,819.0,0.04422995158816123,156.0,0.32958950901046147,1342.0,0.2745861203892932,646.0,0.036269366720212866,NO_MOTION,VERIFIED,no motion; geometry verified by background
28,approach,False,-10.612400150299072,-0.5062004089355465,6.431,6.631,-9.729999542236328,-10.14799976348877,6.732,6.87,-10.345999717712402,-10.642000198364258,244.0,2221.0,245.0,0.010419029742479324,0.026015741750597954,0.777286206289138,False,nan,nan,0.6827956627619379,0.8377264381016833,0.1156289228231076,0.282383283630384,0.02322647198841151,0.06735770088927091,0.04452671764299385,0.11133290904702833,0.02391479712074091,0.09941258447342242,False,False,NO_MOTION/VERIFIED,nan,False,False,False,829.0,0.03313398186306807,173.0,0.39154668860152586,1219.0,0.17526771537848862,655.0,0.030009471966945585,NO_MOTION,VERIFIED,no motion; geometry verified by background
29,approach,False,-11.143299865722657,-0.530899715423585,6.732,6.87,-10.345999717712402,-10.642000198364258,6.93,7.132,-10.758999824523926,-11.185999870300293,254.0,2183.0,257.0,0.011373269371688366,0.028269866481423378,0.9124152772840748,False,nan,nan,0.8070835644257836,1.0937086498033959,0.06969065117547696,0.1157874106289023,0.029673214127158266,0.10579911958757748,0.08219451140216613,0.15103221713530848,0.026961568351362396,0.1835115912548122,False,False,NO_MOTION/VERIFIED,nan,False,False,False,794.0,0.04561118725428296,173.0,0.4426983158143912,1216.0,0.267403558737071,633.0,0.0385975603619921,NO_MOTION,VERIFIED,no motion; geometry verified by background
30,approach,False,-11.66039981842041,-0.5170999526977536,6.93,7.132,-10.758999824523926,-11.185999870300293,7.225,7.368,-11.366999626159668,-11.692999839782715,242.0,2369.0,245.0,0.009850958362221718,0.02550957351922989,0.6811283571841216,False,nan,nan,0.7052795112101118,0.7779520058782426,0.03373601952761285,0.06767093906509446,0.018911931344748546,0.05334697860814197,0.03865083808211742,0.10664560766757991,0.02324998290034727,0.08629380087287114,False,False,NO_MOTION/VERIFIED,nan,False,False,False,863.0,0.03241500463587823,174.0,0.42871192400622027,1332.0,0.1706316769212788,688.0,0.029413779511380987,NO_MOTION,VERIFIED,no motion; geometry verified by background
31,approach,False,-12.21440019607544,-0.5540003776550293,7.225,7.368,-11.366999626159668,-11.692999839782715,7.459,7.63,-11.866999626159668,-12.253000259399414,255.0,2310.0,256.0,0.011266939342021942,0.028617341071367264,0.8682059445384313,False,nan,nan,0.8242836786674832,1.0072829360860205,0.04581829767067742,0.13071186842653873,0.027949918418729996,0.10141621615145494,0.0617525840803437,0.14090855218017445,0.025653962019389562,0.13787191839650997,False,False,NO_MOTION/VERIFIED,nan,False,False,False,829.0,0.04092773741017971,176.0,0.33301190489008436,1305.0,0.24509170154712087,658.0,0.03554163694917904,NO_MOTION,VERIFIED,no motion; geometry verified by background
32,approach,False,-12.729199981689453,-0.514799785614013,7.459,7.63,-11.866999626159668,-12.253000259399414,7.736,7.865,-12.479000091552734,-12.756999969482422,240.0,2269.0,241.0,0.009070667438209057,0.02643628977239132,0.687953727434662,False,nan,nan,1.1749853140674391,1.330671646335984,0.030973720983917402,0.07244792035301392,0.0215518297210655,0.051182591059203,0.034420378356286654,0.10105982074072775,0.0273385124337178,0.076848664174776,False,False,NO_MOTION/VERIFIED,nan,False,False,False,850.0,0.03328728562406487,175.0,0.30881528976370665,1244.0,0.16680132814684295,685.0,0.0309665885134727,NO_MOTION,VERIFIED,no motion; geometry verified by background
33,approach,False,-13.291900062561036,-0.5627000808715827,7.736,7.865,-12.479000091552734,-12.756999969482422,7.97,8.138,-12.967000007629395,-13.32800006866455,254.0,2184.0,255.0,0.0106395548209548,0.029950642958283424,0.856873595807063,False,nan,nan,0.7161263309249443,0.9252893789647554,0.048526976431330186,0.1243210525478015,0.02655785078820319,0.12264827632377945,0.0573843718249216,0.1183247204911726,0.02568560836649504,0.12811922848745896,False,False,NO_MOTION/VERIFIED,nan,False,False,False,826.0,0.04276848065506882,164.0,0.3082985353973454,1194.0,0.21680374480995213,658.0,0.039564627798221605,NO_MOTION,VERIFIED,no motion; geometry verified by background
34,approach,False,-13.772900009155274,-0.4809999465942383,7.97,8.138,-12.967000007629395,-13.32800006866455,8.235,8.372,-13.51099967956543,-13.802000045776367,258.0,2188.0,259.0,0.010434361174702644,0.0284225195646286,0.760956099558581,False,nan,nan,0.39860444703941467,0.627621863893209,0.042745387699159976,0.10645957267467498,0.028425335616586313,0.07313421598044847,0.051063194981684816,0.11643310634815751,0.027057313223776275,0.11400625182616231,False,False,NO_MOTION/VERIFIED,nan,False,False,False,844.0,0.04120499218321669,164.0,0.2856459910932263,1180.0,0.2004363645698043,674.0,0.0370062450510081,NO_MOTION,VERIFIED,no motion; geometry verified by background
35,approach,False,-14.323800086975098,-0.5509000778198239,8.235,8.372,-13.51099967956543,-13.802000045776367,8.466,8.634,-13.98900032043457,-14.361000061035156,241.0,2205.0,243.0,0.01196764875203371,0.030919352546334267,0.842851429718066,False,nan,nan,0.6980500503157104,0.8971962976826879,0.023713059466710346,0.066108083871425,0.026226707001199605,0.06204057002036379,0.05705794183717634,0.134177178252502,0.026795988900227274,0.1273904245142676,False,False,NO_MOTION/VERIFIED,nan,False,False,False,820.0,0.043291037745761825,168.0,0.37721228465160717,1217.0,0.24529354309883963,654.0,0.03990595226207663,NO_MOTION,VERIFIED,no motion; geometry verified by background
36,approach,False,-14.799100017547607,-0.4752999305725094,8.466,8.634,-13.98900032043457,-14.361000061035156,8.696,8.866,-14.47599983215332,-14.835000038146973,257.0,2195.0,258.0,0.009598251432180405,0.02391650900244713,0.7311393021552136,False,nan,nan,0.6562945944536333,0.7691880660404589,0.054699906909599694,0.17009854950143743,0.022582339239740123,0.058230824293401526,0.050746358531778286,0.11910815457479942,0.02849995800410939,0.11329886686702086,False,False,NO_MOTION/VERIFIED,nan,False,False,False,848.0,0.0429386542645859,176.0,0.34582744673688326,1171.0,0.22167185666456093,665.0,0.03724703542905226,NO_MOTION,VERIFIED,no motion; geometry verified by background
37,approach,False,-15.35700044631958,-0.5579004287719727,8.696,8.866,-14.47599983215332,-14.835000038146973,8.966,9.138,-15.015000343322754,-15.395000457763672,252.0,2166.0,254.0,0.010083193890750408,0.02711545117199421,0.849486010434328,False,nan,nan,0.6236934082963743,0.8371093646727779,0.06716619068634569,0.12300177227990146,0.031385810057239574,0.10655240247202691,0.06332032320622212,0.1319272393523335,0.028485774526625998,0.14137213144911526,False,False,NO_MOTION/VERIFIED,nan,False,False,False,772.0,0.04494026246078471,205.0,0.3401106502888696,1189.0,0.23192585417429412,605.0,0.03980454023005386,NO_MOTION,VERIFIED,no motion; geometry verified by background
38,approach,False,-15.83030014038086,-0.47329969406128036,8.966,9.138,-15.015000343322754,-15.395000457763672,9.2,9.365,-15.508999824523926,-15.866000175476074,238.0,2222.0,239.0,0.012652833014726639,0.029310502111911774,0.7290457357089155,False,nan,nan,0.6048723325538361,0.7775890387471811,0.01503965747168957,0.044574753885879045,0.024161865617496846,0.10267500026092136,0.07487480713739907,0.12250805482951391,0.029512735374226315,0.16716925215908227,False,False,NO_MOTION/VERIFIED,nan,False,False,False,831.0,0.04461195840128064,196.0,0.328641615630056,1195.0,0.2248696877062065,647.0,0.040120847552594714,NO_MOTION,VERIFIED,no motion; geometry verified by background
39,approach,False,-16.43080005645752,-0.6004999160766609,9.2,9.365,-15.508999824523926,-15.866000175476074,9.456,9.636,-16.059999465942383,-16.472000122070312,240.0,2164.0,240.0,0.010213283821940422,0.023911945521831512,0.7638306938808889,False,nan,nan,0.49680157378895917,0.8169790961547463,0.037620732000119075,0.07442327527675366,0.028606718659985087,0.08525617436780111,0.0768719379375149,0.11979901754658737,0.02769185581782737,0.17162814661348247,False,False,NO_MOTION/VERIFIED,nan,False,False,False,770.0,0.04208813765151424,224.0,0.3559377032389996,1170.0,0.1893542462380719,594.0,0.03815821369767365,NO_MOTION,VERIFIED,no motion; geometry verified by background
40,approach,False,-16.781999397277833,-0.3511993408203118,9.456,9.636,-16.059999465942383,-16.472000122070312,9.719,9.864,-16.6200008392334,-16.799999237060547,230.0,2219.0,230.0,0.010250747203826904,0.024543965235352516,0.624473611967536,False,nan,nan,0.5088700407898554,0.6198020987635873,0.025622636249781408,0.06529140741710077,0.027007697040789036,0.11149956738392355,0.06604501486060288,0.16274378298389355,0.02743922336451752,0.1474554147808651,False,False,NO_MOTION/VERIFIED,nan,False,False,False,859.0,0.05509959649673231,186.0,0.3698708948797543,1174.0,0.3020249484127041,680.0,0.05078087431833007,NO_MOTION,VERIFIED,no motion; geometry verified by background
41,approach,False,-16.895200157165526,-0.11320075988769318,9.719,9.864,-16.6200008392334,-16.799999237060547,9.954,10.133,-16.861000061035156,-16.89900016784668,234.0,2328.0,234.0,0.010416250675916672,0.02906021475791931,0.45178475834224985,False,nan,nan,0.318267109623313,0.4681171196728624,0.057453853153766804,0.11629187496448129,0.045556478969610986,0.09804346451302441,0.08451757523635224,0.10268667778293787,0.029278976073611254,0.18869818015868836,False,False,NO_MOTION/VERIFIED,nan,False,False,False,983.0,0.04882619575460221,134.0,0.2220160466473402,1211.0,0.19191064941269562,792.0,0.04518349105711035,NO_MOTION,VERIFIED,no motion; geometry verified by background
42,dwell_start,False,-16.51570072174072,0.3794994354248047,9.954,10.133,-16.861000061035156,-16.89900016784668,10.216,10.368,-16.51300048828125,-16.516000747680664,249.0,2385.0,249.0,0.005077762063592672,0.012574746273458004,0.0283684100327038,False,nan,nan,0.09310504592945314,0.1304902893720078,0.04023519238627663,0.07746363911564569,0.01865609912608755,0.09040235541846302,0.050726274009483,0.22108579631586592,0.030619207430523238,0.1132540251545619,False,False,NO_MOTION/VERIFIED,nan,False,False,False,1090.0,0.09328176075833983,0.0,nan,1295.0,0.49973335538023267,893.0,0.0857757036222562,NO_MOTION,VERIFIED,no motion; geometry verified by background
43,dwell_start,False,-16.516000747680664,-0.00030002593994282734,10.216,10.368,-16.51300048828125,-16.516000747680664,10.466,10.63,-16.516000747680664,-16.516000747680664,244.0,2392.0,244.0,0.005946157034486532,0.01543799601495266,0.08657420651416063,True,0.07495022786298923,0.1288263258883904,nan,nan,nan,nan,nan,nan,nan,nan,nan,0.2876241205889874,False,False,NO_MOTION/NOT_CHECKED,nan,False,False,False,nan,nan,nan,nan,nan,nan,nan,nan,NO_MOTION,NOT_CHECKED,no motion; geometry not checked
44,dwell_start,False,-16.516000747680664,0.0,10.466,10.63,-16.516000747680664,-16.516000747680664,10.731,10.87,-16.516000747680664,-16.516000747680664,248.0,2496.0,248.0,0.005005900282412767,0.011678319424390793,0.025275116247017115,True,0.013970067805038,0.0390301193807244,nan,nan,nan,nan,nan,nan,nan,nan,nan,0.08714060333514266,False,False,NO_MOTION/NOT_CHECKED,nan,False,False,False,nan,nan,nan,nan,nan,nan,nan,nan,NO_MOTION,NOT_CHECKED,no motion; geometry not checked
45,dwell_start,False,-16.516900253295898,-0.0008995056152336645,10.731,10.87,-16.516000747680664,-16.516000747680664,10.936,11.13,-16.516000747680664,-16.517000198364258,242.0,2552.0,242.0,0.006456164177507162,0.01465507410466671,0.06385166722477827,True,0.06487548854009743,0.10899438374762359,nan,nan,nan,nan,nan,nan,nan,nan,nan,0.24334633125925395,False,False,NO_MOTION/NOT_CHECKED,nan,False,False,False,nan,nan,nan,nan,nan,nan,nan,nan,NO_MOTION,NOT_CHECKED,no motion; geometry not checked
46,dwell_start,False,-16.517000198364258,-9.994506836008554e-05,10.936,11.13,-16.516000747680664,-16.517000198364258,11.19,11.365,-16.517000198364258,-16.517000198364258,241.0,2535.0,241.0,0.008429759182035923,0.019920499995350838,0.20344042530955522,True,0.2020727383986096,0.27987689701798163,nan,nan,nan,nan,nan,nan,nan,nan,nan,0.6248672064723225,True,False,SUSPECT/NOT_CHECKED,nan,False,False,False,nan,nan,nan,nan,nan,nan,nan,nan,SUSPECT,NOT_CHECKED,motion suspected; geometry not checked
47,dwell_start,False,-16.517000198364258,0.0,11.19,11.365,-16.517000198364258,-16.517000198364258,11.475,11.63,-16.517000198364258,-16.517000198364258,240.0,2541.0,240.0,0.009355900809168816,0.022313706576824188,0.4293336361990121,True,0.4101566344599871,0.6879287099613093,nan,nan,nan,nan,nan,nan,nan,nan,nan,1.5359041629578087,True,False,SUSPECT/NOT_CHECKED,nan,False,False,False,nan,nan,nan,nan,nan,nan,nan,nan,SUSPECT,NOT_CHECKED,motion suspected; geometry not checked
48,dwell_start,False,-16.517000198364258,0.0,11.475,11.63,-16.517000198364258,-16.517000198364258,11.727,11.864,-16.517000198364258,-16.517000198364258,235.0,2547.0,235.0,0.007994440384209156,0.018676789477467537,0.1682543340223044,True,0.16515533364087565,0.2440938582162993,nan,nan,nan,nan,nan,nan,nan,nan,nan,0.5449761981992768,True,False,SUSPECT/NOT_CHECKED,nan,False,False,False,nan,nan,nan,nan,nan,nan,nan,nan,SUSPECT,NOT_CHECKED,motion suspected; geometry not checked
49,dwell_start,False,-16.517000198364258,0.0,11.727,11.864,-16.517000198364258,-16.517000198364258,11.956,12.13,-16.517000198364258,-16.517000198364258,241.0,2523.0,241.0,0.00928155891597271,0.021633755415678024,0.20521535603786303,True,0.202362550655596,0.3215004425213276,nan,nan,nan,nan,nan,nan,nan,nan,nan,0.7177980231251824,True,False,SUSPECT/NOT_CHECKED,nan,False,False,False,nan,nan,nan,nan,nan,nan,nan,nan,SUSPECT,NOT_CHECKED,motion suspected; geometry not checked
50,sweep,True,-16.327099800109863,0.18990039825439453,11.956,12.13,-16.517000198364258,-16.517000198364258,12.233,12.367,-16.517000198364258,-16.305999755859375,245.0,2543.0,245.0,0.006043713539838791,0.014836647547781467,0.06011094981495066,False,nan,nan,0.16728415993439294,0.23165982548452616,0.04490537089013037,0.13489953511905484,0.04368047218837213,0.16419415525746614,0.11712350069862705,0.07863490309043071,0.02892290799042227,0.2614958057402933,False,False,NO_MOTION/VERIFIED,nan,False,False,False,1105.0,0.03574872638576634,0.0,nan,1438.0,0.16577537998499692,912.0,0.03281674794995786,NO_MOTION,VERIFIED,no motion; geometry verified by background
51,sweep,True,-15.830100059509277,0.49699974060058594,12.233,12.367,-16.517000198364258,-16.305999755859375,12.464,12.634,-16.145999908447266,-15.795000076293945,230.0,2391.0,231.0,0.010904449969530106,0.02879050374031067,0.6103306501304516,False,nan,nan,1.097121775758152,1.2472928741396583,0.1860045519047922,0.3864972246848388,0.02270595826210962,0.0665471436849612,0.034590094828943936,0.07139707400894088,0.029851616565172365,0.07722758168919619,False,False,NO_MOTION/VERIFIED,nan,False,False,False,802.0,0.027045405866583043,174.0,0.36659588347382144,1415.0,0.11683154801883376,637.0,0.02494874329327247,NO_MOTION,VERIFIED,no motion; geometry verified by background
52,sweep,True,-15.317099571228027,0.51300048828125,12.464,12.634,-16.145999908447266,-15.795000076293945,12.746,12.868,-15.569999694824219,-15.288999557495117,246.0,2362.0,246.0,0.011381816118955612,0.027562439441680908,0.7286518442966006,False,nan,nan,0.6374544966376735,0.7740063925537131,0.1917717592990265,0.35406159128633286,0.028862414820322833,0.09280730406680812,0.07752313582297109,0.09357813432050027,0.02972011657437431,0.17308204369423918,False,False,NO_MOTION/VERIFIED,nan,False,False,False,850.0,0.03241841112773807,189.0,0.30207899227543084,1323.0,0.14712017776207592,671.0,0.030450688547451917,NO_MOTION,VERIFIED,no motion; geometry verified by background
53,sweep,True,-14.75340003967285,0.5636995315551765,12.746,12.868,-15.569999694824219,-15.288999557495117,12.975,13.138,-15.081000328063965,-14.717000007629395,255.0,2267.0,257.0,0.010950028896331787,0.027063369750976562,0.6377326869282987,False,nan,nan,0.9733904191874475,1.18160784618547,0.08049560785771576,0.13179532712916575,0.08465017191093706,0.14808574449389814,0.1382002521405055,0.1554639424921807,0.027583024109822385,0.3085528187889692,False,False,NO_MOTION/VERIFIED,nan,False,False,False,780.0,0.04511556880116128,201.0,0.4066533497926144,1286.0,0.27988518969039644,615.0,0.04055696256927373,NO_MOTION,VERIFIED,no motion; geometry verified by background
54,sweep,True,-14.281200408935547,0.472199630737304,12.975,13.138,-15.081000328063965,-14.717000007629395,13.226,13.369,-14.553000450134277,-14.25100040435791,258.0,2337.0,259.0,0.010934052988886833,0.027228211984038353,0.7003202482480007,False,nan,nan,0.5389098194993018,0.6403880374908384,0.029751224148484634,0.14589615310864013,0.026724905017243145,0.10652043099418068,0.053096628129136375,0.13548196466563683,0.03038857639711713,0.11854619672313121,False,False,NO_MOTION/VERIFIED,nan,False,False,False,826.0,0.03959705905897415,199.0,0.35574355087334286,1312.0,0.2536403434719153,647.0,0.03518266449337574,NO_MOTION,VERIFIED,no motion; geometry verified by background
55,sweep,True,-13.734500122070312,0.5467002868652351,13.226,13.369,-14.553000450134277,-14.25100040435791,13.458,13.637,-14.081000328063965,-13.696000099182129,256.0,2335.0,257.0,0.010693955235183239,0.026655027642846107,0.780535458689982,False,nan,nan,0.8579624259237453,1.0307387468942275,0.03868657376116709,0.10294393550067701,0.040202638422087586,0.13977190426344638,0.09018971884213803,0.151039314071441,0.027510013632503008,0.20136209264100197,False,False,NO_MOTION/VERIFIED,nan,False,False,False,811.0,0.04498196619768036,196.0,0.33699561865987315,1328.0,0.26250091961493405,631.0,0.04275544147292971,NO_MOTION,VERIFIED,no motion; geometry verified by background
56,sweep,True,-13.245300197601319,0.4891999244689931,13.458,13.637,-14.081000328063965,-13.696000099182129,13.7,13.871,-13.581000328063965,-13.208000183105469,261.0,2376.0,261.0,0.009775537997484207,0.02313304878771305,0.7553829925864021,False,nan,nan,1.0493356788501458,1.1914942254706986,0.04062210668157463,0.14514742635052774,0.020905918406057593,0.09198267150868103,0.07275316362692677,0.11961120175090202,0.027031667841315637,0.16243236437861722,False,False,NO_MOTION/VERIFIED,nan,False,False,False,838.0,0.039532864102416215,172.0,0.33469576898485487,1366.0,0.2001577718269108,661.0,0.03703880168851592,NO_MOTION,VERIFIED,no motion; geometry verified by background
57,sweep,True,-12.689799880981445,0.5555003166198738,13.7,13.871,-13.581000328063965,-13.208000183105469,13.967,14.136,-13.020999908447266,-12.652999877929688,250.0,2303.0,251.0,0.010456599295139313,0.027682889252901077,0.7937391357651662,False,nan,nan,0.6300591199174447,0.806168465451254,0.05198762399111588,0.20825815375079348,0.02612069055996883,0.13704557878803175,0.06180828258981401,0.15281327359132532,0.025886030276778133,0.1379962736840961,False,False,NO_MOTION/VERIFIED,nan,False,False,False,828.0,0.043621591755309025,162.0,0.378841910035645,1313.0,0.2673278478776448,642.0,0.0393168994937092,NO_MOTION,VERIFIED,no motion; geometry verified by background
58,sweep,True,-12.202200222015382,0.4875996589660634,13.967,14.136,-13.020999908447266,-12.652999877929688,14.216,14.367,-12.510000228881836,-12.168000221252441,266.0,2351.0,267.0,0.00980362668633461,0.028877440840005875,0.5215638640274235,False,nan,nan,1.0034691292893272,1.161187805881227,0.17086585220415956,0.27049995357335976,0.029852792325119372,0.09912039684031076,0.06636417794364294,0.1110228841187109,0.026056758439157723,0.14816799429790728,False,False,NO_MOTION/VERIFIED,nan,False,False,False,837.0,0.04066060726623972,157.0,0.3069067617775642,1357.0,0.1768190518301019,665.0,0.037798706725958885,NO_MOTION,VERIFIED,no motion; geometry verified by background
59,sweep,True,-11.622099781036377,0.5801004409790043,14.216,14.367,-12.510000228881836,-12.168000221252441,14.46,14.636,-11.982999801635742,-11.581999778747559,250.0,2323.0,253.0,0.016524530947208405,0.04079145938158035,1.052062419015631,False,nan,nan,0.912029954523762,1.7882119877869425,0.20663439976086653,0.634051661225796,0.17868802825215743,0.6906497191784902,0.4747666070862832,0.13500479020434059,0.02563552868116291,1.0599877541063643,False,False,NO_MOTION/VERIFIED,nan,False,False,False,812.0,0.03799851375394224,175.0,0.3391509341825502,1336.0,0.23025703527766367,640.0,0.034215363438712856,NO_MOTION,VERIFIED,no motion; geometry verified by background
60,sweep,True,-11.123299884796143,0.498799896240234,14.46,14.636,-11.982999801635742,-11.581999778747559,14.707,14.866,-11.449999809265137,-11.086999893188477,240.0,2353.0,242.0,0.015103470534086227,0.03657281771302223,1.0587704706477574,False,nan,nan,1.2040268027351668,1.776733551346552,0.36874343875384497,0.7806865025598926,0.3423704338729391,0.7196977185337922,0.6261014155669399,0.12037567151056645,0.024373797083233617,1.3978654425647163,True,False,SUSPECT/VERIFIED,nan,True,True,True,855.0,0.03714196310314431,161.0,0.31145173008246707,1337.0,0.18812159094312772,677.0,0.0327078212061184,SUSPECT,VERIFIED,motion suspected; geometry verified by background
61,sweep,True,-10.5604998588562,0.5628000259399428,14.707,14.866,-11.449999809265137,-11.086999893188477,14.929,15.135,-10.961000442504883,-10.515999794006348,240.0,2358.0,245.0,0.01366401556879282,0.03843916580080986,0.8649795979043922,False,nan,nan,0.8279228838157275,1.4337470291448813,0.459178201843482,0.6327633704738692,0.48354053559047894,0.6847011293868344,0.6674589351037763,0.1519256380815375,0.026090695860024327,1.4902023162936942,True,False,SUSPECT/VERIFIED,nan,True,True,True,837.0,0.04540696169388144,187.0,0.39833641968106054,1334.0,0.2660799315070237,658.0,0.04101844960957696,SUSPECT,VERIFIED,motion suspected; geometry verified by background
62,sweep,True,-10.069900131225586,0.4905997276306149,14.929,15.135,-10.961000442504883,-10.515999794006348,15.217,15.368,-10.357000350952148,-10.038000106811523,238.0,2395.0,239.0,0.013667218387126923,0.035897914320230484,0.5599976298332947,False,nan,nan,0.7489929403248856,1.336298181447704,0.3874048894953534,0.6304636099860321,0.2381906825166842,0.44791102930098303,0.41881616120130954,0.13038286804698504,0.023953622003383135,0.9350699806369159,False,False,NO_MOTION/VERIFIED,nan,False,False,False,858.0,0.03471248815177965,180.0,0.38884841416229365,1357.0,0.21661104296869102,688.0,0.030174728210799882,NO_MOTION,VERIFIED,no motion; geometry verified by background
63,sweep,True,-9.515299701690674,0.5546004295349114,15.217,15.368,-10.357000350952148,-10.038000106811523,15.465,15.634,-9.85099983215332,-9.477999687194824,242.0,2381.0,243.0,0.011778857558965683,0.03212663531303406,0.7490323825069132,False,nan,nan,0.605264979601922,0.9366717404274874,0.15045330133036483,0.22719285269735762,0.12719666538614807,0.1965171233445719,0.1796251884520097,0.14683654372211769,0.023931515767443012,0.4010402105925179,False,False,NO_MOTION/VERIFIED,nan,False,False,False,816.0,0.0433069981465349,184.0,0.4283453118285964,1381.0,0.2412130938858073,648.0,0.037751150638645405,NO_MOTION,VERIFIED,no motion; geometry verified by background
64,sweep,True,-9.03400011062622,0.4812995910644542,15.465,15.634,-9.85099983215332,-9.477999687194824,15.729,15.867,-9.295000076293945,-9.005000114440918,249.0,2384.0,253.0,0.009761666879057884,0.02562718279659748,0.2912960232966906,False,nan,nan,0.6656407886451685,1.1448919367266808,0.03895704531693978,0.13815829264282453,0.037659608128273514,0.14153222002523863,0.09261180099001691,0.14507660505926356,0.022948856850084076,0.2067697548014636,False,False,NO_MOTION/VERIFIED,nan,False,False,False,820.0,0.038556123857767036,169.0,0.4249333754000935,1395.0,0.22509613305013523,644.0,0.03347300631624704,NO_MOTION,VERIFIED,no motion; geometry verified by background
65,sweep,True,-8.505300331115723,0.5286997795104966,15.729,15.867,-9.295000076293945,-9.005000114440918,15.898,16.132,-8.949000358581543,-8.456000328063965,254.0,2341.0,256.0,0.01079471968114376,0.027189822867512703,0.47745308765188765,False,nan,nan,0.47985312712021977,1.0803852982799762,0.08805450041099186,0.25861746136568253,0.11565795101936563,0.3047521500509337,0.23639535015592955,0.14947004623658128,0.024993515039563874,0.5277881227384471,False,False,NO_MOTION/VERIFIED,nan,False,False,False,812.0,0.04239024452255248,169.0,0.36921420293656365,1360.0,0.23715086860813836,648.0,0.03579017984599614,NO_MOTION,VERIFIED,no motion; geometry verified by background
66,sweep,True,-7.996900033950806,0.5084002971649175,15.898,16.132,-8.949000358581543,-8.456000328063965,16.226,16.366,-8.274999618530273,-7.966000080108643,242.0,2402.0,245.0,0.010905399918556213,0.02844701148569584,0.4476170078981002,False,nan,nan,0.45892108176178525,0.99132930347714,0.07932333638579459,0.2130125425308858,0.09315199175003369,0.2678455582731607,0.19474549773834363,0.11168028686873682,0.022553785992353997,0.43479857194858923,False,False,NO_MOTION/VERIFIED,nan,False,False,False,849.0,0.035023939785370585,152.0,0.27858462878629664,1401.0,0.17391678125937982,666.0,0.029826100134001384,NO_MOTION,VERIFIED,no motion; geometry verified by background
67,sweep,True,-7.431699895858765,0.5652001380920408,16.226,16.366,-8.274999618530273,-7.966000080108643,16.47,16.632,-7.752999782562256,-7.395999908447266,246.0,2346.0,249.0,0.014458809979259968,0.03591359406709671,0.4169935194691028,False,nan,nan,0.6265249660426002,1.1125572566159105,0.31109190174450474,0.47109792898615127,0.2987184369719385,0.43328071724910155,0.4217390578920029,0.1521515762122722,0.024971024449489416,0.9415957864800593,False,False,NO_MOTION/VERIFIED,nan,False,False,False,836.0,0.03946749546940309,144.0,0.34143790820696907,1366.0,0.26369923794498906,662.0,0.03400745437547794,NO_MOTION,VERIFIED,no motion; geometry verified by background
68,sweep,True,-6.920099878311158,0.5116000175476074,16.47,16.632,-7.752999782562256,-7.395999908447266,16.736,16.866,-7.190999984741211,-6.889999866485596,241.0,2374.0,241.0,0.014331472106277943,0.03379299119114876,0.5276511430156293,False,nan,nan,0.5856290317466946,0.857778307658298,0.3486572425837478,0.6552415648487605,0.4292077242327528,0.8060093869808551,0.7055132506380064,0.11553882831638351,0.02428439484175926,1.5751642909884576,True,False,SUSPECT/VERIFIED,nan,True,True,True,870.0,0.0359944745356658,127.0,0.42525808383930525,1377.0,0.19115517603097243,690.0,0.03117997271685415,SUSPECT,VERIFIED,motion suspected; geometry verified by background
69,sweep,True,-6.37570013999939,0.5443997383117676,16.736,16.866,-7.190999984741211,-6.889999866485596,16.964,17.131,-6.697000026702881,-6.340000152587891,243.0,2394.0,245.0,0.011515645310282707,0.031104637309908867,0.6992805292960896,False,nan,nan,0.7245066733220411,0.9447902920983743,0.13867899088532956,0.32489770936904394,0.14839076439539792,0.2820879119791284,0.2088047871793638,0.1502550531785029,0.025177276211604815,0.46618804714857925,False,False,NO_MOTION/VERIFIED,nan,False,False,False,841.0,0.041827588146717117,144.0,0.40046796782158534,1409.0,0.23498721897877756,679.0,0.03628591842589981,NO_MOTION,VERIFIED,no motion; geometry verified by background
70,sweep,True,-5.866900157928467,0.508799982070923,16.964,17.131,-6.697000026702881,-6.340000152587891,17.245,17.368,-6.109000205993652,-5.840000152587891,241.0,2431.0,241.0,0.010317875072360039,0.02613566443324089,0.6496854507746532,False,nan,nan,0.7134888466801643,0.8656819149701649,0.01985773556802355,0.0962914029644869,0.026597756407248627,0.06533315461116812,0.043022449766196943,0.11159419206395364,0.02291583411290668,0.09605408051694993,False,False,NO_MOTION/VERIFIED,nan,False,False,False,895.0,0.03584982353886228,122.0,0.35850935498191844,1414.0,0.1765020357612443,718.0,0.030090744796448587,NO_MOTION,VERIFIED,no motion; geometry verified by background
71,sweep,True,-5.318900108337402,0.5480000495910646,17.245,17.368,-6.109000205993652,-5.840000152587891,17.463,17.634,-5.659999847412109,-5.281000137329102,244.0,2425.0,244.0,0.012520305812358856,0.029133319854736328,0.8177123518387717,False,nan,nan,0.9022729893806871,1.0123135739806677,0.0645473987433537,0.16306355967359243,0.033840070255810144,0.09376474299684745,0.061414051752054444,0.15282059593593833,0.021136542306598484,0.13711609413043954,False,False,NO_MOTION/VERIFIED,nan,False,False,False,878.0,0.04054904846595532,132.0,0.3810327063600696,1415.0,0.27223658939842726,691.0,0.03456316057743549,NO_MOTION,VERIFIED,no motion; geometry verified by background
72,sweep,True,-4.820599842071533,0.4983002662658693,17.463,17.634,-5.659999847412109,-5.281000137329102,17.738,17.865,-5.078000068664551,-4.791999816894531,244.0,2445.0,246.0,0.012515905313193798,0.032756272703409195,0.8168776983510393,False,nan,nan,0.9471417526876316,1.0943490796411668,0.16091475913843584,0.2041298126571235,0.04152121604842586,0.09783526920933897,0.0769316208506733,0.11071137109723528,0.02132286423102512,0.17176139768070803,False,False,NO_MOTION/VERIFIED,nan,False,False,False,891.0,0.03740979515608505,128.0,0.40476546195077157,1426.0,0.1717978901738808,708.0,0.03176813011783598,NO_MOTION,VERIFIED,no motion; geometry verified by background
73,sweep,True,-4.262299871444702,0.5582999706268312,17.738,17.865,-5.078000068664551,-4.791999816894531,17.968,18.136,-4.589000225067139,-4.22599983215332,240.0,2420.0,244.0,0.011437498033046722,0.029250482097268105,0.8976771110123385,False,nan,nan,0.7095722199836391,0.9098957453296352,0.04734926450810406,0.1512108041937943,0.02136370715477523,0.1031793735122645,0.06317808937504435,0.136175002480182,0.01895444334571979,0.14105457305933433,False,False,NO_MOTION/VERIFIED,nan,False,False,False,848.0,0.044559109557635854,119.0,0.3765934818425299,1453.0,0.23169546351593417,680.0,0.03729859081986797,NO_MOTION,VERIFIED,no motion; geometry verified by background
74,sweep,True,-3.795800042152405,0.46649982929229683,17.968,18.136,-4.589000225067139,-4.22599983215332,18.193,18.364,-4.126999855041504,-3.759000062942505,257.0,2431.0,258.0,0.0095265693962574,0.027074560523033142,0.7595474009215664,False,nan,nan,0.7434253682904113,0.8857345727566936,0.035219347714413866,0.11841033870290656,0.030839688093003404,0.09419399082939302,0.0651015769860333,0.14286666747134605,0.019268077329022415,0.145349048033757,False,False,NO_MOTION/VERIFIED,nan,False,False,False,869.0,0.04314347594445873,125.0,0.3861125768047832,1437.0,0.24864828098302302,703.0,0.03769912791729373,NO_MOTION,VERIFIED,no motion; geometry verified by background
75,sweep,True,-3.224799966812134,0.5710000753402711,18.193,18.364,-4.126999855041504,-3.759000062942505,18.467,18.635,-3.555999994277954,-3.187999963760376,255.0,2386.0,257.0,0.010374405421316624,0.027158327400684357,0.9052528926795561,False,nan,nan,0.9999988205793484,1.2333324526940368,0.034897570451464244,0.10932948881674875,0.03988270493275178,0.09179492069077863,0.07622486233653811,0.127181081459498,0.01997337445556545,0.17018345315193967,False,False,NO_MOTION/VERIFIED,nan,False,False,False,835.0,0.040901478481770295,120.0,0.3019851651642746,1431.0,0.21274481619688768,678.0,0.03566917628956799,NO_MOTION,VERIFIED,no motion; geometry verified by background
76,sweep,True,-2.7406999349594114,0.48410003185272243,18.467,18.635,-3.555999994277954,-3.187999963760376,18.7,18.865,-3.062000036239624,-2.7049999237060547,252.0,2412.0,253.0,0.010059114545583725,0.02361036092042923,0.7671888328609713,False,nan,nan,0.91250051467161,1.0741278783357917,0.03602519526048088,0.0826499343269374,0.019465118275378057,0.10521865563657837,0.054014700680067106,0.13160586351879094,0.020098523767092143,0.120595931575673,False,False,NO_MOTION/VERIFIED,nan,False,False,False,869.0,0.040719341543404376,113.0,0.2842830931457814,1430.0,0.22156228563398464,713.0,0.03412711862817063,NO_MOTION,VERIFIED,no motion; geometry verified by background
77,sweep,True,-2.1750999450683595,0.565599989891052,18.7,18.865,-3.062000036239624,-2.7049999237060547,18.977,19.135,-2.5,-2.1389999389648438,248.0,2434.0,248.0,0.011174769140779972,0.025515899062156677,0.8697591099050184,False,nan,nan,1.171013118317838,1.3368139439624822,0.06207314650542692,0.1221850717567196,0.021523213337963025,0.06574801712305689,0.041187472851116014,0.1323790284319017,0.018389044420218666,0.0919572189643004,False,False,NO_MOTION/VERIFIED,nan,False,False,False,858.0,0.042158316465281384,111.0,0.34987962416674895,1465.0,0.20525455002735377,702.0,0.03636816114016128,NO_MOTION,VERIFIED,no motion; geometry verified by background
78,sweep,True,-1.6908000469207765,0.484299898147583,18.977,19.135,-2.5,-2.1389999389648438,19.194,19.361,-2.0220000743865967,-1.6540000438690186,243.0,2425.0,244.0,0.010496494360268116,0.025188002735376358,0.7608187859790424,False,nan,nan,0.9732597544397145,1.171041745695026,0.032886985754181065,0.07738715536716453,0.017538890146598454,0.047459146806541036,0.03128010372163129,0.11831283056944236,0.01693286841903327,0.06983752942438994,False,False,NO_MOTION/VERIFIED,nan,False,False,False,848.0,0.039002020718952424,110.0,0.3117214547693131,1467.0,0.1957909074731581,702.0,0.033782636196724114,NO_MOTION,VERIFIED,no motion; geometry verified by background
79,sweep,True,-1.109500026702881,0.5813000202178955,19.194,19.361,-2.0220000743865967,-1.6540000438690186,19.466,19.634,-1.4470000267028809,-1.0720000267028809,230.0,2400.0,230.0,0.010278506204485893,0.02715553343296051,0.8733271240708995,False,nan,nan,1.0641740260042,1.329169936667204,0.18428171324524245,0.34622718316577683,0.03574282071571545,0.0852875963709065,0.06182672269800453,0.1359730628796374,0.01590200577928816,0.1380374439950965,False,False,NO_MOTION/VERIFIED,nan,False,False,False,839.0,0.04222347278723448,129.0,0.3200913916065753,1432.0,0.24127122997819017,693.0,0.03691803320111178,NO_MOTION,VERIFIED,no motion; geometry verified by background
80,sweep,True,-0.6115000128746033,0.49800001382827763,19.466,19.634,-1.4470000267028809,-1.0720000267028809,19.692,19.866,-0.9580000042915344,-0.5730000138282776,240.0,2399.0,243.0,0.009953059256076813,0.02587319351732731,0.7631598622958446,False,nan,nan,0.9547884473618475,1.104255160480995,0.028468695476228947,0.09773978977406403,0.01897321182842446,0.0715631558861874,0.0363629341619713,0.11576941057147266,0.01682355804929035,0.08118571175765228,False,False,NO_MOTION/VERIFIED,nan,False,False,False,826.0,0.03889008809483527,102.0,0.32170009867657356,1471.0,0.17855646800223302,669.0,0.03230661678573455,NO_MOTION,VERIFIED,no motion; geometry verified by background
81,sweep,True,-0.03450000104494394,0.5770000118296594,19.692,19.866,-0.9580000042915344,-0.5730000138282776,19.964,20.138,-0.38100001215934753,0.004000000189989805,244.0,2394.0,244.0,0.011013636365532875,0.03176325932145119,0.9037852967244149,False,nan,nan,1.005380149445144,1.2980156042791737,0.023950499739646792,0.0739852062187806,0.02760158038609397,0.07284214387644038,0.057420635446265654,0.13118565684639621,0.017196819558780656,0.12820019246843511,False,False,NO_MOTION/VERIFIED,nan,False,False,False,828.0,0.04159249794951658,114.0,0.30061507758621747,1452.0,0.20145061780881757,679.0,0.03494234543303218,NO_MOTION,VERIFIED,no motion; geometry verified by background
82,sweep,True,0.4453999951481819,0.47989999619312584,19.964,20.138,-0.38100001215934753,0.004000000189989805,20.225,20.364,0.17900000512599945,0.4749999940395355,238.0,2421.0,239.0,0.01072237454354763,0.02886124700307846,0.7599492114054137,False,nan,nan,0.7990074551153881,0.9849137998220538,0.07700874598432106,0.272227266027411,0.047399742645442236,0.08633263806553049,0.07086049005520603,0.1405652157406958,0.014587245905751806,0.15820668637472984,False,False,NO_MOTION/VERIFIED,nan,False,False,False,842.0,0.03929182529039098,92.0,0.28812968069429135,1487.0,0.24499954982032626,699.0,0.03601956036779639,NO_MOTION,VERIFIED,no motion; geometry verified by background
83,sweep,True,1.007700002193451,0.5623000070452691,20.225,20.364,0.17900000512599945,0.4749999940395355,20.459,20.634,0.6629999876022339,1.0460000038146973,227.0,2397.0,235.0,0.013043051585555077,0.041495006531476974,0.9421591585914842,False,nan,nan,0.9345736185555832,1.1502161006737692,0.02690521849808024,0.09470672580121028,0.01798196806483897,0.08751987882915352,0.053315535749412835,0.13000776403360279,0.014742205800279684,0.11903494086248355,False,False,NO_MOTION/VERIFIED,nan,False,False,False,813.0,0.046307177731402395,100.0,0.18693970537839388,1484.0,0.21122201543902955,664.0,0.03891296949737083,NO_MOTION,VERIFIED,no motion; geometry verified by background
84,sweep,True,1.5087000012397767,0.5009999990463256,20.459,20.634,0.6629999876022339,1.0460000038146973,20.695,20.867,1.1729999780654907,1.5460000038146973,224.0,2457.0,226.0,0.011317570693790913,0.02657143771648407,0.7676787487131833,False,nan,nan,0.8956472654688569,1.0608046175935537,0.019904542630390442,0.1245364901112911,0.022873723063786745,0.07600733244001734,0.050440472054611066,0.1306596519589593,0.014755379664266183,0.1126159293665638,False,False,NO_MOTION/VERIFIED,nan,False,False,False,840.0,0.038688319558214335,109.0,0.31291263326134844,1508.0,0.20440108437979623,691.0,0.032289725937011494,NO_MOTION,VERIFIED,no motion; geometry verified by background
85,sweep,True,2.0855999112129213,0.5768999099731447,20.695,20.867,1.1729999780654907,1.5460000038146973,20.968,21.138,1.7489999532699585,2.122999906539917,228.0,2415.0,229.0,0.011738771572709084,0.03203986957669258,0.8741098635537463,False,nan,nan,0.8515830076710418,1.2028550528063313,0.221922745460852,0.3143002501966886,0.02426597475895242,0.12485839293668208,0.09044633709632444,0.14404454824732266,0.016497342256647472,0.20193503143420632,False,False,NO_MOTION/VERIFIED,nan,False,False,False,817.0,0.03926737705956063,115.0,0.22927649426067997,1483.0,0.2455849144607506,666.0,0.03230136531396279,NO_MOTION,VERIFIED,no motion; geometry verified by background
86,sweep,True,2.5713000535964965,0.4857001423835752,20.968,21.138,1.7489999532699585,2.122999906539917,21.234,21.37,2.303999900817871,2.6010000705718994,223.0,2248.0,224.0,0.01104736328125,0.03283257782459259,0.8005090993130528,False,nan,nan,0.8823717480399706,1.0972012927543822,0.06037885097587178,0.11408894246844914,0.03161782428380329,0.10185166237651871,0.08369773777949434,0.11927232696778053,0.0164589155534986,0.1868677699073011,False,False,NO_MOTION/VERIFIED,nan,False,False,False,843.0,0.041474397775364255,112.0,0.2473129084107908,1293.0,0.1996067959013526,694.0,0.034764305441202514,NO_MOTION,VERIFIED,no motion; geometry verified by background
87,sweep,True,3.1160000801086425,0.544700026512146,21.234,21.37,2.303999900817871,2.6010000705718994,21.482,21.634,2.809999942779541,3.1500000953674316,235.0,2346.0,235.0,0.011165597476065159,0.03184850141406059,0.8869497078683347,False,nan,nan,0.8156424729895514,1.1613306396647816,0.049088613929128465,0.11094478692674267,0.02795900427982983,0.11898898141820292,0.0743310886925033,0.1583923395941052,0.014977763111194836,0.16595531907139455,False,False,NO_MOTION/VERIFIED,nan,False,False,False,802.0,0.045013351311455195,127.0,0.37319311977833036,1417.0,0.265006059885956,656.0,0.03889465322529468,NO_MOTION,VERIFIED,no motion; geometry verified by background
88,sweep,True,3.5871999263763428,0.4711998462677003,21.482,21.634,2.809999942779541,3.1500000953674316,21.697,21.864,3.265000104904175,3.622999906539917,223.0,2363.0,224.0,0.011416878551244736,0.026861166581511497,0.7948709070972604,False,nan,nan,1.0050490460206207,1.1377275545287313,0.029333150263775285,0.09599293076224466,0.051624241814157396,0.09886561660787312,0.0657605668165469,0.12802917824334412,0.012275120199977119,0.14682034180210346,False,False,NO_MOTION/VERIFIED,nan,False,False,False,819.0,0.043213898126006386,130.0,0.2439252728748897,1414.0,0.20188449000483805,670.0,0.038125722279685595,NO_MOTION,VERIFIED,no motion; geometry verified by background
89,sweep,True,4.161099886894226,0.573899960517883,21.697,21.864,3.265000104904175,3.622999906539917,21.964,22.132,3.819999933242798,4.198999881744385,213.0,2219.0,215.0,0.011499620974063873,0.030827030539512634,0.9774239031117719,False,nan,nan,0.9820362778332747,1.3442298003329456,0.018190161925729215,0.06754151013906241,0.030176722660469776,0.07002030864492201,0.054707037587953714,0.13847974412253516,0.01249593965693338,0.12214167770255319,False,False,NO_MOTION/VERIFIED,nan,False,False,False,769.0,0.04291280396341789,131.0,0.21496383262497007,1319.0,0.22412972849763593,622.0,0.03702728328986302,NO_MOTION,VERIFIED,no motion; geometry verified by background
90,sweep,True,4.668500137329102,0.507400250434876,21.964,22.132,3.819999933242798,4.198999881744385,22.246,22.368,4.429999828338623,4.695000171661377,244.0,2280.0,247.0,0.01041743066161871,0.02801404520869255,0.8087190041440702,False,nan,nan,0.9674922828683885,1.1850443584277073,0.016468144661967228,0.06920308271265482,0.01695988263628885,0.05327898838116138,0.030922039879969762,0.10863348232378622,0.012552751901139143,0.06903809812133596,False,False,NO_MOTION/VERIFIED,nan,False,False,False,798.0,0.04053568866348567,140.0,0.30905113937948664,1342.0,0.17474593244017406,647.0,0.03369572057084199,NO_MOTION,VERIFIED,no motion; geometry verified by background
91,sweep,True,5.210000085830688,0.5414999485015866,22.246,22.368,4.429999828338623,4.695000171661377,22.456,22.636,4.859000205993652,5.249000072479248,229.0,2193.0,230.0,0.010811667889356613,0.027544155716896057,0.9111792007726173,False,nan,nan,0.9140419666673686,1.300797632170264,0.04031490255853146,0.1645301212466247,0.01761858806947802,0.060359619461123774,0.03198578875449402,0.1429547951819279,0.011446059865654057,0.07141307724499454,False,False,NO_MOTION/VERIFIED,nan,False,False,False,770.0,0.0500661765547602,136.0,0.25487343887080993,1287.0,0.24416431371600603,631.0,0.044613630887682,NO_MOTION,VERIFIED,no motion; geometry verified by background
92,sweep,True,5.698600006103516,0.4885999202728275,22.456,22.636,4.859000205993652,5.249000072479248,22.696,22.87,5.353000164031982,5.736999988555908,233.0,2151.0,234.0,0.010137165896594524,0.029664279893040657,0.8110830013064265,False,nan,nan,1.0546435221217274,1.521085088525839,0.018678434223528363,0.058083424505840336,0.01722560292389123,0.05805215001039199,0.03673675649342363,0.12038135344092145,0.010953763621631557,0.082020326255885,False,False,NO_MOTION/VERIFIED,nan,False,False,False,771.0,0.04583013769070769,122.0,0.3015789149079996,1258.0,0.20269204681782774,626.0,0.03657987812755338,NO_MOTION,VERIFIED,no motion; geometry verified by background
93,sweep,True,6.245000123977661,0.5464001178741453,22.696,22.87,5.353000164031982,5.736999988555908,22.963,23.136,5.921000003814697,6.281000137329102,247.0,2181.0,249.0,0.009474467486143112,0.02971055544912815,0.9152091048929182,False,nan,nan,0.9659650932900997,1.2017863518405756,0.03984286895574442,0.10144993824268858,0.022593443559205173,0.08307445022790375,0.03830993312194558,0.15010512971511922,0.010869464453499705,0.08553267934978435,False,False,NO_MOTION/VERIFIED,nan,False,False,False,738.0,0.04380389133221488,130.0,0.3302343165137601,1313.0,0.22925762318987367,599.0,0.035848921943561485,NO_MOTION,VERIFIED,no motion; geometry verified by background
94,sweep,True,6.738699960708618,0.49369983673095685,22.963,23.136,5.921000003814697,6.281000137329102,23.225,23.366,6.456999778747559,6.769999980926514,223.0,2229.0,228.0,0.011002433486282825,0.029383281245827675,0.8210405340806362,False,nan,nan,0.9838487598818803,1.3157992603612525,0.06211814693813317,0.125597070463298,0.026943483511197408,0.05740162463372425,0.04420453571810075,0.1293925946670472,0.010413071607060509,0.09869326493855243,False,False,NO_MOTION/VERIFIED,nan,False,False,False,746.0,0.043482953033142896,138.0,0.32249523210794323,1345.0,0.20335709911472805,603.0,0.03600094049880414,NO_MOTION,VERIFIED,no motion; geometry verified by background
95,sweep,True,7.311900234222412,0.5732002735137938,23.225,23.366,6.456999778747559,6.769999980926514,23.46,23.637,6.951000213623047,7.3520002365112305,222.0,2250.0,222.0,0.010626742616295815,0.025180941447615623,0.8869530357423558,False,nan,nan,1.2404154466793602,1.63502348312244,0.03199915284606247,0.19600553417630434,0.04791045231628639,0.09661544411661677,0.07980309348544995,0.1507804477663644,0.010372722059294875,0.17817239159579107,False,False,NO_MOTION/VERIFIED,nan,False,False,False,733.0,0.04112920616987308,148.0,0.33534413810432334,1369.0,0.248979799419393,594.0,0.03334150929795034,NO_MOTION,VERIFIED,no motion; geometry verified by background
96,sweep,True,7.806000089645385,0.49409985542297363,23.46,23.637,6.951000213623047,7.3520002365112305,23.706,23.864,7.491000175476074,7.841000080108643,209.0,2087.0,209.0,0.010319454595446587,0.029042156413197517,0.8574840452379254,False,nan,nan,0.9808443691045007,1.3341116194119567,0.049476237992612596,0.10060039061416995,0.026238607178683006,0.06733575184323604,0.060166799799844975,0.130913239421766,0.011060132491621036,0.13433141682606667,False,False,NO_MOTION/VERIFIED,nan,False,False,False,721.0,0.04174632602063258,158.0,0.3870270435146345,1208.0,0.20779695253059552,567.0,0.03426801026119204,NO_MOTION,VERIFIED,no motion; geometry verified by background
97,sweep,True,8.367299842834473,0.561299753189088,23.706,23.864,7.491000175476074,7.841000080108643,23.968,24.134,8.045999526977539,8.402999877929688,213.0,2010.0,222.0,0.010806540958583355,0.026975857093930244,0.8986765410305293,False,nan,nan,0.8864594520540328,1.2824128114625815,0.03285671555702881,0.10406855559660928,0.021604414774733426,0.07318152956197824,0.04457660534226226,0.14357715232590063,0.010386869117440491,0.09952396625452448,False,False,NO_MOTION/VERIFIED,nan,False,False,False,710.0,0.04082815946889708,155.0,0.3444017618641125,1145.0,0.23279687868712756,563.0,0.03318111435326168,NO_MOTION,VERIFIED,no motion; geometry verified by background
98,sweep,True,8.852100276947022,0.4848004341125485,23.968,24.134,8.045999526977539,8.402999877929688,24.194,24.367,8.51099967956543,8.890000343322754,217.0,2038.0,220.0,0.011000730097293854,0.029718128964304924,0.8161087902680948,False,nan,nan,0.9088835168065014,1.2000861810810504,0.06777285511367873,0.23919716404255265,0.022199438891775565,0.08594566643806023,0.04514739506275848,0.12516808215299557,0.010265038765525925,0.10079834003074466,False,False,NO_MOTION/VERIFIED,nan,False,False,False,728.0,0.044578431895579945,150.0,0.3673945865839371,1160.0,0.20734588429563117,569.0,0.03595143010758858,NO_MOTION,VERIFIED,no motion; geometry verified by background
99,sweep,True,9.416699695587159,0.5645994186401371,24.194,24.367,8.51099967956543,8.890000343322754,24.468,24.629,9.098999977111816,9.45199966430664,210.0,2162.0,212.0,0.010706603527069092,0.03166170418262482,0.9207073055992696,False,nan,nan,1.0782664928120522,1.4925347945660978,0.027565232925694606,0.09101695212605963,0.03733373520592855,0.07862962013215194,0.06006771737587086,0.1642674422728798,0.0101119247191548,0.13411020043364957,False,False,NO_MOTION/VERIFIED,nan,False,False,False,716.0,0.042059912278821374,142.0,0.41627291507301234,1304.0,0.24730484410079143,557.0,0.03376428283263747,NO_MOTION,VERIFIED,no motion; geometry verified by background
100,sweep,True,9.909000015258789,0.4923003196716298,24.468,24.629,9.098999977111816,9.45199966430664,24.716,24.864,9.621000289916992,9.940999984741211,215.0,2204.0,217.0,0.010841603390872478,0.025407902896404266,0.8438809424129687,False,nan,nan,0.8811189090459979,1.1958123751190204,0.0332393278740386,0.07742199752782677,0.02187464875780964,0.05922128011260263,0.03709040477281659,0.13266507051626736,0.009553198601346125,0.0828098991530142,False,False,NO_MOTION/VERIFIED,nan,False,False,False,720.0,0.03876422627874232,160.0,0.3527008305326236,1324.0,0.2046037719080685,556.0,0.03142769178936004,NO_MOTION,VERIFIED,no motion; geometry verified by background
101,sweep,True,10.457900428771973,0.5489004135131843,24.716,24.864,9.621000289916992,9.940999984741211,24.965,25.13,10.133000373840332,10.494000434875488,219.0,2050.0,219.0,0.012437288649380207,0.0281872246414423,0.8931526288888971,False,nan,nan,1.1988698650943572,1.6443773386117162,0.021464831616147557,0.08160190013154815,0.020392743502762975,0.05263178635315627,0.035079873652151546,0.1586679608303358,0.009716149224239523,0.07832108647043355,False,False,NO_MOTION/VERIFIED,nan,False,False,False,689.0,0.049188689519786014,179.0,0.2826218283125593,1182.0,0.2351110089339437,520.0,0.04021304176832467,NO_MOTION,VERIFIED,no motion; geometry verified by background
102,sweep,True,10.948999691009522,0.4910992622375492,24.965,25.13,10.133000373840332,10.494000434875488,25.228,25.365,10.687999725341797,10.977999687194824,211.0,2016.0,212.0,0.010891836136579514,0.025312859565019608,0.8061279334920255,False,nan,nan,1.0241906862755161,1.4192789005843203,0.0435737215864645,0.09442907420400129,0.017468950486893186,0.05441630322176694,0.03380829631610266,0.1238223733807646,0.01060552470846493,0.07548209909328203,False,False,NO_MOTION/VERIFIED,nan,False,False,False,717.0,0.04330992323989228,165.0,0.2543933489666631,1134.0,0.20269630651444148,534.0,0.033592866670398625,NO_MOTION,VERIFIED,no motion; geometry verified by background
103,sweep,True,11.480999851226807,0.5320001602172848,25.228,25.365,10.687999725341797,10.977999687194824,25.461,25.63,11.166000366210938,11.515999794006348,207.0,1949.0,210.0,0.010142723098397255,0.026912618428468704,0.9340780560459011,False,nan,nan,0.9546463630169302,1.4162498573599038,0.03541702561996358,0.06799109741902357,0.01653156510137285,0.05741736619908494,0.04025714766901839,0.16641247142716897,0.009991475374804965,0.08988012827249224,False,False,NO_MOTION/VERIFIED,nan,False,False,False,661.0,0.0513486427583463,152.0,0.27383597692486167,1136.0,0.2752543065010527,486.0,0.0417158067987243,NO_MOTION,VERIFIED,no motion; geometry verified by background
104,sweep,True,11.964400386810302,0.4834005355834954,25.461,25.63,11.166000366210938,11.515999794006348,25.725,25.862,11.697999954223633,11.994000434875488,216.0,2287.0,219.0,0.009481203742325306,0.027086619287729263,0.8139412673710655,False,nan,nan,0.9222260703977667,1.2568341583815315,0.053428724348190584,0.09888023400733235,0.024335142683516255,0.11419104362836931,0.06870012061420941,0.18339613931209447,0.009932844815243166,0.1533833371382368,False,False,NO_MOTION/VERIFIED,nan,False,False,False,676.0,0.042030940322085694,174.0,0.39037458001804426,1437.0,0.2745925477987097,498.0,0.032900630141350695,NO_MOTION,VERIFIED,no motion; geometry verified by background
105,sweep,True,12.513600158691407,0.5491997718811046,25.725,25.862,11.697999954223633,11.994000434875488,25.955,26.129,12.185999870300293,12.550000190734863,201.0,2208.0,206.0,0.01144636981189251,0.030456680804491043,0.9186321814078826,False,nan,nan,1.1066984246649991,1.465871926217104,0.05515896161917743,0.092665897473427,0.020554554375050226,0.06408540359929948,0.0359479754558647,0.20166177773539573,0.009241098989495704,0.08025925412485403,False,False,NO_MOTION/VERIFIED,nan,False,False,False,636.0,0.048900052223103424,165.0,0.4449213947754232,1407.0,0.29450100807986135,455.0,0.03629781625431218,NO_MOTION,VERIFIED,no motion; geometry verified by background
106,sweep,True,13.013200187683106,0.49960002899169886,25.955,26.129,12.185999870300293,12.550000190734863,26.196,26.364,12.682000160217285,13.050000190734863,203.0,2175.0,211.0,0.010826172307133675,0.029373934492468834,0.8698708398398582,False,nan,nan,0.9475202527682668,1.347255880479743,0.03486297623930932,0.10974401666178654,0.021815622699178663,0.06863168007033259,0.032937193289915685,0.15093936733705585,0.008495798157787948,0.07353723075894407,False,False,NO_MOTION/VERIFIED,nan,False,False,False,644.0,0.04538174036211588,190.0,0.3001829589389727,1341.0,0.21230335898348415,457.0,0.0344407237517228,NO_MOTION,VERIFIED,no motion; geometry verified by background
107,sweep,True,13.57070016860962,0.5574999809265133,26.196,26.364,12.682000160217285,13.050000190734863,26.457,26.628,13.22599983215332,13.609000205993652,195.0,2016.0,206.0,0.0120248943567276,0.031124623492360115,0.9913113581483735,False,nan,nan,0.9784320799745956,1.3213893719601473,0.05172545455753241,0.09591399317577881,0.023160373768311676,0.051853217447252783,0.032493520737625785,0.1877664995516924,0.009281058252666174,0.07254666515209435,False,False,NO_MOTION/VERIFIED,nan,False,False,False,617.0,0.04935916176273372,192.0,0.41489567745749123,1207.0,0.27144709768824565,436.0,0.03774880115751966,NO_MOTION,VERIFIED,no motion; geometry verified by background
108,sweep,True,14.082200241088866,0.5115000724792473,26.457,26.628,13.22599983215332,13.609000205993652,26.716,26.861,13.795999526977539,14.11400032043457,200.0,2133.0,220.0,0.011009552516043186,0.032959915697574615,0.8554458930989601,False,nan,nan,0.7721456974552483,0.9295886500435122,0.04378633035766351,0.09782329606436055,0.03422231212887893,0.0663500764622502,0.05588977958175627,0.14874610486996426,0.009811041956835562,0.12478232683622364,False,False,NO_MOTION/VERIFIED,nan,False,False,False,627.0,0.04052520743603352,196.0,0.3231759911754234,1310.0,0.20911678979980214,439.0,0.02957796000164373,NO_MOTION,VERIFIED,no motion; geometry verified by background
109,sweep,True,14.631899642944337,0.5496994018554702,26.716,26.861,13.795999526977539,14.11400032043457,26.924,27.131,14.234999656677246,14.675999641418457,199.0,1949.0,212.0,0.01161978580057621,0.034734997898340225,0.9481259955047422,False,nan,nan,0.8738941746702343,1.2456012572150112,0.0438049457983064,0.14306933660966142,0.028380491162184322,0.05941647239512925,0.04105811362925424,0.17036392195388275,0.009906258546390073,0.09166840507341677,False,False,NO_MOTION/VERIFIED,nan,False,False,False,622.0,0.04365247469909473,211.0,0.3296525152133475,1116.0,0.25297626456898925,447.0,0.03489409466372851,NO_MOTION,VERIFIED,no motion; geometry verified by background
110,sweep,True,15.129599952697754,0.4977003097534176,26.924,27.131,14.234999656677246,14.675999641418457,27.23,27.36,14.87399959564209,15.157999992370605,211.0,1910.0,217.0,0.010519493371248245,0.030997447669506073,0.8268549976383395,False,nan,nan,0.9796877011800782,1.49107378926419,0.022312715757648836,0.05393155935786033,0.02795617704663927,0.06557472443912667,0.04729812251567579,0.14570643343959166,0.010056192723097851,0.10560016208074913,False,False,NO_MOTION/VERIFIED,nan,False,False,False,635.0,0.04213801759733963,199.0,0.3068803019861977,1076.0,0.2089900793772823,447.0,0.03337321244905961,NO_MOTION,VERIFIED,no motion; geometry verified by background
111,sweep,True,15.68439998626709,0.5548000335693359,27.23,27.36,14.87399959564209,15.157999992370605,27.449,27.632,15.32800006866455,15.723999977111816,191.0,1962.0,197.0,0.01018395833671093,0.033469367772340775,0.9245191051314811,False,nan,nan,0.8944134852229869,1.2244302593107472,0.025561940698172494,0.06766018144136421,0.02016288893513665,0.04713529060677572,0.028827633071558886,0.15435642127021587,0.009843298158209307,0.06436202036882238,False,False,NO_MOTION/VERIFIED,nan,False,False,False,631.0,0.042945637530005264,198.0,0.3100889992490442,1133.0,0.2334348179863981,445.0,0.03401933108911531,NO_MOTION,VERIFIED,no motion; geometry verified by background
112,sweep,True,16.1849006652832,0.5005006790161115,27.449,27.632,15.32800006866455,15.723999977111816,27.732,27.866,15.92300033569336,16.214000701904297,197.0,2119.0,203.0,0.011099843308329582,0.031217876821756363,0.7957176871800594,False,nan,nan,0.7779531659297472,1.2069194996623032,0.024335436486002306,0.08093063682154461,0.019602621995838735,0.046347768307231654,0.03608375245333229,0.1510896114988269,0.0104807070341386,0.0805623966636443,False,False,NO_MOTION/VERIFIED,nan,False,False,False,609.0,0.04053079988525953,195.0,0.2595928188656805,1315.0,0.19526545857608055,425.0,0.030563025114723794,NO_MOTION,VERIFIED,no motion; geometry verified by background
113,sweep,True,16.749000358581544,0.564099693298342,27.732,27.866,15.92300033569336,16.214000701904297,27.974,28.136,16.43400001525879,16.784000396728516,188.0,1906.0,193.0,0.01064000092446804,0.027847960591316223,0.9463451934264264,False,nan,nan,0.8619533022956757,1.2198197531069954,0.02197698500849231,0.05632419964077656,0.01970839041659318,0.057775552685044466,0.03924887627947181,0.1735801853959419,0.010564918868747478,0.08762901096604497,False,False,NO_MOTION/VERIFIED,nan,False,False,False,584.0,0.04902308012510534,185.0,0.37130764092217816,1137.0,0.2664246530828528,422.0,0.03633986233714615,NO_MOTION,VERIFIED,no motion; geometry verified by background
114,sweep,True,17.14260063171387,0.39360027313232493,27.974,28.136,16.43400001525879,16.784000396728516,28.198,28.36,16.905000686645508,17.16900062561035,196.0,1818.0,199.0,0.011795710772275925,0.02985534816980362,0.8210631010055693,False,nan,nan,0.7629116934201532,1.1587610356250742,0.059601493671794833,0.1301587765353079,0.01785632911615667,0.08173130217264551,0.02818975265597843,0.18710487108058899,0.011756107290258633,0.06293785653967447,False,False,NO_MOTION/VERIFIED,nan,False,False,False,618.0,0.05891424657742471,188.0,0.3095484659958413,1012.0,0.2998503288037368,439.0,0.04510283612091639,NO_MOTION,VERIFIED,no motion; geometry verified by background
115,sweep,True,17.285600852966308,0.14300022125243927,28.198,28.36,16.905000686645508,17.16900062561035,28.457,28.632,17.246000289916992,17.290000915527344,178.0,1890.0,178.0,0.011969361454248428,0.03315603733062744,0.4569308529943742,False,nan,nan,1.1385382981145307,1.3486221366685993,0.09569004186538174,0.1838512377014505,0.02491843546974781,0.060607459594537685,0.03946907450157748,0.13392457642358785,0.009879439174826565,0.08812063656781269,False,False,NO_MOTION/VERIFIED,nan,False,False,False,736.0,0.05641062022317995,132.0,0.1943351035292887,1022.0,0.1933277362109083,535.0,0.043161094184475286,NO_MOTION,VERIFIED,no motion; geometry verified by background
116,dwell_end,True,16.513999938964844,-0.7716009140014641,28.457,28.632,17.246000289916992,17.290000915527344,28.731,28.864,16.513999938964844,16.513999938964844,208.0,1885.0,208.0,0.0043438272550702095,0.013499978929758072,0.02604682503038265,False,nan,nan,0.08892354448058461,0.13939634238982154,0.04467173408816965,0.13761213740293798,0.022275270692246954,0.05509944321064998,0.04187716936331998,0.39266696807844625,0.012975508473862286,0.09349707001126589,False,False,NO_MOTION/VERIFIED,nan,False,False,False,795.0,0.15164484265745867,0.0,nan,1090.0,0.7473979127452492,608.0,0.12879266453720958,NO_MOTION,VERIFIED,no motion; geometry verified by background
117,dwell_end,False,16.516000747680664,0.0020008087158203125,28.731,28.864,16.513999938964844,16.513999938964844,28.965,29.136,16.516000747680664,16.516000747680664,204.0,1898.0,204.0,0.0046005817130208015,0.011026286520063877,0.022254389967046075,True,0.0081216886026978,0.02774786618799201,nan,nan,nan,nan,nan,nan,nan,nan,nan,0.06195127863427897,False,False,NO_MOTION/NOT_CHECKED,nan,False,False,False,nan,nan,nan,nan,nan,nan,nan,nan,NO_MOTION,NOT_CHECKED,no motion; geometry not checked
118,dwell_end,False,16.516000747680664,0.0,28.965,29.136,16.516000747680664,16.516000747680664,29.246,29.5,16.516000747680664,16.516000747680664,201.0,1906.0,201.0,0.011420589871704578,0.030264083296060562,0.14868554888199131,True,0.14410020714683797,0.19826094869226007,nan,nan,nan,nan,nan,nan,nan,nan,nan,0.44264734417834245,False,False,NO_MOTION/NOT_CHECKED,nan,False,False,False,nan,nan,nan,nan,nan,nan,nan,nan,NO_MOTION,NOT_CHECKED,no motion; geometry not checked
119,dwell_end,False,16.516000747680664,0.0,29.246,29.5,16.516000747680664,16.516000747680664,29.622,29.732,16.516000747680664,16.516000747680664,189.0,1978.0,189.0,0.004292468540370464,0.010005527175962925,0.04712473300449555,True,0.030373528781518614,0.08909649718594702,nan,nan,nan,nan,nan,nan,nan,nan,nan,0.19892131110584282,False,False,NO_MOTION/NOT_CHECKED,nan,False,False,False,nan,nan,nan,nan,nan,nan,nan,nan,NO_MOTION,NOT_CHECKED,no motion; geometry not checked
120,dwell_end,False,16.516000747680664,0.0,29.622,29.732,16.516000747680664,16.516000747680664,29.806,30.005,16.516000747680664,16.516000747680664,203.0,1942.0,203.0,0.004694948438555002,0.013952283188700676,0.04167586390308349,True,0.03410461971578302,0.07573389882975018,nan,nan,nan,nan,nan,nan,nan,nan,nan,0.16908730338668512,False,False,NO_MOTION/NOT_CHECKED,nan,False,False,False,nan,nan,nan,nan,nan,nan,nan,nan,NO_MOTION,NOT_CHECKED,no motion; geometry not checked
121,dwell_end,False,16.516000747680664,0.0,29.806,30.005,16.516000747680664,16.516000747680664,30.105,30.23,16.516000747680664,16.516000747680664,192.0,1945.0,192.0,0.005332234315574169,0.012462131679058075,0.029848807222909245,True,0.014815538584529903,0.032092584944379755,nan,nan,nan,nan,nan,nan,nan,nan,nan,0.07165151577831694,False,False,NO_MOTION/NOT_CHECKED,nan,False,False,False,nan,nan,nan,nan,nan,nan,nan,nan,NO_MOTION,NOT_CHECKED,no motion; geometry not checked
122,dwell_end,False,16.516000747680664,0.0,30.105,30.23,16.516000747680664,16.516000747680664,30.336,30.503,16.516000747680664,16.516000747680664,195.0,2008.0,195.0,0.005805162247270346,0.015163331292569637,0.06993033004708821,True,0.0671828022555203,0.09540656702569293,nan,nan,nan,nan,nan,nan,nan,nan,nan,0.21300948971371828,False,False,NO_MOTION/NOT_CHECKED,nan,False,False,False,nan,nan,nan,nan,nan,nan,nan,nan,NO_MOTION,NOT_CHECKED,no motion; geometry not checked
123,dwell_end,False,16.516000747680664,0.0,30.336,30.503,16.516000747680664,16.516000747680664,30.564,30.728,16.516000747680664,16.516000747680664,195.0,2018.0,195.0,0.005163516383618116,0.013785035349428654,0.03380100131493094,True,0.031265893862541555,0.048706008303356835,nan,nan,nan,nan,nan,nan,nan,nan,nan,0.10874347854793083,False,False,NO_MOTION/NOT_CHECKED,nan,False,False,False,nan,nan,nan,nan,nan,nan,nan,nan,NO_MOTION,NOT_CHECKED,no motion; geometry not checked
124,dwell_end,False,16.516000747680664,0.0,30.564,30.728,16.516000747680664,16.516000747680664,30.836,31.007,16.516000747680664,16.516000747680664,187.0,1884.0,187.0,0.005474482662975788,0.013555685058236122,0.06964789844931703,True,0.06484698590587748,0.08843492658298707,nan,nan,nan,nan,nan,nan,nan,nan,nan,0.19744425537541135,False,False,NO_MOTION/NOT_CHECKED,nan,False,False,False,nan,nan,nan,nan,nan,nan,nan,nan,NO_MOTION,NOT_CHECKED,no motion; geometry not checked
125,dwell_end,False,16.516000747680664,0.0,30.836,31.007,16.516000747680664,16.516000747680664,31.073,31.237,16.516000747680664,16.516000747680664,189.0,2037.0,189.0,0.0058060442097485065,0.014984818175435066,0.06628002036805974,True,0.05832138894353634,0.08861181159923219,nan,nan,nan,nan,nan,nan,nan,nan,nan,0.19783917774001367,False,False,NO_MOTION/NOT_CHECKED,nan,False,False,False,nan,nan,nan,nan,nan,nan,nan,nan,NO_MOTION,NOT_CHECKED,no motion; geometry not checked
126,dwell_end,False,16.516000747680664,0.0,31.073,31.237,16.516000747680664,16.516000747680664,31.335,31.503,16.516000747680664,16.516000747680664,202.0,1947.0,202.0,0.006536482833325863,0.016927320510149002,0.09965161432118352,True,0.09925767769619699,0.1458225247448063,nan,nan,nan,nan,nan,nan,nan,nan,nan,0.32557068714454823,False,False,NO_MOTION/NOT_CHECKED,nan,False,False,False,nan,nan,nan,nan,nan,nan,nan,nan,NO_MOTION,NOT_CHECKED,no motion; geometry not checked
127,dwell_end,False,16.516000747680664,0.0,31.335,31.503,16.516000747680664,16.516000747680664,31.594,31.739,16.516000747680664,16.516000747680664,206.0,1912.0,206.0,0.003817553399130702,0.010103383101522923,0.02564524871199758,True,0.009703147050254905,0.028486943751124445,nan,nan,nan,nan,nan,nan,nan,nan,nan,0.06360138029383561,False,False,NO_MOTION/NOT_CHECKED,nan,False,False,False,nan,nan,nan,nan,nan,nan,nan,nan,NO_MOTION,NOT_CHECKED,no motion; geometry not checked
128,dwell_end,False,16.516000747680664,0.0,31.594,31.739,16.516000747680664,16.516000747680664,31.826,32.032,16.516000747680664,16.516000747680664,178.0,1912.0,178.0,0.005136209540069103,0.012323884293437004,0.04279315483372237,True,0.03910329275137934,0.06876913516094257,nan,nan,nan,nan,nan,nan,nan,nan,nan,0.1535374224789083,False,False,NO_MOTION/NOT_CHECKED,nan,False,False,False,nan,nan,nan,nan,nan,nan,nan,nan,NO_MOTION,NOT_CHECKED,no motion; geometry not checked
129,dwell_end,False,16.516000747680664,0.0,31.826,32.032,16.516000747680664,16.516000747680664,32.118,32.23,16.516000747680664,16.516000747680664,198.0,1917.0,198.0,0.0054605924524366856,0.012698329985141754,0.06265336334389672,True,0.06101118865920365,0.10001487942434129,nan,nan,nan,nan,nan,nan,nan,nan,nan,0.22329823925244904,False,False,NO_MOTION/NOT_CHECKED,nan,False,False,False,nan,nan,nan,nan,nan,nan,nan,nan,NO_MOTION,NOT_CHECKED,no motion; geometry not checked
130,dwell_end,False,16.516000747680664,0.0,32.118,32.23,16.516000747680664,16.516000747680664,32.297,32.503,16.516000747680664,16.516000747680664,191.0,2057.0,191.0,0.005322671495378017,0.013875534757971764,0.06001930733344997,True,0.05569440780010793,0.12346449832676086,nan,nan,nan,nan,nan,nan,nan,nan,nan,0.2756530352806974,False,False,NO_MOTION/NOT_CHECKED,nan,False,False,False,nan,nan,nan,nan,nan,nan,nan,nan,NO_MOTION,NOT_CHECKED,no motion; geometry not checked
131,return,False,16.461100006103514,-0.05490074157714986,32.297,32.503,16.516000747680664,16.516000747680664,32.558,32.734,16.516000747680664,16.454999923706055,201.0,1911.0,201.0,0.004950718954205513,0.011969934217631817,0.025455906044164683,False,nan,nan,0.03234988651278577,0.08435537953931832,0.0364218272088104,0.11662344692831965,0.013541470280901318,0.055602537045088996,0.02656856034828493,0.028770473288000982,0.011452401977760287,0.05931830123069244,False,False,NO_MOTION/VERIFIED,nan,False,False,False,768.0,0.01550645388054448,0.0,nan,1143.0,0.04268652637346191,595.0,0.013579827815980562,NO_MOTION,VERIFIED,no motion; geometry verified by background
132,return,False,16.273399925231935,-0.1877000808715792,32.558,32.734,16.516000747680664,16.454999923706055,32.806,33.006,16.42099952697754,16.256999969482422,191.0,1959.0,191.0,0.009860153310000896,0.02417602762579918,0.21552050089987324,False,nan,nan,0.5864063146258447,0.6584057110784545,0.10833242631936806,0.14946216197084577,0.026360813051553966,0.06438199871881453,0.05064366564321768,0.045312454381687635,0.01045588606287136,0.11306958957016947,False,False,NO_MOTION/VERIFIED,nan,False,False,False,708.0,0.02431944994200614,54.0,0.11998818574237861,1197.0,0.0645345886716385,541.0,0.02101863976282222,NO_MOTION,VERIFIED,no motion; geometry verified by background
133,return,False,16.03460063934326,-0.23879928588867472,32.806,33.006,16.42099952697754,16.256999969482422,33.072,33.228,16.20199966430664,16.016000747680664,203.0,2011.0,205.0,0.012210273183882236,0.032895103096961975,0.42322516514609515,False,nan,nan,0.9722054945745993,1.2280678988090943,0.10000011814585964,0.18272219470737275,0.02061186835177671,0.04834275658017226,0.027741642232425007,0.07579617521776498,0.010489449570443218,0.06193738271871824,False,False,NO_MOTION/VERIFIED,nan,False,False,False,607.0,0.028650905137246344,162.0,0.2273358317059168,1242.0,0.10818645841628396,444.0,0.02109437230484256,NO_MOTION,VERIFIED,no motion; geometry verified by background
134,return,False,15.621800422668457,-0.41280021667480327,33.072,33.228,16.20199966430664,16.016000747680664,33.289,33.504,15.944000244140625,15.586000442504883,195.0,1862.0,199.0,0.011653919704258442,0.0316668339073658,0.6686773173734617,False,nan,nan,0.6400326966479762,0.9241573603840086,0.03280735282004255,0.11167116281052339,0.029661845996303844,0.0858366692398829,0.042691246274541864,0.09808551337585715,0.010891867541259759,0.09531461897936151,False,False,NO_MOTION/VERIFIED,nan,False,False,False,583.0,0.035095882359938387,169.0,0.2465527336724292,1110.0,0.14597481209502133,418.0,0.02715450900924014,NO_MOTION,VERIFIED,no motion; geometry verified by background
135,return,False,15.161700344085693,-0.460100078582764,33.289,33.504,15.944000244140625,15.586000442504883,33.57,33.737,15.482999801635742,15.12600040435791,193.0,1831.0,195.0,0.009912718087434769,0.027411123737692833,0.7474617766896625,False,nan,nan,1.0326624751244662,1.389460703161757,0.019759122346753706,0.10635219027415994,0.018337156753647738,0.05882389969890213,0.044707034158046596,0.10763219818130738,0.010393928508320924,0.09981516817447936,False,False,NO_MOTION/VERIFIED,nan,False,False,False,606.0,0.034539882879719375,172.0,0.3189071775107867,1053.0,0.15473030391492776,437.0,0.026128231552829846,NO_MOTION,VERIFIED,no motion; geometry verified by background
136,return,False,14.51800012588501,-0.6437002182006832,33.57,33.737,15.482999801635742,15.12600040435791,33.828,34.005,14.932000160217285,14.472000122070312,189.0,1801.0,195.0,0.011658553965389729,0.03173612430691719,1.0199989700360228,False,nan,nan,0.8758457609063358,1.359799836721937,0.25703807474025725,0.30897715903428435,0.04790899052377236,0.09079010368392039,0.06773273011354214,0.15561356502889906,0.009635745068263951,0.15122349255599182,False,False,NO_MOTION/VERIFIED,nan,False,False,False,561.0,0.039656044923457166,190.0,0.35777953820678565,1050.0,0.24362106612402484,392.0,0.03139661956111599,NO_MOTION,VERIFIED,no motion; geometry verified by background
137,return,False,13.897100353240967,-0.6208997726440426,33.828,34.005,14.932000160217285,14.472000122070312,34.092,34.23,14.258000373840332,13.857000350952148,163.0,1867.0,174.0,0.010254315100610256,0.02999296225607395,1.0630695200484446,False,nan,nan,1.0433259596315785,1.5830328429318166,0.11813890164702309,0.18218981597497952,0.0548424936063265,0.11107367903076185,0.07886854028974244,0.18787983027810434,0.008435675844238322,0.17608586122860603,False,False,NO_MOTION/VERIFIED,nan,False,False,False,570.0,0.042243382922887526,206.0,0.3604986591107462,1091.0,0.2937087443480012,403.0,0.03054770704316285,NO_MOTION,VERIFIED,no motion; geometry verified by background
138,return,False,13.057999992370606,-0.8391003608703613,34.092,34.23,14.258000373840332,13.857000350952148,34.325,34.505,13.579999923706055,13.0,196.0,1789.0,214.0,0.01213756762444973,0.0426332950592041,1.3194014706888404,False,nan,nan,1.146578761867016,1.6980685411369616,0.02687277596028852,0.09115328192103822,0.016828713532873386,0.05804608841034337,0.029781768981943756,0.225741501603074,0.0084413894567584,0.06649227208759435,False,False,NO_MOTION/VERIFIED,nan,False,False,False,538.0,0.048856525643413626,209.0,0.3321250753062618,1042.0,0.34142995648068347,366.0,0.03369008847743579,NO_MOTION,VERIFIED,no motion; geometry verified by background
139,return,False,12.22690029144287,-0.8310997009277354,34.325,34.505,13.579999923706055,13.0,34.626,34.73,12.586000442504883,12.187000274658203,164.0,1810.0,195.0,0.010961133055388927,0.040023885667324066,1.3527351915147234,False,nan,nan,1.193491266043147,1.6857035364108193,0.021882328586875832,0.11535850013888685,0.02458839693290283,0.08887848897966677,0.03684431989928137,0.21177083608427266,0.00814345367426108,0.08226047771409077,False,False,NO_MOTION/VERIFIED,nan,False,False,False,553.0,0.04283553524132165,218.0,0.4525971592700091,1039.0,0.3434388386590587,385.0,0.03196598332122997,NO_MOTION,VERIFIED,no motion; geometry verified by background
140,return,False,11.230299854278565,-0.9966004371643056,34.626,34.73,12.586000442504883,12.187000274658203,34.824,35.006,11.86299991607666,11.15999984741211,177.0,1708.0,201.0,0.012187875807285309,0.0316544733941555,1.6434665539750906,False,nan,nan,1.6300161862937113,2.315919687145083,0.220559529373055,0.3926078515427691,0.027296325925903128,0.0888541287013484,0.06036056328162786,0.2867687900724252,0.00817978173472858,0.13476402289990863,False,False,NO_MOTION/VERIFIED,nan,False,False,False,514.0,0.06326083150489854,205.0,0.4299117550939995,989.0,0.4409602449886854,340.0,0.04692529467218369,NO_MOTION,VERIFIED,no motion; geometry verified by background
141,return,False,10.357000160217286,-0.8732996940612789,34.824,35.006,11.86299991607666,11.15999984741211,35.104,35.228,10.807000160217285,10.307000160217285,153.0,1943.0,166.0,0.010112330317497253,0.03313051909208298,1.6424916551694242,False,nan,nan,1.4971073967391293,1.961509104879818,0.054446137843606794,0.12259308867793042,0.03898075544342416,0.08394596282234582,0.0682933849462207,0.312606897798197,0.008369786675553326,0.15247523867303037,False,False,NO_MOTION/VERIFIED,nan,False,False,False,580.0,0.07286036688213604,183.0,0.486609442049451,1180.0,0.4716360773891052,399.0,0.05732075926253533,NO_MOTION,VERIFIED,no motion; geometry verified by background
142,return,False,9.279799652099609,-1.0772005081176772,35.104,35.228,10.807000160217285,10.307000160217285,35.336,35.506,9.916999816894531,9.208999633789062,177.0,1882.0,188.0,0.013153359293937683,0.04294803738594055,1.7926130335765287,False,nan,nan,1.7915254178868354,2.384946233955228,0.04919025848823865,0.12469219153565977,0.03814972068486564,0.10975781535173931,0.06908108439878366,0.3814466180749131,0.008682850085575955,0.1542338960031178,False,False,NO_MOTION/VERIFIED,nan,False,False,False,540.0,0.06564036558344657,173.0,0.5157301075401989,1169.0,0.5455262356751116,386.0,0.0480747893748018,NO_MOTION,VERIFIED,no motion; geometry verified by background
143,return,False,8.3371000289917,-0.9426996231079094,35.336,35.506,9.916999816894531,9.208999633789062,35.576,35.729,8.949999809265137,8.269000053405762,184.0,1921.0,186.0,0.011585263535380363,0.03147140145301819,1.7138657763766596,False,nan,nan,1.6827762873945025,2.0940600591821044,0.06983772627377527,0.2643126564178676,0.03699714091394808,0.0891274894645174,0.07730089157322755,0.32039067248088715,0.00859769952076983,0.17258585002848312,False,False,NO_MOTION/VERIFIED,nan,False,False,False,610.0,0.07522217212048282,173.0,0.49316986812636987,1138.0,0.4889555221567244,454.0,0.06143915700862543,NO_MOTION,VERIFIED,no motion; geometry verified by background
144,return,False,7.11710000038147,-1.2200000286102295,35.576,35.729,8.949999809265137,8.269000053405762,35.828,36.013,7.874000072479248,7.0329999923706055,168.0,1866.0,176.0,0.013338739052414894,0.042972564697265625,1.9935496262099845,False,nan,nan,1.7816389169255233,2.4599167670362165,0.03952668032461782,0.12362573657930909,0.04857971719640841,0.13841447667068252,0.08860973596915399,0.27339744590766857,0.008787580810811144,0.19783454358413136,False,False,NO_MOTION/VERIFIED,nan,False,False,False,557.0,0.05862947809431172,175.0,0.4486511993165028,1134.0,0.41118260754848246,409.0,0.0462755037276463,NO_MOTION,VERIFIED,no motion; geometry verified by background
145,return,False,6.149599885940551,-0.9675001144409183,35.828,36.013,7.874000072479248,7.0329999923706055,36.109,36.225,6.650000095367432,6.093999862670898,181.0,1788.0,187.0,0.01229415275156498,0.03301601484417915,1.6174589281737968,False,nan,nan,1.3832296301988265,1.8681619048113807,0.4424619311806375,0.6840796635320379,0.03758631304157016,0.07723582884682395,0.05643229986111706,0.26264860090682707,0.00975901568378068,0.1259935848394056,False,False,NO_MOTION/VERIFIED,nan,False,False,False,640.0,0.07059264234290606,167.0,0.32189661106579887,981.0,0.4985225477949538,488.0,0.05739720425716224,NO_MOTION,VERIFIED,no motion; geometry verified by background
146,return,False,4.934899950027466,-1.2146999359130852,36.109,36.225,6.650000095367432,6.093999862670898,36.361,36.505,5.5279998779296875,4.86899995803833,197.0,1751.0,198.0,0.011000221595168114,0.02986764907836914,2.1219766675253307,False,nan,nan,1.9217190666467494,2.542641576962975,0.054428775173870084,0.10380114499312545,0.0206653842084338,0.07289149183810725,0.044763807614520756,0.3046993633731599,0.009924093077575413,0.09994192344269469,False,False,NO_MOTION/VERIFIED,nan,False,False,False,574.0,0.06839364943063783,152.0,0.44899177891577535,1025.0,0.49840698381246046,425.0,0.04995696086684721,NO_MOTION,VERIFIED,no motion; geometry verified by background
147,return,False,3.9590999603271486,-0.9757999897003176,36.361,36.505,5.5279998779296875,4.86899995803833,36.604,36.73,4.4730000495910645,3.9019999504089355,198.0,1826.0,204.0,0.012159699574112892,0.03475897014141083,1.7218030368669326,False,nan,nan,1.4954736241528401,2.0189369100585624,0.038231813634261966,0.09222799133379739,0.029587299240729226,0.11737306302277417,0.05529170447728762,0.2708987619296666,0.01048818459278962,0.12344703434237426,False,False,NO_MOTION/VERIFIED,nan,False,False,False,673.0,0.0697337128499926,155.0,0.42556248016163317,998.0,0.48617683419435453,523.0,0.055580702057359946,NO_MOTION,VERIFIED,no motion; geometry verified by background
148,return,False,2.8399999380111693,-1.1191000223159793,36.604,36.73,4.4730000495910645,3.9019999504089355,36.824,37.008,3.5510001182556152,2.760999917984009,185.0,2020.0,185.0,0.011667497456073761,0.03618772327899933,1.891057977308258,False,nan,nan,1.5797325895034255,1.968417102797866,0.024248213310132796,0.12906026073866916,0.020147953864842444,0.06920544636068304,0.046846715064000774,0.284118567730495,0.010274042863487442,0.10459232714934057,False,False,NO_MOTION/VERIFIED,nan,False,False,False,656.0,0.06467417590133004,160.0,0.3622483872800907,1204.0,0.470608018017531,522.0,0.05050172547569144,NO_MOTION,VERIFIED,no motion; geometry verified by background
149,return,False,1.9775999903678894,-0.86239994764328,36.824,37.008,3.5510001182556152,2.760999917984009,37.099,37.233,2.441999912261963,1.9259999990463257,208.0,2205.0,209.0,0.012633656151592731,0.03232084959745407,1.4585546289935098,False,nan,nan,1.2318250252653489,1.6406645266691666,0.04519090361178009,0.09797893586750508,0.03400881401776701,0.08369144886126467,0.07231051037333522,0.2393689992072311,0.012252803025672998,0.16144407450919698,False,False,NO_MOTION/VERIFIED,nan,False,False,False,755.0,0.0668929575779105,165.0,0.37559601486523736,1285.0,0.39038522277938265,610.0,0.059155327001061464,NO_MOTION,VERIFIED,no motion; geometry verified by background
150,return,False,1.1497999548912048,-0.8278000354766846,37.099,37.233,2.441999912261963,1.9259999990463257,37.332,37.5,1.6339999437332153,1.0959999561309814,194.0,2259.0,199.0,0.01062083337455988,0.02900630421936512,1.5691049738158105,False,nan,nan,1.397304022945429,1.994196433985477,0.09685153496102486,0.2068652128256106,0.025979615580199695,0.11953909268387952,0.052143965947357165,0.2694891535208779,0.011336955965735099,0.11641923532480632,False,False,NO_MOTION/VERIFIED,nan,False,False,False,749.0,0.07226144267865556,157.0,0.32492884264408023,1353.0,0.4684327785982051,606.0,0.05863507134498232,NO_MOTION,VERIFIED,no motion; geometry verified by background
151,return,False,0.5282000094652175,-0.6215999454259873,37.332,37.5,1.6339999437332153,1.0959999561309814,37.595,37.728,0.8539999723434448,0.492000013589859,203.0,2368.0,204.0,0.010716537944972515,0.03168096765875816,1.2322145062389807,False,nan,nan,1.1835999578037963,1.560083506131908,0.027208246616873905,0.12963984432859346,0.017812133640667135,0.10517249726698098,0.06906287417197897,0.17461355353489433,0.014860548558366451,0.15419323893683645,False,False,NO_MOTION/VERIFIED,nan,False,False,False,849.0,0.05894175680632416,126.0,0.2530628231784423,1393.0,0.28121596417099987,697.0,0.047966195545711535,NO_MOTION,VERIFIED,no motion; geometry verified by background
152,return,False,-0.047700002789497375,-0.5759000122547149,37.595,37.728,0.8539999723434448,0.492000013589859,37.808,38.031,0.3330000042915344,-0.09000000357627869,219.0,2479.0,223.0,0.01266185287386179,0.03747706115245819,0.960510273599597,False,nan,nan,1.0031205355849244,1.2790752787681705,0.06834412968881527,0.17997237879561465,0.021273049774081305,0.07855181522692432,0.04220570376906516,0.16937734916273497,0.012668330921635964,0.09423057241369838,False,False,NO_MOTION/VERIFIED,nan,False,False,False,833.0,0.049229709467059284,119.0,0.3260401018511448,1527.0,0.2900832442695638,682.0,0.0426474450178522,NO_MOTION,VERIFIED,no motion; geometry verified by background
153,return,False,-0.34240001291036604,-0.29470001012086866,37.808,38.031,0.3330000042915344,-0.09000000357627869,38.094,38.229,-0.18400000035762787,-0.36000001430511475,243.0,2536.0,245.0,0.012378743849694729,0.0303096491843462,0.5090890912955748,False,nan,nan,0.6770512238237568,0.8448959412709776,0.049582568569274704,0.10998159468993367,0.05195024213935294,0.09567681598094069,0.06998829645214988,0.15971044131874768,0.017761881164820113,0.15625938316374094,False,False,NO_MOTION/VERIFIED,nan,False,False,False,872.0,0.049851026931205994,101.0,0.25915378775458486,1563.0,0.2777181440685387,708.0,0.042009670864485184,NO_MOTION,VERIFIED,no motion; geometry verified by background
154,return,False,-0.5719999879598617,-0.2295999750494957,38.094,38.229,-0.18400000035762787,-0.36000001430511475,38.29,38.508,-0.4189999997615814,-0.5889999866485596,237.0,2515.0,239.0,0.010969743132591248,0.028252679854631424,0.7311359603921731,False,nan,nan,0.891564949424684,1.1750002662731514,0.0754142478184433,0.28914576937326986,0.03173290527005328,0.2403822589182533,0.1463706171988591,0.12130627325368311,0.014891549916040032,0.32679438586459847,False,False,NO_MOTION/VERIFIED,nan,False,False,False,845.0,0.03628782217842303,87.0,0.20056301234765522,1583.0,0.1959016851937977,697.0,0.03235613038766965,NO_MOTION,VERIFIED,no motion; geometry verified by background
155,return,False,-0.6988999843597412,-0.12689999639987948,38.29,38.508,-0.4189999997615814,-0.5889999866485596,38.624,38.862,-0.6439999938011169,-0.7049999833106995,250.0,2321.0,252.0,0.012629778124392033,0.027363203465938568,0.2943299407767822,False,nan,nan,0.20531247401915656,1.0392494678225503,0.19707537427135605,0.41207965454442275,0.06285823680116893,0.7495450995906764,0.3830611331860114,0.08871401787347742,0.01682713337307233,0.8552415106513297,False,False,NO_MOTION/VERIFIED,nan,False,False,False,909.0,0.037203959985926766,10.0,0.7179717299203057,1402.0,0.15693172242548037,751.0,0.032061493646527536,NO_MOTION,VERIFIED,no motion; geometry verified by background
156,return,False,-0.35959999561309813,0.3392999887466431,38.624,38.862,-0.6439999938011169,-0.7049999833106995,38.962,39.129,-0.7160000205039978,-0.3199999928474426,256.0,2326.0,257.0,0.007467474322766066,0.018599767237901688,0.11486772009466154,False,nan,nan,0.09083724635409529,0.28095340096613863,0.10678244509376394,0.20178247906381652,0.03227121115616117,0.18803373175203375,0.06757940496710699,0.2554950237961927,0.017082243974341563,0.1508811711391271,False,False,NO_MOTION/VERIFIED,nan,False,False,False,892.0,0.07651187667513806,1.0,1.5020013134950272,1433.0,0.5059926617619241,745.0,0.06643541259169827,NO_MOTION,VERIFIED,no motion; geometry verified by background
