frame,phase,exposure,angle,dangle,t_req_a,t_sav_a,ab_a,aa_a,t_req_b,t_sav_b,ab_b,aa_b,n_body,n_bg,n_body_detected,fb_med_body,fb_p90_body,body_flow,same_angle,static_med,static_cl,affine_med,affine_cl,epi_img_med,epi_img_cl,epi_enc_med,epi_enc_cl,epi_enc_cl30,epi_enc_bg,epi_sens_px_per_deg,motion_mm,candidate_raw,accel_guard,state,insufficient_reason,alarm_confirmed,alarm_any,alarm,n_bed,epi_bed,n_offplane,epi_offplane,n_floor,epi_floor,n_bed_near,epi_bed_near
2,approach,False,-0.3269999921321869,0.0,0.0,0.158,-0.3269999921321869,-0.3269999921321869,0.259,0.384,-0.3269999921321869,-0.3269999921321869,2,1806,2,0.00253582326695323,0.002573725301772356,0.9845150827060091,True,0.9788074550432425,nan,nan,nan,nan,nan,nan,nan,nan,nan,nan,nan,False,False,INSUFFICIENT_DATA,body,False,False,False,,,,,,,,
3,approach,False,-0.3269999921321869,0.0,0.259,0.384,-0.3269999921321869,-0.3269999921321869,0.45,0.65,-0.3269999921321869,-0.3269999921321869,1,1803,2,0.002192385960370302,0.002192385960370302,0.3876610527796629,True,0.38748019392179184,nan,nan,nan,nan,nan,nan,nan,nan,nan,nan,nan,False,False,INSUFFICIENT_DATA,body,False,False,False,,,,,,,,
4,approach,False,-0.3269999921321869,0.0,0.45,0.65,-0.3269999921321869,-0.3269999921321869,0.763,0.883,-0.3269999921321869,-0.3269999921321869,4,1762,4,0.05094808340072632,0.05890096351504326,1.6139719867232607,True,1.606026009804391,nan,nan,nan,nan,nan,nan,nan,nan,nan,nan,nan,False,False,INSUFFICIENT_DATA,body,False,False,False,,,,,,,,
5,approach,False,-0.3269999921321869,0.0,0.763,0.883,-0.3269999921321869,-0.3269999921321869,0.977,1.15,-0.3269999921321869,-0.3269999921321869,2,1796,2,0.014188002794981003,0.014418850652873516,1.4203388889630422,True,1.414318337766074,nan,nan,nan,nan,nan,nan,nan,nan,nan,nan,nan,False,False,INSUFFICIENT_DATA,body,False,False,False,,,,,,,,
6,approach,False,-0.3269999921321869,0.0,0.977,1.15,-0.3269999921321869,-0.3269999921321869,1.288,1.516,-0.3269999921321869,-0.3269999921321869,0,1811,0,nan,nan,nan,True,nan,nan,nan,nan,nan,nan,nan,nan,nan,nan,nan,nan,False,False,INSUFFICIENT_DATA,body,False,False,False,,,,,,,,
7,approach,False,-0.3269999921321869,0.0,1.288,1.516,-0.3269999921321869,-0.3269999921321869,1.614,1.786,-0.3269999921321869,-0.3269999921321869,3,1747,5,0.010024873539805412,0.08013816177845001,0.2779061733982099,True,0.2734324258208763,nan,nan,nan,nan,nan,nan,nan,nan,nan,nan,nan,False,False,INSUFFICIENT_DATA,body,False,False,False,,,,,,,,
8,approach,False,-0.3269999921321869,0.0,1.614,1.786,-0.3269999921321869,-0.3269999921321869,1.879,2.033,-0.3269999921321869,-0.3269999921321869,8,1769,9,0.04250849038362503,0.07184994965791702,0.6741619920493824,True,0.6729143052802602,nan,nan,nan,nan,nan,nan,nan,nan,nan,nan,nan,False,False,INSUFFICIENT_DATA,body,False,False,False,,,,,,,,
9,approach,False,-0.4656000047922134,-0.13860001266002653,1.879,2.033,-0.3269999921321869,-0.3269999921321869,2.094,2.293,-0.3269999921321869,-0.48100000619888306,4,1779,7,0.0314788892865181,0.035218410193920135,1.122812192879754,False,nan,nan,nan,nan,nan,nan,nan,nan,nan,nan,nan,nan,False,False,INSUFFICIENT_DATA,body,False,False,False,102,0.04996367677164268,0,nan,1677,0.1199227516199421,69,0.04611604682860168
10,approach,False,-0.7892000019550324,-0.32359999716281895,2.094,2.293,-0.3269999921321869,-0.48100000619888306,2.398,2.523,-0.6019999980926514,-0.8100000023841858,3,1743,12,0.03808164596557617,0.08580956608057022,0.4469274334733132,False,nan,nan,nan,nan,nan,nan,nan,nan,nan,nan,nan,nan,False,False,INSUFFICIENT_DATA,body,False,False,False,84,0.022946047674011025,11,0.1705401857229108,1648,0.049321618792072475,57,0.02163845181954905
11,approach,False,-1.3062000513076781,-0.5170000493526458,2.398,2.523,-0.6019999980926514,-0.8100000023841858,2.618,2.784,-0.9750000238418579,-1.343000054359436,4,1650,4,0.06348812580108643,0.08121486008167267,2.6376449504030504,False,nan,nan,nan,nan,nan,nan,nan,nan,nan,nan,nan,nan,False,False,INSUFFICIENT_DATA,body,False,False,False,82,0.0823547265465395,10,0.5526055184042171,1558,0.19319081333961566,51,0.07290767874537177
12,approach,False,-1.8129000544548035,-0.5067000031471254,2.618,2.784,-0.9750000238418579,-1.343000054359436,2.882,3.018,-1.5420000553131104,-1.843000054359436,1,1602,1,0.007937973365187645,0.007937973365187645,1.488642341879487,False,nan,nan,nan,nan,nan,nan,nan,nan,nan,nan,nan,nan,False,False,INSUFFICIENT_DATA,body,False,False,False,102,0.11550490656520354,14,0.14512578805007226,1486,0.2405527927041976,68,0.09352210385773274
13,approach,False,-2.361700010299683,-0.5487999558448793,2.882,3.018,-1.5420000553131104,-1.843000054359436,3.116,3.284,-2.0350000858306885,-2.3980000019073486,1,1648,1,0.005023641977459192,0.005023641977459192,2.2429651932307975,False,nan,nan,nan,nan,nan,nan,nan,nan,nan,nan,nan,nan,False,False,INSUFFICIENT_DATA,body,False,False,False,109,0.13671842057866335,24,0.4022265939770131,1515,0.3619580282102645,68,0.11307985266277486
14,approach,False,-2.8606999635696413,-0.4989999532699585,3.116,3.284,-2.0350000858306885,-2.3980000019073486,3.378,3.518,-2.5789999961853027,-2.8919999599456787,3,1650,3,0.018290190026164055,0.053735923022031784,1.6741861616150502,False,nan,nan,nan,nan,nan,nan,nan,nan,nan,nan,nan,nan,False,False,INSUFFICIENT_DATA,body,False,False,False,112,0.09785852769676939,17,0.3516611113489942,1521,0.24847391910751332,67,0.08764836633639415
15,approach,False,-3.416100001335144,-0.5554000377655028,3.378,3.518,-2.5789999961853027,-2.8919999599456787,3.613,3.785,-3.075000047683716,-3.4539999961853027,7,1654,8,0.01912982389330864,0.024389617145061493,1.5981928624932715,False,nan,nan,nan,nan,nan,nan,nan,nan,nan,nan,nan,nan,False,False,INSUFFICIENT_DATA,body,False,False,False,119,0.14132697292464616,24,0.6565890760955193,1511,0.3484246731141244,77,0.12619975570389863
16,approach,False,-3.923199987411499,-0.507099986076355,3.613,3.785,-3.075000047683716,-3.4539999961853027,3.88,4.023,-3.6459999084472656,-3.9539999961853027,4,1633,7,0.019911237061023712,0.06696192175149918,3.0765782186992565,False,nan,nan,nan,nan,nan,nan,nan,nan,nan,nan,nan,nan,False,False,INSUFFICIENT_DATA,body,False,False,False,123,0.10392273375162106,17,0.35829075577487957,1493,0.2559423278194603,75,0.09157067638330064
17,approach,False,-4.455899810791015,-0.5326998233795162,3.88,4.023,-3.6459999084472656,-3.9539999961853027,4.096,4.285,-4.09499979019165,-4.495999813079834,6,1675,7,0.024034660309553146,0.0672856867313385,1.6912576661881844,False,nan,nan,nan,nan,nan,nan,nan,nan,nan,nan,nan,nan,False,False,INSUFFICIENT_DATA,body,False,False,False,120,0.17583307054047687,21,0.250069077941888,1534,0.3687594296772181,69,0.14019821861205733
18,approach,False,-4.939299869537353,-0.48340005874633807,4.096,4.285,-4.09499979019165,-4.495999813079834,4.377,4.517,-4.671999931335449,-4.968999862670898,15,1685,17,0.043922893702983856,0.07360751926898956,0.9633401219647383,False,nan,nan,2.721217012321014,2.7726783624996987,0.1539603433101806,0.18710164041836536,0.1347954716531857,0.15475160403113097,nan,0.2624679004089358,0.02705897378394634,nan,False,False,INSUFFICIENT_DATA,body,False,False,False,122,0.11559928824159395,17,0.25221070287324804,1546,0.27987433926915756,68,0.10167976884611349
19,approach,False,-5.513399982452393,-0.5741001129150396,4.377,4.517,-4.671999931335449,-4.968999862670898,4.613,4.788,-5.1570000648498535,-5.552999973297119,16,1716,19,0.014530389569699764,0.0692664235830307,1.170402832622419,False,nan,nan,3.251228412050644,3.4204721566640552,0.0869991370361635,0.10211537234831095,0.10665504126470354,0.12141673175581047,nan,0.29158204199781856,0.04275218154820404,nan,False,False,INSUFFICIENT_DATA,body,False,False,False,122,0.14058587134357547,24,0.6212760149959231,1570,0.3167405486563529,68,0.10277799518810882
20,approach,False,-5.99329981803894,-0.47989983558654714,4.613,4.788,-5.1570000648498535,-5.552999973297119,4.854,5.016,-5.671999931335449,-6.0289998054504395,17,1708,21,0.02836112678050995,0.05417155101895332,1.3332409550624171,False,nan,nan,3.154888390253652,3.213350675378697,0.08944547743113185,0.10703753022590277,0.14620760532065674,0.17073290129068455,nan,0.2858090289401461,0.031778942953391565,nan,False,False,INSUFFICIENT_DATA,body,False,False,False,125,0.13258185123675123,18,0.3134019217616586,1565,0.30586614786150673,70,0.11586837415108606
21,approach,False,-6.559400129318237,-0.566100311279297,4.854,5.016,-5.671999931335449,-6.0289998054504395,5.114,5.286,-6.2210001945495605,-6.5970001220703125,18,1610,25,0.01962554082274437,0.054528165608644485,2.649654760801964,False,nan,nan,4.712301798048436,4.7754642276654184,0.24875277312529362,0.30683353850398104,0.07129817191098425,0.1265947364947564,nan,0.2883160759902723,0.05428210960127383,nan,False,False,INSUFFICIENT_DATA,body,False,False,False,118,0.12779578342315692,21,0.1286573830859273,1471,0.3151984575082409,66,0.11493837342440844
22,approach,False,-7.062900161743164,-0.5035000324249266,5.114,5.286,-6.2210001945495605,-6.5970001220703125,5.375,5.519,-6.764999866485596,-7.0960001945495605,26,1719,30,0.01971767470240593,0.06517006456851959,1.3637081412653727,False,nan,nan,3.1125317366390393,3.130819332503715,0.21363445706078799,0.25296572471748124,0.13462774863923888,0.17499909958824988,nan,0.24664587622879736,0.05146572629487485,nan,False,False,INSUFFICIENT_DATA,body,False,False,False,165,0.11188434269345668,190,0.25378168612106045,1364,0.26612428934410354,98,0.11005941743750289
23,approach,False,-7.600099992752075,-0.5371998310089117,5.375,5.519,-6.764999866485596,-7.0960001945495605,5.612,5.785,-7.258999824523926,-7.638000011444092,22,1698,26,0.036920271813869476,0.05635799467563629,1.5892985617044288,False,nan,nan,3.6271547343755843,3.6718875272085256,0.07043883304355497,0.1265042229013567,0.045593589847482394,0.10165362646200166,nan,0.2938804686722785,0.047731310069827615,nan,False,False,INSUFFICIENT_DATA,body,False,False,False,190,0.13651353428542928,171,0.1442185904223181,1337,0.371813940190139,154,0.11743557694673343
24,approach,False,-8.08859987258911,-0.48849987983703524,5.612,5.785,-7.258999824523926,-7.638000011444092,5.84,6.016,-7.743000030517578,-8.126999855041504,33,1720,33,0.012830745428800583,0.04966197907924652,1.5349482970772084,False,nan,nan,3.2226065227806493,3.2750568409462844,0.6113198009552977,0.6856124575646176,0.07986222930494115,0.11718226337641935,0.08275147014015835,0.23170973022190006,0.06275724690367024,0.18475508528535803,False,False,NO_MOTION,,False,False,False,239,0.15402305639370675,139,0.13432265218425046,1342,0.26329618898299734,176,0.1774926874853192
25,approach,False,-8.662499809265137,-0.5738999366760265,5.84,6.016,-7.743000030517578,-8.126999855041504,6.115,6.285,-8.324999809265137,-8.699999809265137,38,1690,39,0.012539033778011799,0.043910399079322815,1.575473007210396,False,nan,nan,3.5282064668339674,3.573509698308902,0.16835301823893695,0.2941028544191501,0.06300830972489516,0.11329202605902693,0.07869097268578679,0.24645344335711655,0.07095984080450715,0.17568941488442413,False,False,NO_MOTION,,False,False,False,240,0.14211984598656097,120,0.12571765178435043,1330,0.298144361740262,168,0.13789090207216947
26,approach,False,-9.14590015411377,-0.4834003448486328,6.115,6.285,-8.324999809265137,-8.699999809265137,6.346,6.517,-8.821000099182129,-9.182000160217285,37,1668,39,0.017727797850966454,0.052101098001003265,1.412861350127009,False,nan,nan,3.1286062263648287,3.199189467325935,0.0403911181999102,0.09278865746156359,0.04184008899728803,0.11158376822157622,0.04078880835091351,0.26354738707185876,0.07352758671799783,0.0910671405933614,False,False,NO_MOTION,,False,False,False,143,0.13000872623317297,44,0.43742657192115264,1481,0.28735176844051913,89,0.11145290746397542
27,approach,False,-9.677700233459472,-0.5318000793457021,6.346,6.517,-8.821000099182129,-9.182000160217285,6.577,6.784,-9.29699993133545,-9.720000267028809,44,1706,47,0.02361447736620903,0.05979948118329048,1.8557338290405911,False,nan,nan,3.7290595862638742,3.809853117221996,0.08205949828995007,0.19356601717170754,0.06513897107839733,0.131080324086015,0.07657886616554013,0.2975725298261773,0.06768336160540372,0.17097381986697005,False,False,NO_MOTION,,False,False,False,247,0.09354639523418552,127,0.2323109692618873,1332,0.37210574335415625,172,0.08177417789064409
28,approach,False,-10.164399814605712,-0.48669958114624023,6.577,6.784,-9.29699993133545,-9.720000267028809,6.883,7.017,-9.906999588012695,-10.192999839782715,59,1726,60,0.010947689414024353,0.048890165984630585,1.6166622793884453,False,nan,nan,3.212315334485799,3.369663156841778,0.028575548969861603,0.07452251030364321,0.03635034046968446,0.07187637067447859,0.04074523649984335,0.22308530830253503,0.06767110837943402,0.09096985989192041,False,False,NO_MOTION,,False,False,False,224,0.04906734696184571,149,0.10972620205076372,1353,0.2715215259341803,151,0.03610028350572873
29,approach,False,-10.723200225830078,-0.5588004112243663,6.883,7.017,-9.906999588012695,-10.192999839782715,7.118,7.283,-10.392000198364258,-10.760000228881836,62,1611,71,0.02143840864300728,0.05978662148118019,1.6519791826388368,False,nan,nan,3.426804839310284,4.621867023863581,0.07258090699989458,0.4026172727842743,0.06067455264298789,0.29790288954330657,0.07594940581858722,0.2921980947141665,0.07357271888642777,0.16956845510561824,False,False,NO_MOTION,,False,False,False,171,0.13291979985478725,98,0.11985696318108005,1342,0.33061192132025624,103,0.1285808876862253
30,approach,False,-11.20649995803833,-0.48329973220825195,7.118,7.283,-10.392000198364258,-10.760000228881836,7.368,7.515,-10.92300033569336,-11.23799991607666,70,1626,91,0.01782650500535965,0.059593528509140015,0.8759549114268547,False,nan,nan,2.547094414265477,3.6029459900178447,0.12550623344587064,0.489171963258499,0.05028603479044397,0.26605714662220126,0.12215749387149877,0.25376653157930273,0.06647172718195371,0.27273495153920857,False,False,NO_MOTION,,False,False,False,188,0.10666314314621075,86,0.2687392181671354,1352,0.28123415260653434,101,0.09583575378563294
31,approach,False,-11.76520004272461,-0.5587000846862793,7.368,7.515,-10.92300033569336,-11.23799991607666,7.616,7.786,-11.434000015258789,-11.802000045776367,89,1629,97,0.01480149757117033,0.0669243112206459,1.3607459832396973,False,nan,nan,3.138983450220614,3.522630192823782,0.24827740587688046,1.1408282009666786,0.07679831366117765,0.6426386713534815,0.10851965628967139,0.2793166194854702,0.060490360067893545,0.24228643091146912,False,False,NO_MOTION,,False,False,False,179,0.1280514689591178,114,0.20130087891870327,1336,0.3166434890883237,105,0.10537464338785725
32,approach,False,-12.263000011444092,-0.49779996871948207,7.616,7.786,-11.434000015258789,-11.802000045776367,7.84,8.015,-11.911999702453613,-12.302000045776367,83,1648,115,0.014738978818058968,0.0696694627404213,0.8309490949871987,False,nan,nan,2.5289775227810103,3.439074645358887,0.18372494677497128,0.3882647220488278,0.0827181162396778,0.3844119439862702,0.11705862143862641,0.22121688033325182,0.06822691018320622,0.26135095304831857,False,False,NO_MOTION,,False,False,False,171,0.09414623369898559,51,0.5207507365113235,1426,0.2479466029971476,104,0.08036558834362195
33,approach,False,-12.85419979095459,-0.5911997795104984,7.84,8.015,-11.911999702453613,-12.302000045776367,8.119,8.284,-12.52299976348877,-12.890999794006348,77,1622,168,0.020026251673698425,0.06538505107164383,0.8068160596912013,False,nan,nan,2.510288330279051,3.7207648282319923,0.22198337508979452,1.084797308088457,0.055344908664685694,1.3147687938435855,0.08691064773471294,0.24368521457922704,0.08683674509015693,0.19404107391972758,False,False,NO_MOTION,,False,False,False,196,0.08872065709518143,85,0.22460575843145766,1341,0.28247420941277923,109,0.07534674253602337
34,approach,False,-13.325200462341309,-0.47100067138671875,8.119,8.284,-12.52299976348877,-12.890999794006348,8.346,8.519,-12.994000434875488,-13.362000465393066,51,1635,136,0.016761014237999916,0.06564842164516449,0.6254468679109485,False,nan,nan,1.9569441218055799,2.585989701924749,0.2229243218357844,0.45806810329448094,0.1205345134345182,0.34282118625470803,0.1430065293622982,0.25713780508606665,0.1146977124861992,0.31928355452711843,False,False,NO_MOTION,,False,False,False,214,0.0972869770445816,84,0.4812814104212061,1337,0.28647065136990424,108,0.08063206027412195
35,approach,False,-13.611700344085694,-0.2864998817443851,8.346,8.519,-12.994000434875488,-13.362000465393066,8.582,8.649,-13.482999801635742,-13.62600040435791,109,1691,133,0.022867992520332336,0.06482167541980743,0.8023659275437262,False,nan,nan,1.585325982585131,2.3950564642416032,0.11033122712059483,0.5775038688256305,0.095567564056237,0.570325851887628,0.2240225669344771,0.12342890412093145,0.06638960623878698,0.5001640259650008,False,False,NO_MOTION,,False,False,False,224,0.056119213799988694,45,0.2103371794626497,1422,0.13858959395006595,130,0.04985946428021249
36,approach,False,-14.095699882507324,-0.4839995384216298,8.582,8.649,-13.482999801635742,-13.62600040435791,8.742,8.887,-13.814000129699707,-14.126999855041504,61,1637,127,0.02704017609357834,0.07178279757499695,1.3055404933524402,False,nan,nan,2.7564902091169334,3.13113206536808,0.18126794932458554,0.9689513375709935,0.11390418922137847,1.0986578631575248,0.26657115955337746,0.24037529652006515,0.10061962178770756,0.5951601492334139,False,False,NO_MOTION,,False,False,False,198,0.0957820501922824,51,0.20969618515917693,1388,0.267866242390836,116,0.07922550776871465
37,approach,False,-14.628200054168701,-0.5325001716613773,8.742,8.887,-13.814000129699707,-14.126999855041504,8.955,9.15,-14.251999855041504,-14.670000076293945,91,1580,115,0.019723422825336456,0.06997531652450562,1.0428999715873792,False,nan,nan,2.8422665334311574,3.30369017174739,0.18076859389541544,0.4642911809493454,0.08416067541411577,0.356381040609816,0.21625218154173864,0.3325427082333692,0.07613418820952844,0.48281547356461496,False,False,NO_MOTION,,False,False,False,181,0.13221840634528342,41,0.21906973867735846,1358,0.3772758673120018,102,0.10503274990437816
38,approach,False,-15.121699905395507,-0.4934998512268063,8.955,9.15,-14.251999855041504,-14.670000076293945,9.242,9.384,-14.84000015258789,-15.152999877929688,101,1620,120,0.018131781369447708,0.06415031850337982,1.138472092858783,False,nan,nan,2.5600254062851993,3.1884359734542604,0.11925206994622567,0.3940376543592316,0.14067901119799173,0.44125603787916445,0.20398474233562616,0.22677653711453127,0.07080927818766541,0.45542657312671975,False,False,NO_MOTION,,False,False,False,196,0.09812163584565693,50,0.2200986222580027,1374,0.2581965203126432,109,0.08962747643989774
39,approach,False,-15.675100135803223,-0.5534002304077159,9.242,9.384,-14.84000015258789,-15.152999877929688,9.495,9.651,-15.378999710083008,-15.708000183105469,115,1585,127,0.019553838297724724,0.05425165221095085,1.689559515373343,False,nan,nan,3.2563573299151294,3.974899776721924,0.22267481664067948,0.45536830906556736,0.11782014925547861,0.2220147456729342,0.18810023381956997,0.2849473735714589,0.06961896976138221,0.41996202221748147,False,False,NO_MOTION,,False,False,False,194,0.1153469327530997,49,0.19391048299693148,1342,0.3313918521071142,102,0.11057861151322634
40,approach,False,-16.19440088272095,-0.5193007469177253,9.495,9.651,-15.378999710083008,-15.708000183105469,9.759,9.884,-15.928000450134277,-16.224000930786133,105,1554,114,0.012001636438071728,0.05098038539290428,1.5303686877537008,False,nan,nan,3.0776138421844133,3.6314636561065154,0.0761746223436762,0.1533887106519755,0.06446888018564934,0.14560330279684003,0.07173110683966835,0.2209635487738109,0.06769681473426992,0.16015046910139033,False,False,NO_MOTION,,False,False,False,181,0.08297345194371479,62,0.22101130268043065,1311,0.24420650923850531,88,0.07584198765256583
41,approach,False,-16.696600914001465,-0.5022000312805162,9.759,9.884,-15.928000450134277,-16.224000930786133,9.996,10.151,-16.450000762939453,-16.724000930786133,108,1547,117,0.010304994881153107,0.03925078362226486,1.789320744075772,False,nan,nan,3.411838166174861,4.130109157613944,0.06006206050318744,0.13235175294158324,0.05082859635561099,0.1405507292533545,0.08076857880778944,0.38569382020274723,0.07072071532550077,0.18032798258128618,False,False,NO_MOTION,,False,False,False,173,0.17389655089053652,74,0.28143232854493205,1300,0.4343629833754421,79,0.15444929442030123
42,approach,False,-16.873199462890625,-0.17659854888916016,9.996,10.151,-16.450000762939453,-16.724000930786133,10.211,10.386,-16.78499984741211,-16.882999420166016,136,1611,139,0.009130655787885189,0.04021085798740387,0.7850693556629672,False,nan,nan,1.6670701577215183,2.0248410384577222,0.03797440761984398,0.0956449384245598,0.05834555106281651,0.12059487932604938,0.0829935329749331,0.29748396077668826,0.06770362105510119,0.18529552691869067,False,False,NO_MOTION,,False,False,False,200,0.1362433151654105,77,0.25992159687822425,1334,0.33280015124447987,91,0.1386603982708805
43,approach,False,-16.551999855041505,0.3211996078491204,10.211,10.386,-16.78499984741211,-16.882999420166016,10.485,10.651,-16.893999099731445,-16.513999938964844,224,1681,295,0.012671437114477158,0.05461068078875542,0.21712569263991277,False,nan,nan,0.5420900148955814,0.6650152521235049,0.1524550270997373,0.2724941842439924,0.06990792902727859,0.22424878026170478,0.11373859551520138,0.593518290035478,0.053986328049601615,0.25393849654944217,False,False,NO_MOTION,,False,False,False,280,0.2873001037810555,0,nan,1401,0.6837067494079627,170,0.2768553307636382
44,dwell_start,False,-16.517000198364258,0.034999656677246804,10.485,10.651,-16.893999099731445,-16.513999938964844,10.748,10.882,-16.517000198364258,-16.517000198364258,319,1690,376,0.010009765625,0.03062872774899006,0.05152461449398864,False,nan,nan,0.0513872401667949,0.09885858369184575,0.07749954537917653,0.19102483070410886,0.027595742584294404,0.06902492033729987,0.04759804633591201,0.06422405170294401,0.04241159487910845,0.10626978705409401,False,False,NO_MOTION,,False,False,False,269,0.0348657175430221,0,nan,1421,0.07181922620960514,162,0.03317956355571505
45,dwell_start,False,-16.517000198364258,0.0,10.748,10.882,-16.517000198364258,-16.517000198364258,10.996,11.151,-16.517000198364258,-16.517000198364258,372,1709,372,0.010463958606123924,0.029719967395067215,0.05273321676643811,True,0.023005794180594664,0.09750861321293411,nan,nan,nan,nan,nan,nan,nan,nan,nan,0.21770262352680608,False,False,NO_MOTION,,False,False,False,,,,,,,,
46,dwell_start,False,-16.517000198364258,0.0,10.996,11.151,-16.517000198364258,-16.517000198364258,11.247,11.383,-16.517000198364258,-16.517000198364258,323,1687,332,0.009547515772283077,0.027926230803132057,0.06215218355449898,True,0.01999522309655718,0.10186378277276872,nan,nan,nan,nan,nan,nan,nan,nan,nan,0.22742619365911432,False,False,NO_MOTION,,False,False,False,,,,,,,,
47,dwell_start,False,-16.517000198364258,0.0,11.247,11.383,-16.517000198364258,-16.517000198364258,11.491,11.652,-16.517000198364258,-16.517000198364258,339,1702,340,0.00800701230764389,0.024786178022623062,0.029954504200934626,True,0.0023082674606936197,0.030760894373914365,nan,nan,nan,nan,nan,nan,nan,nan,nan,0.06867831657710248,False,False,NO_MOTION,,False,False,False,,,,,,,,
48,dwell_start,False,-16.517000198364258,0.0,11.491,11.652,-16.517000198364258,-16.517000198364258,11.718,11.883,-16.517000198364258,-16.517000198364258,341,1714,345,0.010370454750955105,0.027165649458765984,0.04156569120679529,True,0.019821127286007243,0.05354323250004847,nan,nan,nan,nan,nan,nan,nan,nan,nan,0.11954330805537612,False,False,NO_MOTION,,False,False,False,,,,,,,,
49,sweep,True,-16.298300170898436,0.21870002746582173,11.718,11.883,-16.517000198364258,-16.517000198364258,11.982,12.151,-16.517000198364258,-16.27400016784668,313,1693,337,0.024864617735147476,0.06485283374786377,0.2422735101991309,False,nan,nan,0.5722363243407818,0.6612931038330174,0.11071289813601409,0.34156517802178443,0.04421107474688952,0.24613665759138822,0.07602446460814499,0.18930541989287994,0.044070918972647366,0.16973603512616256,False,False,NO_MOTION,,False,False,False,278,0.10034743238383607,0,nan,1415,0.2137867830577124,165,0.09500496810370093
50,sweep,True,-15.850699520111084,0.44760065078735245,11.982,12.151,-16.517000198364258,-16.27400016784668,12.247,12.384,-16.108999252319336,-15.821999549865723,225,1610,285,0.021893931552767754,0.07089405506849289,1.5405747829734553,False,nan,nan,2.2947755295993493,2.8092601293154456,0.14231239405950144,0.5091332024251867,0.047383195820190016,0.20159353554405857,0.15389158351340515,0.09602590387504387,0.050862708888113894,0.3435860727134093,False,False,NO_MOTION,,False,False,False,164,0.03711895405930778,73,0.30514108240730276,1373,0.10706314220055554,67,0.040485902699645616
51,sweep,True,-15.2975998878479,0.5530996322631836,12.247,12.384,-16.108999252319336,-15.821999549865723,12.448,12.651,-15.708000183105469,-15.251999855041504,134,1574,147,0.010856904089450836,0.05818535014986992,1.8790718972610367,False,nan,nan,3.624058526077566,4.119801701398121,0.06729485591302792,0.19444039912856606,0.03982111435618736,0.26255720662935206,0.11265261313306242,0.2561427293814213,0.06372052287069464,0.2515138777808493,False,False,NO_MOTION,,False,False,False,168,0.10146174645039031,78,0.3457976737153443,1328,0.2788909928273199,62,0.09608805709359267
52,sweep,True,-14.781200408935547,0.5163994789123532,12.448,12.651,-15.708000183105469,-15.251999855041504,12.748,12.887,-15.053000450134277,-14.75100040435791,118,1562,127,0.00766993872821331,0.04393558204174042,1.6659375121787163,False,nan,nan,3.129783101841528,3.639300637818877,0.04222681691452019,0.08626262692529912,0.02825565340868688,0.0869366305141406,0.05017373369824061,0.2195243425578196,0.06927484371725053,0.11202039592532545,False,False,NO_MOTION,,False,False,False,180,0.08805679837501117,65,0.3353289866410134,1317,0.2363914253325585,82,0.08344209521751948
53,sweep,True,-14.246399784088135,0.5348006248474118,12.748,12.887,-15.053000450134277,-14.75100040435791,12.995,13.149,-14.538000106811523,-14.21399974822998,115,1563,130,0.00864040944725275,0.041611913591623306,1.9101133659311664,False,nan,nan,3.4817748777617843,3.9681414807888826,0.1875547632562592,0.26635736309994973,0.03378098353581865,0.1094914535126085,0.06188148361951308,0.3087641067797266,0.06170590500808566,0.13815970597674443,False,False,NO_MOTION,,False,False,False,189,0.1330496944202487,54,0.19408099594710526,1320,0.3569299525580814,97,0.12675540264676352
54,sweep,True,-13.746200370788575,0.5001994132995602,12.995,13.149,-14.538000106811523,-14.21399974822998,13.261,13.387,-14.0,-13.718000411987305,107,1591,113,0.011037621647119522,0.043563444167375565,1.5427139055159045,False,nan,nan,3.1270556185926464,3.438072851280406,0.6378032417867567,0.7282283907238158,0.04762532722243475,0.13664996778819716,0.06012966558137509,0.21216743222952889,0.0671520492959364,0.1342485091062547,False,False,NO_MOTION,,False,False,False,192,0.08981838836289005,59,0.23538717655461064,1340,0.23509070607473911,105,0.08047415012257371
55,sweep,True,-13.186700248718262,0.5595001220703129,13.261,13.387,-14.0,-13.718000411987305,13.477,13.656,-13.543999671936035,-13.147000312805176,100,1604,115,0.012022068724036217,0.04812777414917946,1.8227033405346658,False,nan,nan,3.443334397901014,3.865915543465279,0.041177204655087715,0.10478498012851138,0.04014246849946433,0.10924765995390762,0.059667436763373397,0.2704917133386461,0.06323691791374933,0.13321651384929298,False,False,NO_MOTION,,False,False,False,191,0.11368208606639242,54,0.2628235974407665,1359,0.3059412775098359,108,0.09762242454674827
56,sweep,True,-12.713900279998779,0.4727999687194835,13.477,13.656,-13.543999671936035,-13.147000312805176,13.759,13.883,-12.956000328063965,-12.687000274658203,95,1643,109,0.010260125622153282,0.05613638088107109,1.5243238390759108,False,nan,nan,3.1166978104626994,3.3451264539224317,0.10324061166101704,0.2537739899418833,0.04651088801245311,0.15324841954800283,0.06510238241458063,0.2589548683622736,0.07645511612408895,0.14535084627395384,False,False,NO_MOTION,,False,False,False,199,0.10814142462250305,58,0.280366555696572,1386,0.2900865448584703,110,0.09179378586097334
57,sweep,True,-12.165500259399414,0.5484000205993649,13.759,13.883,-12.956000328063965,-12.687000274658203,13.947,14.15,-12.565999984741211,-12.121000289916992,77,1637,91,0.009668245911598206,0.055788781493902206,1.858599155486805,False,nan,nan,3.614358432174502,3.7943191373236766,0.38850040714814915,0.4612733578452298,0.06918379055969451,0.12566790608067208,0.08800687213883768,0.29359017755066535,0.06299966374239963,0.19648855954062255,False,False,NO_MOTION,,False,False,False,179,0.11486363868813794,51,0.3016830701562337,1407,0.3211947804290198,104,0.09903005703772942
58,sweep,True,-11.356199645996094,0.8093006134033196,13.947,14.15,-12.565999984741211,-12.121000289916992,14.308,14.526,-11.789999961853027,-11.307999610900879,75,1573,94,0.01664775237441063,0.04573666304349899,2.3732743294852767,False,nan,nan,4.752139447758598,4.948714878198324,0.0584364732267196,0.1537117036717692,0.05139508623166591,0.14746716564301968,0.08119246834535142,0.33620028870964236,0.07182094783398596,0.18127437963660362,False,False,NO_MOTION,,False,False,False,152,0.18585101376386987,53,0.2574380795786547,1368,0.36219777009628756,89,0.1793254804872177
59,sweep,True,-10.793999862670898,0.5621997833251964,14.308,14.526,-11.789999961853027,-11.307999610900879,14.621,14.782,-11.109000205993652,-10.758999824523926,66,1636,70,0.014163196086883545,0.0532471165060997,1.6975000163516616,False,nan,nan,3.6617556101162005,3.746129392484691,0.06435079478170397,0.15605948250829607,0.061591675938671715,0.09687921128661514,0.06887136417040847,0.28581534729391866,0.07672300773097024,0.15376566409601214,False,False,NO_MOTION,,False,False,False,195,0.1305075421720188,86,0.24847355365413742,1355,0.32818285164293853,103,0.10205965593767446
60,sweep,True,-10.29800043106079,0.49599943161010707,14.621,14.782,-11.109000205993652,-10.758999824523926,14.887,15.016,-10.550000190734863,-10.270000457763672,60,1614,70,0.010778803378343582,0.04306434094905853,1.47323717940756,False,nan,nan,3.0333659327516065,3.106160224398452,0.32417326734098084,0.44525643283667443,0.05291686515272594,0.13470297711846888,0.068392413438987,0.21307250832656144,0.07335871587743945,0.15269633465592627,False,False,NO_MOTION,,False,False,False,203,0.10144488101902059,77,0.18132749042781438,1334,0.24103372384100175,98,0.08841764883677991
61,sweep,True,-9.761999893188477,0.5360005378723134,14.887,15.016,-10.550000190734863,-10.270000457763672,15.08,15.285,-10.14900016784668,-9.718999862670898,51,1634,54,0.010913949459791183,0.06587594747543335,1.7310436387130432,False,nan,nan,3.676417903723859,3.7794033703250207,0.276890777682562,0.5143176268137253,0.05902428136912347,0.3246632238240114,0.08538152296393163,0.3075332341896363,0.06202443898941312,0.19062707321425187,False,False,NO_MOTION,,False,False,False,188,0.14823625209383035,109,0.1224426206313253,1337,0.36856722565109457,101,0.1376803020469297
62,sweep,True,-9.260799598693847,0.5012002944946303,15.08,15.285,-10.14900016784668,-9.718999862670898,15.379,15.518,-9.538000106811523,-9.229999542236328,51,1675,54,0.011030532419681549,0.05016002804040909,1.3154071449733915,False,nan,nan,3.0071450483449564,3.1161829998496486,0.04142094460560226,0.12771976309195143,0.03690844292730485,0.12284957686504497,0.04578242268793195,0.22659812925688627,0.05934690494697248,0.10221613457685685,False,False,NO_MOTION,,False,False,False,160,0.09623995808847086,52,0.2988800343506247,1463,0.24279923419950927,87,0.07895081611438268
63,sweep,True,-8.729900360107422,0.5308992385864251,15.379,15.518,-9.538000106811523,-9.229999542236328,15.6,15.781,-9.071000099182129,-8.692000389099121,42,1645,46,0.016420472413301468,0.0436297208070755,1.659665032028878,False,nan,nan,3.6209304027236007,3.704528608956414,0.27860595174999375,0.34987023478981083,0.07540641289367703,0.2762826394696654,0.08348100495528801,0.3346437062435105,0.06126426047801392,0.1863838813268015,False,False,NO_MOTION,,False,False,False,138,0.16180453929677208,53,0.3353153658202787,1454,0.36501240909065147,87,0.1345674443839149
64,sweep,True,-8.232800102233886,0.4971002578735355,15.6,15.781,-9.071000099182129,-8.692000389099121,15.881,16.016,-8.50100040435791,-8.20300006866455,30,1689,34,0.015793103724718094,0.05034923553466797,1.3713223163174093,False,nan,nan,3.048451915974808,3.1534503941892345,0.37589663257524775,0.5329542109004632,0.07473846109139881,0.1635914278377429,0.07473846109139881,0.22701187869854603,0.07081559346333734,0.16686483913397912,False,False,NO_MOTION,,False,False,False,137,0.11174852494858716,44,0.5965052984436361,1508,0.24251846547484485,88,0.09543897185669477
65,sweep,True,-7.671999883651734,0.5608002185821528,15.881,16.016,-8.50100040435791,-8.20300006866455,16.107,16.283,-8.02299976348877,-7.632999897003174,35,1683,38,0.023218823596835136,0.06514663249254227,1.8173769044704748,False,nan,nan,3.8287074313365927,3.9846207713170285,0.06791033472093834,0.29241119344415795,0.0660820023623668,0.29711362462631186,0.07605959113089858,0.28569074213559903,0.045070638722101014,0.16981446036375805,False,False,NO_MOTION,,False,False,False,132,0.13867404024123703,41,0.515608668597953,1510,0.3026752328663661,81,0.11683699530028079
66,sweep,True,-7.165499973297119,0.5064999103546146,16.107,16.283,-8.02299976348877,-7.632999897003174,16.37,16.515,-7.4670000076293945,-7.131999969482422,24,1661,25,0.018365638330578804,0.05976296588778496,1.2872999482221414,False,nan,nan,3.219887538406831,3.2916177020191304,0.02209739467595811,0.08857815710536593,0.03178993329131324,0.08926017386510565,nan,0.2283969531865748,0.056506085956339935,nan,False,False,INSUFFICIENT_DATA,body,False,False,False,127,0.11450761740923512,28,0.6096013855826725,1506,0.24254546507915709,74,0.10916033498708563
67,sweep,True,-6.608699941635132,0.5568000316619868,16.37,16.515,-7.4670000076293945,-7.131999969482422,16.619,16.78,-6.929999828338623,-6.572999954223633,26,1709,28,0.016886107623577118,0.05484174191951752,1.6538127548219492,False,nan,nan,3.5936495221100966,3.6346555218139542,0.038497653624687204,0.09908570539898506,0.050068532658927016,0.09761077472486143,nan,0.27716571417051533,0.039327914265659625,nan,False,False,INSUFFICIENT_DATA,body,False,False,False,140,0.12937527296088092,34,0.7242888939998218,1535,0.30055299611337766,82,0.11736666744220808
68,sweep,True,-6.11750020980835,0.4911997318267822,16.619,16.78,-6.929999828338623,-6.572999954223633,16.882,17.016,-6.374000072479248,-6.089000225067139,18,1711,22,0.014815153554081917,0.046413715928792953,1.4265305458166293,False,nan,nan,3.167748870756859,3.1940316014372416,0.1215745097008945,0.17175452398885216,0.06440161689536958,0.08301117579899228,nan,0.23376022131337823,0.032427600358359565,nan,False,False,INSUFFICIENT_DATA,body,False,False,False,136,0.12249131677603045,28,0.35043466074396734,1547,0.25297226386171523,78,0.10778697392170415
69,sweep,True,-5.548799991607666,0.568700218200684,16.882,17.016,-6.374000072479248,-6.089000225067139,17.1,17.287,-5.925000190734863,-5.506999969482422,12,1634,12,0.013185679912567139,0.029840821400284767,1.793282494473274,False,nan,nan,3.831257862889874,3.8873617989199714,1.0927313318939007,1.1137807828686643,0.03723433143985122,0.05227394037021763,nan,0.2878061229736027,0.03746111663893541,nan,False,False,INSUFFICIENT_DATA,body,False,False,False,124,0.14043067024230832,28,0.37427750141700167,1482,0.31591862627164546,74,0.12462096928204346
70,sweep,True,-5.0546001434326175,0.4941998481750485,17.1,17.287,-5.925000190734863,-5.506999969482422,17.379,17.516,-5.329999923706055,-5.02400016784668,12,1704,13,0.01390526257455349,0.02031572535634041,1.3382273230342854,False,nan,nan,3.189491272506901,3.2548709588452267,0.06539754564112868,0.06993087176931974,0.03800790440087104,0.03800790440087104,nan,0.22509023996183775,0.030918431458508828,nan,False,False,INSUFFICIENT_DATA,body,False,False,False,126,0.10642220694485319,23,0.06710178541081768,1555,0.24265070891001195,73,0.10072164489836234
71,sweep,True,-4.510299968719482,0.5443001747131353,17.379,17.516,-5.329999923706055,-5.02400016784668,17.61,17.781,-4.836999893188477,-4.473999977111816,9,1682,10,0.00979352742433548,0.028199881315231323,1.5958272529640307,False,nan,nan,3.826816756971581,3.8320636898675593,0.16858595600898052,0.15399072318296536,0.028961755762976552,0.05055263719799992,nan,0.3108840672076867,0.01525054778621606,nan,False,False,INSUFFICIENT_DATA,body,False,False,False,112,0.17290647855525965,15,0.1320846713051638,1555,0.3347632849892349,64,0.15331545351578235
72,sweep,True,-4.023499894142151,0.48680007457733154,17.61,17.781,-4.836999893188477,-4.473999977111816,17.835,18.016,-4.369999885559082,-3.984999895095825,9,1677,10,0.006352935917675495,0.04178512841463089,1.4128709806555453,False,nan,nan,3.296429035282227,3.3016346762664526,0.03708413547277487,0.042768659101128224,0.04240557133509256,0.043803759520635185,nan,0.2505121590202389,0.016650431434964835,nan,False,False,INSUFFICIENT_DATA,body,False,False,False,115,0.10932808369482375,16,0.47493643604982094,1546,0.26928392133159706,68,0.10630151265251522
73,sweep,True,-3.467799997329712,0.5556998968124387,17.835,18.016,-4.369999885559082,-3.984999895095825,18.112,18.285,-3.7990000247955322,-3.430999994277954,6,1681,7,0.008945769630372524,0.04648146033287048,1.7040565582248965,False,nan,nan,nan,nan,nan,nan,nan,nan,nan,nan,nan,nan,False,False,INSUFFICIENT_DATA,body,False,False,False,115,0.14854047514798988,18,0.3206658569557837,1548,0.33347889405174436,72,0.13349197329268397
74,sweep,True,-2.9673001050949095,0.5004998922348025,18.112,18.285,-3.7990000247955322,-3.430999994277954,18.376,18.516,-3.249000072479248,-2.936000108718872,3,1706,3,0.004826217889785767,0.007976969704031944,1.3531140241128305,False,nan,nan,nan,nan,nan,nan,nan,nan,nan,nan,nan,nan,False,False,INSUFFICIENT_DATA,body,False,False,False,127,0.10250247334771548,21,0.43661381750862294,1558,0.24490266625413087,82,0.09477604419479994
75,sweep,True,-2.4184000492095947,0.5489000558853148,18.376,18.516,-3.249000072479248,-2.936000108718872,18.611,18.783,-2.755000114440918,-2.38100004196167,1,1656,1,0.009978454560041428,0.009978454560041428,1.5775839811908365,False,nan,nan,nan,nan,nan,nan,nan,nan,nan,nan,nan,nan,False,False,INSUFFICIENT_DATA,body,False,False,False,105,0.14857223659260582,21,0.668987986727605,1530,0.34664301929239283,64,0.1489393512057367
76,sweep,True,-1.9131999731063842,0.5052000761032105,18.611,18.783,-2.755000114440918,-2.38100004196167,18.875,19.018,-2.194000005722046,-1.8819999694824219,2,1649,2,0.05050179734826088,0.07550688087940216,1.8999572878291744,False,nan,nan,nan,nan,nan,nan,nan,nan,nan,nan,nan,nan,False,False,INSUFFICIENT_DATA,body,False,False,False,101,0.09609243888225381,19,0.39936530262612957,1529,0.2360285826877256,72,0.08955732213365081
77,sweep,True,-1.3599999785423278,0.5531999945640564,18.875,19.018,-2.194000005722046,-1.8819999694824219,19.107,19.282,-1.7109999656677246,-1.3209999799728394,1,1569,1,0.015386096201837063,0.015386096201837063,1.588005213094399,False,nan,nan,nan,nan,nan,nan,nan,nan,nan,nan,nan,nan,False,False,INSUFFICIENT_DATA,body,False,False,False,92,0.14831440990742695,22,0.4301543510561089,1455,0.35149338181021594,66,0.13962124490631195
78,sweep,True,-0.8572999835014343,0.5026999950408935,19.107,19.282,-1.7109999656677246,-1.3209999799728394,19.351,19.513,-1.184000015258789,-0.8209999799728394,3,1632,3,0.026455238461494446,0.04287590831518173,1.5199403396818594,False,nan,nan,nan,nan,nan,nan,nan,nan,nan,nan,nan,nan,False,False,INSUFFICIENT_DATA,body,False,False,False,103,0.09485777188573957,19,0.29129663692897545,1510,0.25652912899414787,75,0.09683309387034277
79,sweep,True,-0.2875999972224235,0.5696999862790109,19.351,19.513,-1.184000015258789,-0.8209999799728394,19.607,19.781,-0.6349999904632568,-0.24899999797344208,0,1612,0,nan,nan,nan,False,nan,nan,nan,nan,nan,nan,nan,nan,nan,nan,nan,nan,False,False,INSUFFICIENT_DATA,body,False,False,False,93,0.13110798603917317,23,0.2931427005276053,1496,0.3134567591888297,65,0.12898142638716917
80,sweep,True,0.22119998857378959,0.5087999857962131,19.607,19.781,-0.6349999904632568,-0.24899999797344208,19.887,20.017,-0.04699999839067459,0.25099998712539673,0,1597,0,nan,nan,nan,False,nan,nan,nan,nan,nan,nan,nan,nan,nan,nan,nan,nan,False,False,INSUFFICIENT_DATA,body,False,False,False,90,0.09840514959558473,16,0.4040453087629467,1491,0.2435644964761096,71,0.09543035155799305
81,sweep,True,1.117399999499321,0.8962000109255313,19.887,20.017,-0.04699999839067459,0.25099998712539673,20.083,20.466,0.382999986410141,1.1990000009536743,0,1571,0,nan,nan,nan,False,nan,nan,nan,nan,nan,nan,nan,nan,nan,nan,nan,nan,False,False,INSUFFICIENT_DATA,body,False,False,False,77,0.0922948097558109,15,0.3192924663978177,1479,0.20538614897128407,58,0.09628831067842064
82,sweep,True,1.8271000385284424,0.7097000390291215,20.083,20.466,0.382999986410141,1.1990000009536743,20.561,20.782,1.3869999647140503,1.8760000467300415,0,1480,0,nan,nan,nan,False,nan,nan,nan,nan,nan,nan,nan,nan,nan,nan,nan,nan,False,True,INSUFFICIENT_DATA,body,False,False,False,63,0.4812918626530999,19,0.9421968549463443,1398,1.1901960450100366,50,0.47913537371417525
83,sweep,True,2.3223000288009645,0.49519999027252215,20.561,20.782,1.3869999647140503,1.8760000467300415,20.85,21.014,2.000999927520752,2.3580000400543213,0,1557,0,nan,nan,nan,False,nan,nan,nan,nan,nan,nan,nan,nan,nan,nan,nan,nan,False,False,INSUFFICIENT_DATA,body,False,False,False,73,0.10765017970948511,17,0.8574563296021801,1467,0.287238988115606,62,0.1020341270065787
84,sweep,True,2.8665000677108763,0.5442000389099118,20.85,21.014,2.000999927520752,2.3580000400543213,21.09,21.28,2.502000093460083,2.9070000648498535,0,1504,0,nan,nan,nan,False,nan,nan,nan,nan,nan,nan,nan,nan,nan,nan,nan,nan,False,False,INSUFFICIENT_DATA,body,False,False,False,66,0.12340411983878763,14,0.47830864901342485,1424,0.36038228162495967,54,0.1188450133134365
85,sweep,True,3.3686999082565308,0.5021998405456545,21.09,21.28,2.502000093460083,2.9070000648498535,21.388,21.517,3.122999906539917,3.3959999084472656,0,1504,1,nan,nan,nan,False,nan,nan,nan,nan,nan,nan,nan,nan,nan,nan,nan,nan,False,False,INSUFFICIENT_DATA,body,False,False,False,62,0.09572792424351281,16,1.5001221627240549,1426,0.2751732855838,53,0.09255311440586243
86,sweep,True,3.92450008392334,0.5558001756668092,21.388,21.517,3.122999906539917,3.3959999084472656,21.582,21.783,3.5239999294281006,3.9690001010894775,0,1488,0,nan,nan,nan,False,nan,nan,nan,nan,nan,nan,nan,nan,nan,nan,nan,nan,False,False,INSUFFICIENT_DATA,body,False,False,False,60,0.11266571131051958,10,1.0323656199224793,1418,0.34680090530822844,49,0.0977433136126746
87,sweep,True,4.421000146865845,0.49650006294250515,21.582,21.783,3.5239999294281006,3.9690001010894775,21.845,22.014,4.0879998207092285,4.458000183105469,0,1475,2,nan,nan,nan,False,nan,nan,nan,nan,nan,nan,nan,nan,nan,nan,nan,nan,False,False,INSUFFICIENT_DATA,body,False,False,False,52,0.08499890413654188,9,1.5586143752053931,1414,0.28554458155193163,45,0.07850675920850338
88,sweep,True,4.982300090789795,0.5612999439239497,21.845,22.014,4.0879998207092285,4.458000183105469,22.122,22.285,4.660999774932861,5.01800012588501,0,1437,0,nan,nan,nan,False,nan,nan,nan,nan,nan,nan,nan,nan,nan,nan,nan,nan,False,False,INSUFFICIENT_DATA,body,False,False,False,49,0.11605431335957672,3,1.4788591942873448,1385,0.3321619244260648,45,0.10887311997585934
89,sweep,True,5.454099845886231,0.4717997550964359,22.122,22.285,4.660999774932861,5.01800012588501,22.348,22.515,5.139999866485596,5.488999843597412,0,1625,0,nan,nan,nan,False,nan,nan,nan,nan,nan,nan,nan,nan,nan,nan,nan,nan,False,False,INSUFFICIENT_DATA,body,False,False,False,54,0.11231764941247838,0,nan,1571,0.2957271150907468,46,0.09372348007831607
90,sweep,True,6.001200151443482,0.547100305557251,22.348,22.515,5.139999866485596,5.488999843597412,22.579,22.782,5.616000175476074,6.044000148773193,0,1437,1,nan,nan,nan,False,nan,nan,nan,nan,nan,nan,nan,nan,nan,nan,nan,nan,False,False,INSUFFICIENT_DATA,body,False,False,False,194,0.04959417618898894,42,0.10709133649032769,1201,0.402630661040884,155,0.045573021581100666
91,sweep,True,6.4971999168396,0.49599976539611834,22.579,22.782,5.616000175476074,6.044000148773193,22.845,23.015,6.165999889373779,6.533999919891357,0,1442,0,nan,nan,nan,False,nan,nan,nan,nan,nan,nan,nan,nan,nan,nan,nan,nan,False,False,INSUFFICIENT_DATA,body,False,False,False,208,0.03725812902824844,41,0.09624861378573787,1193,0.2754829032183204,170,0.03406837207767269
92,sweep,True,7.066100072860718,0.568900156021118,22.845,23.015,6.165999889373779,6.533999919891357,23.112,23.282,6.724999904632568,7.104000091552734,0,1435,0,nan,nan,nan,False,nan,nan,nan,nan,nan,nan,nan,nan,nan,nan,nan,nan,False,False,INSUFFICIENT_DATA,body,False,False,False,39,0.08505700826697804,1,0.2151167345943243,1395,0.3213512739774126,33,0.07980996429795789
93,sweep,True,7.5690999031066895,0.5029998302459715,23.112,23.282,6.724999904632568,7.104000091552734,23.375,23.513,7.290999889373779,7.599999904632568,0,1398,0,nan,nan,nan,False,nan,nan,nan,nan,nan,nan,nan,nan,nan,nan,nan,nan,False,False,INSUFFICIENT_DATA,body,False,False,False,31,0.10644542015333985,1,2.5608075881423877,1366,0.2816685462478773,23,0.08841736678249996
94,sweep,True,8.132200050354005,0.5631001472473152,23.375,23.513,7.290999889373779,7.599999904632568,23.608,23.782,7.791999816894531,8.170000076293945,0,1346,0,nan,nan,nan,False,nan,nan,nan,nan,nan,nan,nan,nan,nan,nan,nan,nan,False,False,INSUFFICIENT_DATA,body,False,False,False,29,0.10563361854288889,2,0.48848719484041647,1315,0.3362089475102642,25,0.0931843081530448
95,sweep,True,8.618299770355225,0.4860997200012207,23.608,23.782,7.791999816894531,8.170000076293945,23.876,24.015,8.35099983215332,8.64799976348877,0,1274,0,nan,nan,nan,False,nan,nan,nan,nan,nan,nan,nan,nan,nan,nan,nan,nan,False,False,INSUFFICIENT_DATA,body,False,False,False,23,0.09867978395298525,2,1.529974182051078,1249,0.30134440248054634,18,0.07842069582709685
96,sweep,True,9.183299541473389,0.5649997711181634,23.876,24.015,8.35099983215332,8.64799976348877,24.073,24.281,8.762999534606934,9.229999542236328,0,1132,2,nan,nan,nan,False,nan,nan,nan,nan,nan,nan,nan,nan,nan,nan,nan,nan,False,False,INSUFFICIENT_DATA,body,False,False,False,0,nan,6,0.10734736764996033,1126,0.3128310990909695,0,nan
97,sweep,True,9.670600128173827,0.48730058670043874,24.073,24.281,8.762999534606934,9.229999542236328,24.336,24.516,9.333999633789062,9.708000183105469,0,1199,4,nan,nan,nan,False,nan,nan,nan,nan,nan,nan,nan,nan,nan,nan,nan,nan,False,False,INSUFFICIENT_DATA,body,False,False,False,16,0.1550300076207961,2,0.16715523777197303,1181,0.32836333601053297,13,0.11752143946023515
98,sweep,True,10.231199645996094,0.5605995178222667,24.336,24.516,9.333999633789062,9.708000183105469,24.612,24.784,9.899999618530273,10.267999649047852,0,1136,4,nan,nan,nan,False,nan,nan,nan,nan,nan,nan,nan,nan,nan,nan,nan,nan,False,False,INSUFFICIENT_DATA,body,False,False,False,16,0.10099798761449322,3,0.22221679353184443,1117,0.36945050481426517,15,0.09993336385905993
99,sweep,True,10.721199893951416,0.49000024795532227,24.612,24.784,9.899999618530273,10.267999649047852,24.877,25.021,10.444000244140625,10.751999855041504,0,1118,2,nan,nan,nan,False,nan,nan,nan,nan,nan,nan,nan,nan,nan,nan,nan,nan,False,False,INSUFFICIENT_DATA,body,False,False,False,12,0.1393760941853073,3,0.1462229370654731,1103,0.31875894726180487,11,0.13368547071876227
100,sweep,True,11.259799671173095,0.5385997772216786,24.877,25.021,10.444000244140625,10.751999855041504,25.09,25.283,10.888999938964844,11.300999641418457,0,1113,1,nan,nan,nan,False,nan,nan,nan,nan,nan,nan,nan,nan,nan,nan,nan,nan,False,False,INSUFFICIENT_DATA,body,False,False,False,14,0.09167364525031427,1,0.5060405948650475,1098,0.4192838439587069,12,0.09167364525031427
101,sweep,True,11.743499755859375,0.48370008468628,25.09,25.283,10.888999938964844,11.300999641418457,25.376,25.517,11.477999687194824,11.77299976348877,0,1113,6,nan,nan,nan,False,nan,nan,nan,nan,nan,nan,nan,nan,nan,nan,nan,nan,False,False,INSUFFICIENT_DATA,body,False,False,False,12,0.10751022368276274,1,0.4256103669491076,1100,0.3323397226700502,12,0.10751022368276274
102,sweep,True,12.2907000541687,0.5472002983093258,25.376,25.517,11.477999687194824,11.77299976348877,25.611,25.783,11.954999923706055,12.32800006866455,0,1126,2,nan,nan,nan,False,nan,nan,nan,nan,nan,nan,nan,nan,nan,nan,nan,nan,False,False,INSUFFICIENT_DATA,body,False,False,False,9,0.09533141344447178,1,0.5254260933939406,1116,0.4090327600084044,8,0.10121827899137409
103,sweep,True,12.792199993133545,0.5014999389648445,25.611,25.783,11.954999923706055,12.32800006866455,25.878,26.016,12.515000343322754,12.822999954223633,0,1497,3,nan,nan,nan,False,nan,nan,nan,nan,nan,nan,nan,nan,nan,nan,nan,nan,False,False,INSUFFICIENT_DATA,body,False,False,False,0,nan,6,0.0969880772645192,1491,0.28481353377593294,0,nan
104,sweep,True,13.337900352478027,0.5457003593444814,25.878,26.016,12.515000343322754,12.822999954223633,26.076,26.285,12.932000160217285,13.383000373840332,2,1515,7,0.06595524400472641,0.08172356337308884,3.2944690104033487,False,nan,nan,nan,nan,nan,nan,nan,nan,nan,nan,nan,nan,False,False,INSUFFICIENT_DATA,body,False,False,False,0,nan,2,0.09505691834526503,1513,0.37437975961203135,0,nan
105,sweep,True,13.861600017547607,0.5236996650695804,26.076,26.285,12.932000160217285,13.383000373840332,26.378,26.517,13.569999694824219,13.894000053405762,0,1509,7,nan,nan,nan,False,nan,nan,nan,nan,nan,nan,nan,nan,nan,nan,nan,nan,False,False,INSUFFICIENT_DATA,body,False,False,False,0,nan,2,0.07226105880753256,1507,0.25808157803473586,0,nan
106,sweep,True,14.404599857330322,0.5429998397827145,26.378,26.517,13.569999694824219,13.894000053405762,26.6,26.781,14.059000015258789,14.442999839782715,0,978,1,nan,nan,nan,False,nan,nan,nan,nan,nan,nan,nan,nan,nan,nan,nan,nan,False,False,INSUFFICIENT_DATA,body,False,False,False,98,0.04779542882157435,5,0.12387475124205466,875,0.3491814854429371,84,0.04823298176566039
107,sweep,True,14.894700145721435,0.49010028839111364,26.6,26.781,14.059000015258789,14.442999839782715,26.84,27.016,14.559000015258789,14.932000160217285,2,959,7,0.06735602021217346,0.0749514251947403,8.477287017400428,False,nan,nan,nan,nan,nan,nan,nan,nan,nan,nan,nan,nan,False,False,INSUFFICIENT_DATA,body,False,False,False,93,0.08080135792700822,8,0.28854919110619676,858,0.27437191101326,80,0.077031017390789
108,sweep,True,15.455799674987793,0.5610995292663574,26.84,27.016,14.559000015258789,14.932000160217285,27.115,27.28,15.130000114440918,15.491999626159668,2,925,5,0.07615429908037186,0.07796419411897659,2.123708119460621,False,nan,nan,nan,nan,nan,nan,nan,nan,nan,nan,nan,nan,False,False,INSUFFICIENT_DATA,body,False,False,False,104,0.05162823074975065,11,0.33425189228765384,810,0.3149757229688366,77,0.03598267222256353
109,sweep,True,15.947399806976318,0.49160013198852504,27.115,27.28,15.130000114440918,15.491999626159668,27.382,27.513,15.6899995803833,15.97599983215332,3,889,13,0.06928364932537079,0.07079899311065674,2.080081575152388,False,nan,nan,nan,nan,nan,nan,nan,nan,nan,nan,nan,nan,False,False,INSUFFICIENT_DATA,body,False,False,False,91,0.03744861805247913,9,0.20004860673310826,789,0.26661149011862206,69,0.036962850567936086
110,sweep,True,16.505300331115723,0.5579005241394057,27.382,27.513,15.6899995803833,15.97599983215332,27.615,27.782,16.18400001525879,16.541000366210938,14,872,17,0.048388078808784485,0.08635791391134262,2.3018857652516465,False,nan,nan,4.775575962510476,4.820484674134503,0.1965595842072012,0.2239964853530858,0.23266649427783764,0.2528367750529801,nan,0.27630117597483306,0.176591588357186,nan,False,False,INSUFFICIENT_DATA,body,False,False,False,88,0.0356080050452466,24,0.3021907648293094,760,0.3261143809766651,78,0.03274289930026597
111,sweep,True,17.00220069885254,0.4969003677368171,27.615,27.782,16.18400001525879,16.541000366210938,27.879,28.019,16.75200080871582,17.030000686645508,13,864,14,0.03724226355552673,0.07924406230449677,2.0581347225022837,False,nan,nan,4.05845603145043,4.314931008193083,0.11767025046150364,0.16136562531666462,0.1649049219071739,0.17573837800897962,nan,0.24782265770382844,0.15587680217612698,nan,False,False,INSUFFICIENT_DATA,body,False,False,False,115,0.043081682499257,21,0.32252216856004606,728,0.279751517259438,85,0.03080215553711967
112,sweep,True,17.265899848937988,0.2636991500854471,27.879,28.019,16.75200080871582,17.030000686645508,28.113,28.282,17.156999588012695,17.277999877929688,2,856,3,0.04828619584441185,0.059504128992557526,2.0076803144909485,False,nan,nan,nan,nan,nan,nan,nan,nan,nan,nan,nan,nan,False,False,INSUFFICIENT_DATA,body,False,False,False,140,0.055332573465083024,15,0.7354402036804306,701,0.4011342279224362,97,0.043620885628227475
113,sweep,True,16.590600395202635,-0.6752994537353523,28.113,28.282,17.156999588012695,17.277999877929688,28.379,28.521,17.288999557495117,16.51300048828125,55,881,57,0.025430304929614067,0.05869413912296295,0.3141348340474127,False,nan,nan,0.7020937424261137,0.7938697090711355,0.1416839037441837,0.19928108798494182,0.128806439506164,0.28447897211340056,0.18779746110362114,0.8572993564807354,0.10362689073981524,0.419286036656591,False,False,NO_MOTION,,False,False,False,156,0.15301012546928378,0,nan,725,1.00636861402958,108,0.1126229545986995
114,dwell_end,True,16.51300048828125,-0.0775999069213853,28.379,28.521,17.288999557495117,16.51300048828125,28.589,28.788,16.51300048828125,16.51300048828125,218,1230,219,0.015405870974063873,0.036252737045288086,0.059883943899370434,False,nan,nan,0.08647746096470463,0.1367791666630573,0.056460687921403005,0.11853187715255142,0.03371242992670245,0.1014400177305634,0.05540157124825394,0.13125303090187157,0.06533849847742364,0.1236923284091205,False,False,INSUFFICIENT_DATA,background,False,False,False,44,0.2058269168204145,0,nan,1186,0.12796157455923826,8,0.06410940983764365
115,dwell_end,False,16.51300048828125,0.0,28.589,28.788,16.51300048828125,16.51300048828125,28.852,29.02,16.51300048828125,16.51300048828125,196,1215,196,0.014113090001046658,0.03347773849964142,0.051614720646130124,True,0.010042042835927915,0.02796801993629333,nan,nan,nan,nan,nan,nan,nan,nan,nan,0.062442804941599074,False,False,NO_MOTION,,False,False,False,,,,,,,,
116,dwell_end,False,16.51300048828125,0.0,28.852,29.02,16.51300048828125,16.51300048828125,29.11,29.283,16.51300048828125,16.51300048828125,205,899,206,0.01564706861972809,0.03408520668745041,0.04903131214229312,True,0.014880641048450783,0.06006848914543023,nan,nan,nan,nan,nan,nan,nan,nan,nan,0.13411192352510062,False,False,NO_MOTION,,False,False,False,,,,,,,,
117,dwell_end,False,16.51300048828125,0.0,29.11,29.283,16.51300048828125,16.51300048828125,29.374,29.519,16.51300048828125,16.51300048828125,181,875,181,0.01623365841805935,0.03339225426316261,0.057880797729366995,True,0.0184202372795736,0.06525957085884433,nan,nan,nan,nan,nan,nan,nan,nan,nan,0.145701793083438,False,False,NO_MOTION,,False,False,False,,,,,,,,
118,dwell_end,False,16.51300048828125,0.0,29.374,29.519,16.51300048828125,16.51300048828125,29.61,29.785,16.51300048828125,16.51300048828125,226,878,226,0.015949126332998276,0.03830093890428543,0.060279065772342905,True,0.03278618887800411,0.08557913394657474,nan,nan,nan,nan,nan,nan,nan,nan,nan,0.191068269411609,False,False,NO_MOTION,,False,False,False,,,,,,,,
119,dwell_end,False,16.51300048828125,0.0,29.61,29.785,16.51300048828125,16.51300048828125,29.875,30.016,16.51300048828125,16.51300048828125,183,881,183,0.016246620565652847,0.03390440717339516,0.048502502084910984,True,0.014453475577102408,0.03419021685091534,nan,nan,nan,nan,nan,nan,nan,nan,nan,0.07633479404676183,False,False,NO_MOTION,,False,False,False,,,,,,,,
120,dwell_end,False,16.518399238586426,0.005398750305175781,29.875,30.016,16.51300048828125,16.51300048828125,30.111,30.287,16.51300048828125,16.518999099731445,203,1240,203,0.01586870104074478,0.0322367399930954,0.04823212733839174,True,0.02490217601086413,0.050477071748310266,nan,nan,nan,nan,nan,nan,nan,nan,nan,0.11269764367954652,False,False,NO_MOTION,,False,False,False,,,,,,,,
121,dwell_end,False,16.518999099731445,0.0005998611450195312,30.111,30.287,16.51300048828125,16.518999099731445,30.353,30.516,16.518999099731445,16.518999099731445,183,883,184,0.016947617754340172,0.03587988764047623,0.06521501485769743,True,0.04741800066249997,0.0947923453645995,nan,nan,nan,nan,nan,nan,nan,nan,nan,0.21163814760720068,False,False,NO_MOTION,,False,False,False,,,,,,,,
122,dwell_end,False,16.518999099731445,0.0,30.353,30.516,16.518999099731445,16.518999099731445,30.611,30.782,16.518999099731445,16.518999099731445,195,887,195,0.015923889353871346,0.03358473256230354,0.058547954060314676,True,0.02221150402488401,0.08257946793488076,nan,nan,nan,nan,nan,nan,nan,nan,nan,0.18437106452957558,False,False,NO_MOTION,,False,False,False,,,,,,,,
123,dwell_end,False,16.518999099731445,0.0,30.611,30.782,16.518999099731445,16.518999099731445,30.857,31.017,16.518999099731445,16.518999099731445,198,888,198,0.01659609004855156,0.03647153824567795,0.09054533087230421,True,0.07042941167864904,0.14319093676259823,nan,nan,nan,nan,nan,nan,nan,nan,nan,0.31969527174388784,False,False,NO_MOTION,,False,False,False,,,,,,,,
124,return,False,16.35730037689209,-0.16169872283935405,30.857,31.017,16.518999099731445,16.518999099731445,31.111,31.284,16.486000061035156,16.343000411987305,178,885,192,0.03557240962982178,0.07964656502008438,0.6596750756160787,False,nan,nan,1.495694630316256,1.7584171953304766,0.3418513556198052,0.5709119605384039,0.060230521269084666,0.14009948965447436,0.09626216460930569,0.034320780616574356,0.07100578760081577,0.21491973981879292,False,False,NO_MOTION,,False,False,False,136,0.03073453701700081,11,0.18376657139110586,738,0.03518357775026641,96,0.0280086411237001
125,return,False,16.122900390625,-0.23439998626709269,31.111,31.284,16.486000061035156,16.343000411987305,31.374,31.516,16.266000747680664,16.10700035095215,37,898,39,0.02933836169540882,0.0523524209856987,0.9765127767126727,False,nan,nan,1.6791529246224826,1.8636030862538782,0.1693548190935022,0.21505174083689488,0.054702496871171624,0.11143029874498381,0.06281221404618628,0.092172800233051,0.13590446742345955,0.14023770143793005,False,False,NO_MOTION,,False,False,False,138,0.022235362259543798,20,0.2872488335563771,740,0.10298278332758237,100,0.018103405666601492
126,return,False,15.734400272369385,-0.3885001182556138,31.374,31.516,16.266000747680664,16.10700035095215,31.611,31.784,15.989999771118164,15.706000328063965,28,886,34,0.041680701076984406,0.07216664403676987,1.581052430969729,False,nan,nan,3.117431140347637,3.20816253300485,0.10134410575794076,0.213106134844917,0.08994409955716719,0.16719097540356645,nan,0.143466196705952,0.15451224621175236,nan,False,False,INSUFFICIENT_DATA,body,False,False,False,136,0.0319916184396071,22,0.20641846821341003,728,0.17098874504908862,96,0.022437038372811982
127,return,False,15.294200325012207,-0.4401999473571774,31.611,31.784,15.989999771118164,15.706000328063965,31.872,32.014,15.557000160217285,15.265000343322754,16,884,23,0.030287355184555054,0.06026902794837952,1.624566266040529,False,nan,nan,3.40126622143823,3.466638876659835,0.3985162450344954,0.6531859391905155,0.1450183230676856,0.15429064167496676,nan,0.164983156163864,0.14699443148722235,nan,False,False,INSUFFICIENT_DATA,body,False,False,False,122,0.038006334652215853,10,0.21419839687678438,752,0.18330666945268692,78,0.0292963983815911
128,return,False,14.672899723052979,-0.6213006019592289,31.872,32.014,15.557000160217285,15.265000343322754,32.109,32.278,15.067999839782715,14.628999710083008,7,865,9,0.057482779026031494,0.07883283495903015,2.763388643844493,False,nan,nan,nan,nan,nan,nan,nan,nan,nan,nan,nan,nan,False,False,INSUFFICIENT_DATA,body,False,False,False,106,0.0517145928384678,29,0.3530618741779583,730,0.29231753311118147,83,0.04767492016493912
129,return,False,14.022499656677246,-0.6504000663757328,32.109,32.278,15.067999839782715,14.628999710083008,32.389,32.517,14.359999656677246,13.984999656677246,1,880,3,0.05134304612874985,0.05134304612874985,2.7514621242518102,False,nan,nan,nan,nan,nan,nan,nan,nan,nan,nan,nan,nan,False,False,INSUFFICIENT_DATA,body,False,False,False,100,0.07488670417295468,22,0.376830736610035,758,0.2943457270139341,76,0.06330115400562122
130,return,False,13.244899654388428,-0.7776000022888176,32.389,32.517,14.359999656677246,13.984999656677246,32.609,32.778,13.73900032043457,13.1899995803833,0,875,0,nan,nan,nan,False,nan,nan,nan,nan,nan,nan,nan,nan,nan,nan,nan,nan,False,False,INSUFFICIENT_DATA,body,False,False,False,97,0.039141952357880844,15,0.8751837536463165,763,0.5038246665349777,68,0.02887400276286862
131,return,False,12.420199584960937,-0.8247000694274913,32.609,32.778,13.73900032043457,13.1899995803833,32.836,33.012,13.006999969482422,12.354999542236328,0,907,0,nan,nan,nan,False,nan,nan,nan,nan,nan,nan,nan,nan,nan,nan,nan,nan,False,False,INSUFFICIENT_DATA,body,False,False,False,97,0.027943656997609898,6,0.5264600180902909,804,0.4318021890916047,81,0.026094035001549186
132,return,False,11.42110013961792,-0.9990994453430169,32.836,33.012,13.006999969482422,12.354999542236328,33.123,33.282,11.979999542236328,11.359000205993652,0,886,0,nan,nan,nan,False,nan,nan,nan,nan,nan,nan,nan,nan,nan,nan,nan,nan,False,False,INSUFFICIENT_DATA,body,False,False,False,82,0.06510599615048028,12,0.10197200990603109,792,0.562693908722098,66,0.0607047833758334
133,return,False,10.543900299072266,-0.8771998405456536,33.123,33.282,11.979999542236328,11.359000205993652,33.356,33.513,11.10099983215332,10.482000350952148,0,958,1,nan,nan,nan,False,nan,nan,nan,nan,nan,nan,nan,nan,nan,nan,nan,nan,False,False,INSUFFICIENT_DATA,body,False,False,False,104,0.0870590179020152,4,0.0411939436947153,850,0.6533808926034941,89,0.08576928215643209
134,return,False,9.4871000289917,-1.0568002700805668,33.356,33.513,11.10099983215332,10.482000350952148,33.619,33.78,10.090999603271484,9.420000076293945,0,991,0,nan,nan,nan,False,nan,nan,nan,nan,nan,nan,nan,nan,nan,nan,nan,nan,False,False,INSUFFICIENT_DATA,body,False,False,False,114,0.06011909383891821,27,0.07849064551992099,850,0.7486712404078741,98,0.055339722213714186
135,return,False,8.510000419616699,-0.9770996093750011,33.619,33.78,10.090999603271484,9.420000076293945,33.885,34.012,9.013999938964844,8.454000473022461,0,1061,0,nan,nan,nan,False,nan,nan,nan,nan,nan,nan,nan,nan,nan,nan,nan,nan,False,True,INSUFFICIENT_DATA,body,False,False,False,9,0.3585059364455766,4,0.17975142729912946,1048,0.6150262687529712,9,0.3585059364455766
136,return,False,7.349399757385254,-1.1606006622314444,33.885,34.012,9.013999938964844,8.454000473022461,34.116,34.283,8.036999702453613,7.2729997634887695,0,1097,0,nan,nan,nan,False,nan,nan,nan,nan,nan,nan,nan,nan,nan,nan,nan,nan,False,False,INSUFFICIENT_DATA,body,False,False,False,380,0.8384861922793316,198,0.6696768643207351,519,0.4723441643925146,128,0.17267659019254378
137,return,False,6.314299917221069,-1.035099840164185,34.116,34.283,8.036999702453613,7.2729997634887695,34.382,34.518,6.883999824523926,6.250999927520752,0,1065,0,nan,nan,nan,False,nan,nan,nan,nan,nan,nan,nan,nan,nan,nan,nan,nan,False,True,INSUFFICIENT_DATA,body,False,False,False,313,0.9197177014660047,264,0.7284591128268344,488,0.48243416015958895,16,0.389738065704489
138,return,False,5.163899850845337,-1.1504000663757319,34.382,34.518,6.883999824523926,6.250999927520752,34.601,34.782,5.909999847412109,5.080999851226807,0,1194,0,nan,nan,nan,False,nan,nan,nan,nan,nan,nan,nan,nan,nan,nan,nan,nan,False,True,INSUFFICIENT_DATA,body,False,False,False,323,1.2728655761040906,367,0.6712133836633208,504,0.6098535470581401,18,0.4822062633844316
139,return,False,4.150899982452392,-1.0129998683929449,34.601,34.782,5.909999847412109,5.080999851226807,34.872,35.015,4.735000133514404,4.085999965667725,0,1262,0,nan,nan,nan,False,nan,nan,nan,nan,nan,nan,nan,nan,nan,nan,nan,nan,False,True,INSUFFICIENT_DATA,body,False,False,False,363,1.0991335833997824,367,0.48971113198492516,532,0.5360747985994914,23,0.42091794955734285
140,return,False,3.0544000387191774,-1.0964999437332148,34.872,35.015,4.735000133514404,4.085999965667725,35.118,35.282,3.697000026702881,2.9830000400543213,0,1251,0,nan,nan,nan,False,nan,nan,nan,nan,nan,nan,nan,nan,nan,nan,nan,nan,False,False,INSUFFICIENT_DATA,body,False,False,False,333,1.0744662431460381,404,0.6274972363598731,514,0.6552809373403594,25,0.22989865152334882
141,return,False,1.5427999854087828,-1.5116000533103946,35.118,35.282,3.697000026702881,2.9830000400543213,35.427,35.721,2.621000051498413,1.4229999780654907,0,1154,0,nan,nan,nan,False,nan,nan,nan,nan,nan,nan,nan,nan,nan,nan,nan,nan,False,False,INSUFFICIENT_DATA,body,False,False,False,313,1.0861347982584493,338,0.43520486546826875,503,0.6002223816805661,2,0.08221857959708938
142,return,False,0.6786999881267547,-0.8640999972820281,35.427,35.721,2.621000051498413,1.4229999780654907,35.851,36.014,1.1979999542236328,0.6209999918937683,0,1248,0,nan,nan,nan,False,nan,nan,nan,nan,nan,nan,nan,nan,nan,nan,nan,nan,False,True,INSUFFICIENT_DATA,body,False,False,False,311,1.7909539529763205,369,0.6223131403543087,568,0.9459482186847015,10,0.4214707689072242
143,return,False,0.09309999905526639,-0.5855999890714882,35.851,36.014,1.1979999542236328,0.6209999918937683,36.122,36.285,0.39100000262260437,0.05999999865889549,0,1488,2,nan,nan,nan,False,nan,nan,nan,nan,nan,nan,nan,nan,nan,nan,nan,nan,False,False,INSUFFICIENT_DATA,body,False,False,False,491,0.5566167560691532,311,0.20240890119893312,686,0.31732072142020673,38,0.16520117517574426
144,return,False,-0.2536999940872192,-0.3467999931424856,36.122,36.285,0.39100000262260437,0.05999999865889549,36.403,36.517,-0.11599999666213989,-0.26899999380111694,0,1560,0,nan,nan,nan,False,nan,nan,nan,nan,nan,nan,nan,nan,nan,nan,nan,nan,False,False,INSUFFICIENT_DATA,body,False,False,False,584,0.33560520497490565,231,0.24025775929769796,745,0.235845054588751,53,0.10603567004892278
145,return,False,-0.4854000061750412,-0.23170001208782198,36.403,36.517,-0.11599999666213989,-0.26899999380111694,36.564,36.782,-0.3179999887943268,-0.5040000081062317,5,1633,5,0.017009656876325607,0.05051489919424057,1.3247623995959754,False,nan,nan,nan,nan,nan,nan,nan,nan,nan,nan,nan,nan,False,False,INSUFFICIENT_DATA,body,False,False,False,767,0.2915455832876218,60,0.13381116232742835,806,0.2211351284659617,95,0.12426270486550908
146,return,False,-0.6024999797344208,-0.11709997355937962,36.564,36.782,-0.3179999887943268,-0.5040000081062317,36.872,37.016,-0.5529999732971191,-0.6079999804496765,6,1641,7,0.03784263879060745,0.042946912348270416,0.6918975164667296,False,nan,nan,nan,nan,nan,nan,nan,nan,nan,nan,nan,nan,False,False,INSUFFICIENT_DATA,body,False,False,False,823,0.14367113239637078,0,nan,818,0.12117405794679963,133,0.06931499928557312
147,return,False,-0.34690001308918,0.2555999666452408,36.872,37.016,-0.5529999732971191,-0.6079999804496765,37.084,37.283,-0.625,-0.3160000145435333,13,1687,29,0.03556820750236511,0.08323847502470016,0.2603148570281225,False,nan,nan,0.7416191449940963,0.812390014108559,0.45674515562226964,0.46729307409972964,0.05060347288264923,0.07309010394778245,nan,0.5353686900898914,0.03912685832526769,nan,False,False,INSUFFICIENT_DATA,body,False,False,False,846,0.667162861538426,0,nan,841,0.46446637698820176,123,0.24630301263638044
