frame,cx,cy,n_body,body_abs,body_signed,bed_abs,bed_signed,n_bed
50,-132.00622733603248,-27.081888859444117,28,0.03356143734008625,-0.03356143734008625,0.0503273453715334,-0.037221962709832454,29
50,-133.5087159256042,32.91756257693542,32,0.05929808754039863,-0.027589400842654696,0.04143604887787426,0.019656959339506598,12
50,-100.08159977840023,-58.895752205158786,31,0.023551722650533534,0.0043435936055783156,0.0503273453715334,-0.04989731523299843,29
51,-101.12356664955682,-59.314277811643606,25,0.02550713045982499,-0.006721030555420942,0.029937158095296543,0.010695831892557033,13
58,-132.85223073911848,-25.75348205534342,33,0.09356110822915341,0.09356110822915341,0.04423203726365988,0.036771224632081545,10
59,-133.21760264401487,-26.927929119707425,31,0.07843936112188267,-0.05257394282122482,0.03906767383852176,0.03906767383852176,10
60,-122.99504643670484,-54.082078542133516,11,0.04059996221794015,0.035464837919554175,0.03594044413968235,0.03594044413968235,21
60,-134.33318818336141,-26.787325083682912,31,0.03209984394039361,0.02480937162086827,0.03337558401103653,0.03337558401103653,13
60,-104.77407222655,-60.56738675954701,18,0.06462671003363142,-0.056460990000239006,0.04853057725698978,0.04853057725698978,11
61,-124.4129496955121,-54.60179631007141,9,0.04952805597119134,-0.006860039711174812,0.03241579045632268,0.03241579045632268,24
61,-131.17163891277679,-27.41974429773128,30,0.05190754296503191,0.04993856326744492,0.020985997739672968,0.020892379375244147,13
61,-105.82582798240634,-61.38459782954831,18,0.05162866113895426,-0.05162866113895426,0.029803973384246764,0.029803973384246764,10
62,-123.9785715284478,-57.48823025879325,13,0.08459046300350254,-0.07915457543966764,0.04410824812095672,0.04410824812095672,29
62,-131.80872241666958,-26.222140694157464,33,0.14286646043684542,-0.14135478720484135,0.026618294228934698,0.026618294228934698,14
62,-106.18248117189378,-63.394964529490416,14,0.14252102906858727,-0.14252102906858727,0.059684104218374306,0.059684104218374306,13
63,-122.76588655506956,-56.65698178162953,8,1.1464755954772232,-1.1464755954772232,0.038942153350956604,0.038942153350956604,24
63,-133.21923103242696,-26.808471668219447,26,1.4224254371145353,-1.4224254371145353,0.045729969401591714,0.045729969401591714,11
63,-106.11809874201874,-62.823826445818504,9,1.2089270711659357,-1.2089270711659357,0.037668419487418725,0.037668419487418725,16
63,-102.0916663352984,61.236646597469495,15,1.1478312310000367,-1.1478312310000367,0.05838200283751807,-0.05838200283751807,11
64,-132.35961962803185,-29.276973839543988,23,0.8246874618395821,-0.8246874618395821,0.04898252969412799,0.04339067034110883,26
64,-127.82509715767998,36.28851190369436,18,0.8416368715670732,-0.8416368715670732,0.07940818562406483,-0.07940818562406483,11
64,-107.62829810859715,-64.2242333755982,8,1.0318355021774919,-1.0318355021774919,0.035328803978883924,0.034367207830785215,18
64,-109.15930316742896,59.406332450783445,11,0.8915913833558059,-0.8915913833558059,0.079223365052846,-0.079223365052846,12
65,-125.50800042081875,-55.90085828526758,11,1.8079766803677086,-1.8079766803677086,0.05543102131822511,0.052124677944221716,29
65,-131.17569276284883,-30.14809103385023,21,1.5571548765623884,-1.5571548765623884,0.024479021651792447,0.021870838137548622,19
65,-127.16967953897026,34.57147839198131,19,1.6891862888414728,-1.6891862888414728,0.0705693743544204,-0.0705693743544204,13
65,-106.07566975501577,59.58685986783338,10,1.8274038028039339,-1.8274038028039339,0.0722393921498395,-0.0722393921498395,15
66,-129.37947044438638,-56.18419065210409,15,1.2385420009154526,-1.2385420009154526,0.032498258643103156,0.032498258643103156,20
66,-133.80041776972723,-29.702506591976917,32,1.4466163935430676,-1.4466163935430676,0.032498258643103156,0.032498258643103156,12
66,-129.09984792202613,35.24492911420175,18,1.1534988769585564,-1.1534988769585564,0.03141835803752003,-0.03141835803752003,11
66,-106.28519746907263,61.31029526774997,9,0.8591260205186552,-0.8591260205186552,0.03187904942319711,-0.03187904942319711,14
69,-130.40719622794592,-55.60367182455324,13,0.10180045826122082,-0.10180045826122082,0.05600677592230497,0.05600677592230497,10
69,-130.40335629237953,30.610317094819507,22,0.19226215317002132,-0.19226215317002132,0.05768466511167987,-0.05768466511167987,11
70,-130.1966134441035,31.478486423851894,21,1.6608307286242896,1.6608307286242896,0.07010324197521456,-0.07010324197521456,10
71,-129.67252923474464,29.438414027467413,9,7.239843038429301,7.239843038429301,0.07451149042519982,-0.06957582856564495,13
73,-131.84055180797915,-55.68745463658419,11,1.3049063724845913,1.3049063724845913,0.06808214085407542,0.06808214085407542,12
73,-134.39730883937798,37.642085447481875,18,1.9158292819865783,1.9158292819865783,0.06703118838643779,-0.04971429064125544,15
74,-135.63853407139504,-26.37220062584063,15,4.701917379714639,4.701917379714639,0.05565797667069787,0.05565797667069787,10
75,-136.92152334012266,-32.09729541600323,15,2.9933194236889245,2.9933194236889245,0.03116473651270321,0.03116473651270321,26
76,-133.96133333923964,-26.966545273474832,21,5.1866310457608344,5.1866310457608344,0.029979953451702828,0.029979953451702828,19
76,-135.7076975943435,38.34026862212846,9,4.663433363267673,4.663433363267673,0.11505772729327235,-0.11505772729327235,11
77,-122.93869276322236,3.6741830602817585,8,8.118443234065737,8.118443234065737,0.017791542658885166,0.013117540234249579,14
78,-130.53269624605576,-24.001195787296467,10,3.54758823042383,3.54758823042383,0.025056907876775232,0.025056907876775232,43
78,-127.4976283146452,0.6821493442455105,13,3.9430613895770974,3.9430613895770974,0.033402508744558496,0.022254533597742168,26
78,-132.30445264763554,31.26348966482216,12,2.4261005110127827,2.4261005110127827,0.11597152577101719,-0.09991229328079473,19
79,-130.93341073002156,-53.852315430741726,8,0.782287022316078,0.782287022316078,0.03196538199386924,0.029500270764650536,66
79,-133.09065868611904,-27.705026265433858,9,1.1752714853636683,1.1752714853636683,0.028699657377075263,0.02766102159409998,62
79,-128.94135418649358,5.893738645969488,14,1.2050978888513373,1.2050978888513373,0.021359593076351994,0.016310735696435267,41
79,-130.69303877589996,32.497248865520106,18,0.6696950185350932,0.6696950185350932,0.056936656052264,-0.056936656052264,28
79,-99.73736347847864,-60.329114425981516,8,1.250140150190898,1.250140150190898,0.031297802178637486,0.031297802178637486,10
80,-129.3175187367203,30.481639983723316,11,5.584953359584814,-5.584953359584814,0.06484516949112719,0.04628488988895306,12
81,-143.9723053248336,-31.20400057394562,8,7.14117433773607,-7.14117433773607,0.02408286770352083,0.02408286770352083,23
83,-142.31168025285513,-29.13498232445464,9,1.361923218730154,-1.361923218730154,0.025031547903406365,0.025031547903406365,15
84,-141.87055589846958,-26.203216617719377,13,1.9963919188507735,1.9963919188507735,0.05177026621831134,0.041672444697451766,12
85,-141.17596728120645,-26.436205373901274,18,0.8181699040208967,0.8181699040208967,0.04018777669128319,0.04018777669128319,13
86,-133.86159905704133,33.8240037369201,25,0.2733066151189524,-0.2733066151189524,0.08735745199210317,-0.08735745199210317,13
87,-140.32491814199656,-27.13173537072988,18,0.25746027802222754,0.25746027802222754,0.004714383261791804,0.003915692688550632,10
89,-134.55023727579882,-62.25320122452614,9,0.06469078884948261,-0.01917658362077333,0.07450488668701509,0.07450488668701509,12
89,-132.7774194350987,33.21731185057171,25,0.07561916185726228,-0.05195382957455528,0.06449445101010205,-0.06449445101010205,11
90,-135.7788216638216,31.793048961299004,22,0.08762677697217926,0.07044851787971954,0.07008960160864572,-0.07008960160864572,11
91,-128.72979207574105,-65.29493818568608,9,0.09170924787464371,0.06515958128357795,0.0699020019744927,0.05147868814769124,14
91,-134.12264850969075,34.75170840865373,21,0.08586511031835706,-0.03102679015787541,0.05351586061479423,-0.05351586061479423,12
92,-130.79134373298618,-60.35386334996204,12,0.1496034016876583,0.1233204125342629,0.043053953798669845,0.043053953798669845,10
92,-134.84832217946726,30.903044805798796,23,0.09731191108038148,0.04423420291638892,0.10195933346834841,-0.10195933346834841,10
93,-135.23662145541712,32.96406076392382,23,0.05010317923575262,-0.011003358646445784,0.12133408712562856,-0.12133408712562856,13
94,-135.98611552394863,32.77055477243836,20,0.05337950562951334,0.004268203415291324,0.05543674784261167,-0.05543674784261167,14
95,-137.7832736692372,-24.955815274684266,14,0.05313012113492817,0.05313012113492817,0.037091397198401446,0.022129623470341826,16
95,-137.11784116865834,33.05553448234007,14,0.04156507080301103,-0.005576111967648203,0.07731259587720962,-0.07731259587720962,16
96,-137.95670799197543,-27.883033666908986,13,0.038737771198203805,-0.025656483579950835,0.06431666180495349,0.06431666180495349,12
96,-138.71762295507162,32.700063649386024,12,0.05851398248368345,0.0016064649619116883,0.09097193238324414,-0.09097193238324414,16
97,-140.3789089840634,35.47433857576007,15,0.0749275597143165,-0.0749275597143165,0.05981562850985984,-0.05981562850985984,17
98,-140.2150824315192,32.293514485329034,13,0.12387012097425416,-0.08702850057642122,0.09091833239027315,-0.09091833239027315,21
99,-141.00848608062773,34.881653889014885,10,0.2617234102166606,-0.2617234102166606,0.05306653595235722,-0.05306653595235722,22
100,-134.28516704389,-25.801658361957553,13,0.059326397166950325,0.05054964975943625,0.02868752539033311,0.012554809868377238,10
100,-141.21795725366613,30.207947835012813,14,0.09984030952406128,-0.01855464105832201,0.07752278034137833,-0.07752278034137833,15
101,-130.37478624950538,-56.77185120462687,9,0.02494771206236971,0.012091702850492556,0.04173558814672499,0.04173558814672499,21
101,-141.36809968707306,32.92841215069231,12,0.18599539092752015,-0.18599539092752015,0.06960547372866313,-0.06960547372866313,14
102,-137.92422098488035,33.91328890060235,17,0.12967826887451955,-0.12967826887451955,0.10792464027597748,-0.10792464027597748,20
103,-130.91244094076126,-63.25171156311863,10,0.04646972864112474,0.024267696709314775,0.047890808463297865,0.037102831770660157,16
103,-141.5008328460847,34.79913454161244,13,0.053999268028939375,-0.04649860110194266,0.050005427015802364,-0.040575530936639785,26
103,-129.8042884025553,65.38601136188507,8,0.09391556525969211,-0.09391556525969211,0.08257807137676364,-0.08257807137676364,23
104,-139.60229992729066,34.678259293665725,11,0.09218267675337535,-0.04481641000566521,0.041291820017005786,-0.041291820017005786,16
104,-131.77457269575285,62.242894344997076,11,0.06463075998299536,0.0497942127392714,0.05956233143963248,-0.05956233143963248,21
105,-133.25755821438,-61.25615302848817,15,0.04197998401896214,-0.03202918518458347,0.08325986895141974,0.08325986895141974,15
105,-140.27287996139643,30.733482866268186,13,0.12604242374147,-0.12113746790191135,0.07254601437597541,-0.07254601437597541,22
105,-132.41320763771444,65.47449465345773,16,0.046286891579422396,-0.02828055602399958,0.10128358190702536,-0.10128358190702536,21
106,-131.96590742626344,-84.3163504548266,9,0.3111962489914954,-0.3111962489914954,0.0614884390680488,0.0614884390680488,26
106,-135.2081803310917,-60.75154488605728,14,0.3748504096025459,-0.3748504096025459,0.05825784164981618,0.05825784164981618,22
106,-137.78859591250168,35.686882492864584,9,0.7862937817133944,-0.7862937817133944,0.07465963200648788,-0.07445175800470633,20
107,-135.90058858398024,-83.86421276931388,8,0.7539816328385043,-0.7539816328385043,0.06096343082021424,0.05256687935461461,20
107,-134.211134237335,-61.43459172691941,14,0.8580531678993493,-0.8580531678993493,0.05256687935461461,0.05256687935461461,16
107,-140.74609967515553,33.04984458448196,10,0.801362982344378,-0.801362982344378,0.11341216704048232,-0.11341216704048232,19
107,-132.57530025053168,66.81186585296878,8,0.7877673976555635,-0.7877673976555635,0.09412580262231394,-0.09412580262231394,21
108,-132.12484205047937,-58.965055371857154,12,0.4854620450999663,0.4854620450999663,0.08331444671744455,0.08331444671744455,12
108,-141.57305017623145,2.5400882093668256,18,0.3921676682908283,0.3921676682908283,0.44525573311355376,0.44525573311355376,13
108,-140.3857030499606,34.481801215395926,14,0.27353614361802087,0.27353614361802087,0.15068973766277685,0.01755334680968819,18
108,-134.83885510852934,66.17478596132348,8,0.36844465121539816,0.36844465121539816,0.05547315814255001,-0.04629822569446394,22
109,-142.18482108230964,1.9826001690155541,18,0.2573836916869441,0.2573836916869441,0.04764177924115362,0.042528147732990636,13
110,-138.14157066561486,36.92454836648648,12,0.712014359192656,0.712014359192656,0.11748619821861354,-0.054209349650715305,13
110,-133.6847603141799,67.1341293949648,10,0.7599574905441464,0.7599574905441464,0.102550544842876,-0.06655816455131632,13
111,-133.27587013526306,-83.42257111987813,8,0.06443002414544048,-0.06443002414544048,0.0747408847814842,0.05101880617012807,11
111,-140.4851819607507,2.794832411708261,19,0.025837191668781945,0.003095330825169261,0.0967053550052079,-0.0967053550052079,11
112,-141.2056899099089,2.353018403043256,21,0.052128802047156884,-0.047303828965764266,0.0545775715286375,-0.012376625651949127,17
113,-141.56032199301026,2.648595816631405,19,0.06440534288136059,0.06440534288136059,0.06328388487398198,0.06328388487398198,22
114,-139.99875559179304,2.7063905482535717,17,0.03553654213638558,-0.03553654213638558,0.06801724067355192,-0.05177205815892104,14
