angle,dangle,frame,abs_all,abs_bed,abs_bed_near,abs_floor,abs_floor_near,abs_offplane,abs_offplane_near,bg_status,body_status,cl30_all_const,cl30_bed_const,cl30_bed_knn,cl30_bed_plane,cl30_floor_const,cl30_none,err_all_const,err_bed_const,err_bed_knn,err_bed_plane,err_floor_const,err_none,n_bed,n_bed_near,n_body,n_floor,n_floor_near,n_offplane,n_offplane_near,signed_bed,signed_body,signed_floor,signed_offplane
-16.298300170898436,0.21870002746582173,49,0.18930541989287994,0.10034743238383607,0.09500496810370093,0.2137867830577124,0.06300487579937306,nan,nan,OK,OK,0.107366123167077,0.08158773792188136,0.07794549127565577,0.08403077556317487,0.11732775348748448,0.07602446460814499,0.05811277115084154,0.046180707647318193,0.05001932503048236,0.04373496678249932,0.06467362001055105,0.04421107474688952,278,165,313,1415,23,0,0,0.01490436104098854,-0.002550366079055676,0.05210476936513354,nan
-15.850699520111084,0.44760065078735245,50,0.09602590387504387,0.03711895405930778,0.04027278912392104,0.10706314220055554,0.16654852840105103,0.30514108240730276,0.3091162636715653,OK,OK,0.21422092553623207,0.18656422590471589,0.19411837733265058,0.13642315880313366,0.22855844193810038,0.15389158351340515,0.06360036501107827,0.05573663864166312,0.0566877633190908,0.0461789321477779,0.07549377182423674,0.047383195820190016,164,66,225,1373,20,73,62,-0.022886720312295543,-0.009192560177179397,-0.07466685842469523,-0.00032665156318111314
-15.2975998878479,0.5530996322631836,51,0.2561427293814213,0.10146174645039031,0.0956806352429288,0.2788909928273199,0.31163431928791807,0.3457976737153443,0.41572946609569605,OK,OK,0.18612368435064094,0.16668334029430767,0.15372935185466058,0.0664957066000794,0.20766968464383276,0.11265261313306242,0.12294687386137002,0.10428808834995865,0.07540955199923946,0.03741283675833079,0.14449287415456186,0.03982111435618736,168,61,134,1328,19,78,64,-0.029653891821930328,0.02303340808323085,-0.12145946607133098,0.044917147083431676
-14.781200408935547,0.5163994789123532,52,0.2195243425578196,0.08805679837501117,0.08339553575565486,0.2363914253325585,0.2232794590062493,0.3353289866410134,0.3353289866410134,OK,OK,0.13267319456541765,0.11157389553586464,0.08765236522658099,0.0836434948195981,0.15661910013926433,0.05017373369824061,0.10209999770835934,0.08238103271255809,0.06600887349041426,0.07160051031168302,0.126045903282206,0.02825565340868688,180,80,118,1317,23,65,45,-0.035433889205992955,0.015017616961465061,-0.11102828632074095,-0.12395188985333273
-14.246399784088135,0.5348006248474118,53,0.3087641067797266,0.1330496944202487,0.12696868250951454,0.3569299525580814,0.3663807244060576,0.19408099594710526,0.2931592304866358,OK,OK,0.12730450120804254,0.09246419464063654,0.11424674419791078,0.08473145808598229,0.1485521400384744,0.06188148361951308,0.10282157627206738,0.07099896952487868,0.07177921220927452,0.04581769443383785,0.1240692151024992,0.03378098353581865,189,96,115,1320,22,54,33,0.027607383853844886,-0.006857260693514151,-0.13092647579601335,-0.0031897295982212743
-13.746200370788575,0.5001994132995602,54,0.21216743222952889,0.08981838836289005,0.08047415012257371,0.23509070607473911,0.20209570268865143,0.23538717655461064,0.3164981849124875,OK,OK,0.13586762957802023,0.10258352887387928,0.09171248847201148,0.07685730432680388,0.15723678595625828,0.06012966558137509,0.10788443476717585,0.07724480134799527,0.0677304444303651,0.055934283502574664,0.1292535911454139,0.04762532722243475,192,105,107,1340,22,59,28,-0.02206670490548649,0.016840160956976134,-0.11241343018843777,-0.047198408956572104
-13.186700248718262,0.5595001220703129,55,0.2704917133386461,0.11368208606639242,0.09590252362813573,0.3059412775098359,0.2431918048056605,0.2628235974407665,0.5590668015313742,OK,OK,0.1458329558389761,0.09313590377276176,0.06059290511594636,0.06431520377599853,0.16691811279614038,0.059667436763373397,0.10569970173167931,0.05971885463557684,0.04854863702931332,0.04681293548627165,0.1267848586888436,0.04014246849946433,191,106,100,1359,19,54,20,-0.025693273973184123,-0.007712892304044752,-0.13313915994797956,-0.042948315413885524
-12.713900279998779,0.4727999687194835,56,0.2589548683622736,0.10814142462250305,0.0906431236046995,0.2900865448584703,0.22258180150447704,0.280366555696572,0.4265780574851441,OK,OK,0.14008134550678905,0.10522497418913437,0.06948749963001506,0.07034052899681431,0.17150799116830684,0.06510238241458063,0.11903370789039718,0.08297201656969218,0.05094609181739656,0.04154601819890232,0.15046035355191495,0.04651088801245311,199,108,95,1386,17,58,27,-0.05291945948460432,0.01806450150583895,-0.13068916757974264,0.05755158571490135
-12.165500259399414,0.5484000205993649,57,0.29359017755066535,0.11486363868813794,0.09903005703772942,0.3211947804290198,0.2470520938801204,0.3016830701562337,0.43917193632765,OK,OK,0.09436003061606331,0.09601590514079483,0.1243270691416977,0.08697374571780159,0.12331210174233015,0.08800687213883768,0.06504890822172979,0.05169294138209027,0.06240328188828631,0.0541714315950023,0.08491412108299462,0.06918379055969451,179,104,77,1407,21,51,25,-0.01939984774389021,-0.04364080120226601,-0.12150881962739771,0.15001165779948772
-11.356199645996094,0.8093006134033196,58,0.33620028870964236,0.18585101376386987,0.18174115023221638,0.36219777009628756,0.2745607671566307,0.2574380795786547,0.37777811733929767,OK,OK,0.18751483083962944,0.22704456101946877,0.104255102467562,0.09470363691173425,0.20619842932534857,0.08119246834535142,0.15701194304038602,0.1965416732202253,0.08264400924110414,0.08641756353403249,0.17569554152610511,0.05139508623166591,152,89,75,1368,19,53,29,-0.11156740936710045,0.011993002265862874,-0.1584793487930975,0.15487101714433174
-10.793999862670898,0.5621997833251964,59,0.28581534729391866,0.1305075421720188,0.09951633369912768,0.32818285164293853,0.22460622022191606,0.24847355365413742,0.26859802528015986,OK,OK,0.13477584293467473,0.11263768383543796,0.048117142287839997,0.0701779495691659,0.17347338118011127,0.06887136417040847,0.09555751269647543,0.07464513023690093,0.0424540638825752,0.048485196058276586,0.13425505094191198,0.061591675938671715,195,102,66,1355,24,86,30,-0.03318316790767724,0.002761716571406835,-0.13065363059747218,0.0974928267749171
-10.29800043106079,0.49599943161010707,60,0.21307250832656144,0.10144488101902059,0.08670961399029828,0.24103372384100175,0.158740996875125,0.18132749042781438,0.39553843529390453,OK,OK,0.13041116516921017,0.12169622937887639,0.05852313378823251,0.0663699805494384,0.1566634067658082,0.068392413438987,0.08971221019398803,0.08162801542804475,0.04012809672675516,0.04097468348252595,0.1166126045304985,0.05291686515272594,203,94,60,1334,25,77,26,-0.0363288105380131,0.00979405973988532,-0.105426668555336,0.0059242107378988
-9.761999893188477,0.5360005378723134,61,0.3075332341896363,0.14823625209383035,0.1359518548647307,0.36856722565109457,0.20221978793943057,0.1224426206313253,0.09107520038901448,OK,OK,0.10149852919000663,0.10846663153471395,0.08168707553723413,0.09284663715466465,0.14495260196316112,0.08538152296393163,0.0973288229766037,0.10429692532131102,0.08206904101035628,0.05887733223520476,0.12854973149077425,0.05902428136912347,188,99,51,1337,24,109,50,-0.07981516981711213,-0.013591831359823583,-0.13649588566361293,0.0063055250660091385
-9.260799598693847,0.5012002944946303,62,0.22659812925688627,0.09623995808847086,0.07886769925276026,0.24279923419950927,0.16284119056981367,0.2988800343506247,0.5673235999343873,OK,OK,0.10842211546910985,0.08858741104707793,0.055723442453831804,0.03460177530929094,0.13553854458385314,0.04578242268793195,0.09911797300803549,0.07977951129818678,0.04323772500381595,0.03488483425052303,0.1235972684359814,0.03690844292730485,160,85,51,1463,28,52,28,-0.04264981865000819,0.015267835661775619,-0.10832943277420579,0.030232459786919227
-8.729900360107422,0.5308992385864251,63,0.3346437062435105,0.16180453929677208,0.13324338158411642,0.36501240909065147,0.19537874603334068,0.3353153658202787,0.4309446355225537,OK,OK,0.13459447226074048,0.12649401717777198,0.09700149507502966,0.08697528067304924,0.15272176961491776,0.08348100495528801,0.11411395895884405,0.10601350387587555,0.07545277836355878,0.06874190295669241,0.13224125631302133,0.07540641289367703,138,85,42,1454,30,53,29,-0.09780950429951499,0.0010033450999460077,-0.13123791121307532,0.06345417143886861
-8.232800102233886,0.4971002578735355,64,0.22701187869854603,0.11174852494858716,0.09543897185669477,0.24251846547484485,0.16037858553970352,0.5965052984436361,0.4842972561692308,OK,OK,0.10693191365312749,0.10475296235309461,0.06381521651983599,0.0634852359402921,0.11954045952422426,0.07473846109139881,0.10693191365312749,0.10475296235309461,0.06381521651983599,0.0634852359402921,0.11954045952422426,0.07473846109139881,137,88,30,1508,31,44,25,-0.07132275909780368,0.018785789011157267,-0.100754670513067,0.06691175840714941
-7.671999883651734,0.5608002185821528,65,0.28569074213559903,0.13867404024123703,0.11683699530028079,0.3026752328663661,0.1642546301147893,0.515608668597953,0.43173004570650414,OK,OK,0.16209697672225937,0.1548179999342773,0.11053739876559412,0.10428913376365055,0.16989946194419558,0.07605959113089858,0.15890150613322798,0.1516225293452459,0.1050980129850429,0.06689235458557342,0.16830248920183422,0.0660820023623668,132,81,35,1510,38,41,25,-0.09851197631011033,0.03947791067379278,-0.12302331890007304,0.06225453405584003
-7.165499973297119,0.5064999103546146,66,0.2283969531865748,0.11450761740923512,0.10902981103493437,0.24254546507915709,0.1398625756743992,0.6096013855826725,0.6641844953141242,OK,INSUFFICIENT_BODY,,,,,,,,,,,,,127,75,24,1506,35,28,17,-0.06564642196272943,,-0.09344874915852158,0.05859474857770512
-6.608699941635132,0.5568000316619868,67,0.27716571417051533,0.12937527296088092,0.11736666744220808,0.30055299611337766,0.1622046248888044,0.7242888939998218,0.5974796147621841,OK,INSUFFICIENT_BODY,,,,,,,,,,,,,140,82,26,1535,38,34,23,-0.04469673322753673,,-0.11214197258877573,0.10437179965006199
-6.11750020980835,0.4911997318267822,68,0.23376022131337823,0.12249131677603045,0.10778697392170415,0.25297226386171523,0.14136979452043869,0.35043466074396734,0.384030203647098,OK,INSUFFICIENT_BODY,,,,,,,,,,,,,136,78,18,1547,38,28,17,-0.06077835082430015,,-0.10718440986234225,-0.011965084410511225
-5.548799991607666,0.568700218200684,69,0.2878061229736027,0.14043067024230832,0.12462096928204346,0.31591862627164546,0.14227863637214877,0.37427750141700167,0.43637550165190353,OK,INSUFFICIENT_BODY,,,,,,,,,,,,,124,74,12,1482,37,28,16,-0.08921125281186612,,-0.10643843848775278,0.05912135915249671
-5.0546001434326175,0.4941998481750485,70,0.22509023996183775,0.10642220694485319,0.10072164489836234,0.24265070891001195,0.1318588518125743,0.06710178541081768,0.037757130821631846,OK,INSUFFICIENT_BODY,,,,,,,,,,,,,126,73,12,1555,43,23,17,-0.04493354576705409,,-0.10478302484350438,0.006359119843664207
-4.510299968719482,0.5443001747131353,71,0.3108840672076867,0.17290647855525965,0.15331545351578235,0.3347632849892349,0.1612200044796807,0.1320846713051638,0.0956634336589382,OK,INSUFFICIENT_BODY,,,,,,,,,,,,,112,64,9,1555,40,15,14,-0.08582751872069735,,-0.12807030621693807,-0.03094949936003146
-4.023499894142151,0.48680007457733154,72,0.2505121590202389,0.10932808369482375,0.10644381765342835,0.26928392133159706,0.12335803179393563,0.47493643604982094,0.47493643604982094,OK,INSUFFICIENT_BODY,,,,,,,,,,,,,115,69,9,1546,45,16,16,-0.0755979299844697,,-0.10209719403681115,0.020960542262636543
-3.467799997329712,0.5556998968124387,73,0.3054136331281644,0.14854047514798988,0.13349197329268397,0.33347889405174436,0.15462953480222938,0.3206658569557837,0.3206658569557837,OK,INSUFFICIENT_BODY,,,,,,,,,,,,,115,72,6,1548,45,18,18,-0.06710407639624541,,-0.1297444572648147,0.043620791181428614
-2.9673001050949095,0.5004998922348025,74,0.22820508916989915,0.10250247334771548,0.09477604419479994,0.24490266625413087,0.13457906323928834,0.43661381750862294,0.43661381750862294,OK,INSUFFICIENT_BODY,,,,,,,,,,,,,127,82,3,1558,43,21,21,-0.033149057950568536,,-0.10553059827830273,-0.05127124142475821
-2.4184000492095947,0.5489000558853148,75,0.31755825607749527,0.14857223659260582,0.1489393512057367,0.34664301929239283,0.13718907615648915,0.668987986727605,0.668987986727605,OK,INSUFFICIENT_BODY,,,,,,,,,,,,,105,64,1,1530,47,21,21,-0.09995683224753962,,-0.12353187242767172,0.668987986727605
-1.9131999731063842,0.5052000761032105,76,0.22413620610472876,0.09609243888225381,0.08969335647021698,0.2360285826877256,0.10534323099371717,0.39936530262612957,0.39936530262612957,OK,INSUFFICIENT_BODY,,,,,,,,,,,,,101,71,2,1529,50,19,19,-0.043819374012411934,,-0.09088158776585402,-0.012313483759218168
-1.3599999785423278,0.5531999945640564,77,0.3303309076092689,0.14831440990742695,0.13903111902694867,0.35149338181021594,0.1359373658689239,0.4301543510561089,0.5157383139765055,OK,INSUFFICIENT_BODY,,,,,,,,,,,,,92,64,1,1455,47,22,20,-0.09189069173014647,,-0.13482473716531107,0.13550815528389515
-0.8572999835014343,0.5026999950408935,78,0.24433093000778844,0.09485777188573957,0.09542494217353906,0.25652912899414787,0.10634773896443682,0.29129663692897545,0.29129663692897545,OK,INSUFFICIENT_BODY,,,,,,,,,,,,,103,74,3,1510,51,19,19,-0.061130362007940434,,-0.09920848701296212,-0.018418369386174922
-0.2875999972224235,0.5696999862790109,79,0.2972872064135904,0.13110798603917317,0.12582575488234074,0.3134567591888297,0.1210829092017847,0.2931427005276053,0.2931427005276053,OK,INSUFFICIENT_BODY,,,,,,,,,,,,,93,64,0,1496,48,23,23,-0.07120292058739267,,-0.12495948012657718,0.1611999768591921
0.22119998857378959,0.5087999857962131,80,0.2298464893401504,0.09840514959558473,0.09543035155799305,0.2435644964761096,0.1063724171043707,0.4040453087629467,0.4040453087629467,OK,INSUFFICIENT_BODY,,,,,,,,,,,,,90,71,0,1491,59,16,16,-0.0635136200118233,,-0.0874031848470392,-0.04459298599323199
1.117399999499321,0.8962000109255313,81,0.1965307201441802,0.0922948097558109,0.09628831067842064,0.20538614897128407,0.13648198764443387,0.3192924663978177,0.3192924663978177,OK,INSUFFICIENT_BODY,,,,,,,,,,,,,77,58,0,1479,54,15,15,0.04710562252171596,,0.02284639451831775,0.19957336884838106
1.8271000385284424,0.7097000390291215,82,1.1343347834436444,0.4812918626530999,0.4812918626530999,1.1901960450100366,0.549480298678504,0.9421968549463443,0.9421968549463443,OK,INSUFFICIENT_BODY,,,,,,,,,,,,,63,51,0,1398,49,19,19,-0.43023148562025515,,-0.28772504599189047,0.8612349958907344
2.3223000288009645,0.49519999027252215,83,0.2751721665336322,0.10765017970948511,0.10374350905142564,0.287238988115606,0.11863765499639115,0.8574563296021801,0.8574563296021801,OK,INSUFFICIENT_BODY,,,,,,,,,,,,,73,61,0,1467,64,17,17,-0.05416456613091939,,-0.11920121586637906,0.4187671362125827
2.8665000677108763,0.5442000389099118,84,0.3431303187377278,0.12340411983878763,0.12272875301630334,0.36038228162495967,0.14446146627414963,0.47830864901342485,0.47830864901342485,OK,INSUFFICIENT_BODY,,,,,,,,,,,,,66,53,0,1424,67,14,14,-0.09985397021842801,,-0.13989395606350563,0.17577095478972807
3.3686999082565308,0.5021998405456545,85,0.2625165217715378,0.09572792424351281,0.09255311440586243,0.2751732855838,0.11982975118701221,1.5001221627240549,1.5001221627240549,OK,INSUFFICIENT_BODY,,,,,,,,,,,,,62,51,0,1426,66,16,16,0.000881985020382765,,-0.11353522709663708,0.5985022661012047
3.92450008392334,0.5558001756668092,86,0.33155620524890556,0.11266571131051958,0.09697500846721341,0.34680090530822844,0.1718901877206511,1.0323656199224793,1.0323656199224793,OK,INSUFFICIENT_BODY,,,,,,,,,,,,,60,48,0,1418,67,10,10,-0.07134476096583015,,-0.1470574828436417,-0.07712367935586242
4.421000146865845,0.49650006294250515,87,0.2722899616974063,0.08499890413654188,0.0784091185814818,0.28554458155193163,0.11134421290307045,1.5586143752053931,1.5586143752053931,OK,INSUFFICIENT_BODY,,,,,,,,,,,,,52,44,0,1414,62,9,9,-0.03970445909212916,,-0.11571702710169515,-0.03144306106930217
4.982300090789795,0.5612999439239497,88,0.32121679144945237,0.11605431335957672,0.10887091301629385,0.3321619244260648,0.13015041727725063,1.4788591942873448,0.5063182468128554,OK,INSUFFICIENT_BODY,,,,,,,,,,,,,49,44,0,1385,58,3,1,-0.008876782632673823,,-0.12522777202304805,-1.4788591942873448
5.454099845886231,0.4717997550964359,89,0.2861781943108064,0.11231764941247838,0.09372348007831607,0.2957271150907468,0.13429910871509895,nan,nan,OK,INSUFFICIENT_BODY,,,,,,,,,,,,,54,46,0,1571,61,0,0,0.028489673859123526,,-0.08920157496174898,nan
6.001200151443482,0.547100305557251,90,0.31373125700976234,0.04959417618898894,0.045573021581100666,0.402630661040884,0.14759584861415692,0.10709133649032769,0.09517682422943047,OK,INSUFFICIENT_BODY,,,,,,,,,,,,,194,153,0,1201,65,42,33,-0.0293148531741255,,-0.1192637239889776,-0.10454553301382263
6.4971999168396,0.49599976539611834,91,0.21684013564261645,0.03725812902824844,0.03381646335760945,0.2754829032183204,0.11737809305229448,0.09624861378573787,0.08826273656518024,OK,INSUFFICIENT_BODY,,,,,,,,,,,,,208,169,0,1193,60,41,34,0.0062962238350718226,,-0.09911003966995144,-0.09624861378573787
7.066100072860718,0.568900156021118,92,0.31472887939548905,0.08505700826697804,0.07980996429795789,0.3213512739774126,0.14807040454075907,0.2151167345943243,0.2151167345943243,OK,INSUFFICIENT_BODY,,,,,,,,,,,,,39,33,0,1395,60,1,1,-0.06911702453384166,,-0.11871386899979135,0.2151167345943243
7.5690999031066895,0.5029998302459715,93,0.27610548220136855,0.10644542015333985,0.08841736678249996,0.2816685462478773,0.14545860731423088,2.5608075881423877,2.5608075881423877,INSUFFICIENT_BACKGROUND,INSUFFICIENT_BODY,,,,,,,,,,,,,31,23,0,1366,61,1,1,-0.07638350505212807,,-0.09760094631451471,2.5608075881423877
8.132200050354005,0.5631001472473152,94,0.3293013476472713,0.10563361854288889,0.0931843081530448,0.3362089475102642,0.1583410640808709,0.48848719484041647,0.48848719484041647,INSUFFICIENT_BACKGROUND,INSUFFICIENT_BODY,,,,,,,,,,,,,29,25,0,1315,62,2,2,-0.1049749888047989,,-0.1418693857051074,0.48848719484041647
8.618299770355225,0.4860997200012207,95,0.2990439601713357,0.09867978395298525,0.07842069582709685,0.30134440248054634,0.1296661924237409,1.529974182051078,1.529974182051078,INSUFFICIENT_BACKGROUND,INSUFFICIENT_BODY,,,,,,,,,,,,,23,18,0,1249,60,2,2,-0.09867978395298525,,-0.10809361801209624,0.2158458551870407
9.183299541473389,0.5649997711181634,96,0.3113080974854312,nan,nan,0.3128310990909695,0.13108078406869578,0.10734736764996033,0.06323119625712637,INSUFFICIENT_BACKGROUND,INSUFFICIENT_BODY,,,,,,,,,,,,,0,0,0,1126,45,6,4,nan,,-0.17674827515670283,-0.107266907747044
9.670600128173827,0.48730058670043874,97,0.32564623380802904,0.1550300076207961,0.11752143946023515,0.32836333601053297,0.15063841185442878,0.16715523777197303,0.21991280226825177,INSUFFICIENT_BACKGROUND,INSUFFICIENT_BODY,,,,,,,,,,,,,16,13,0,1181,60,2,1,-0.1550300076207961,,-0.15882675838323035,-0.16715523777197303
10.231199645996094,0.5605995178222667,98,0.3636888445972156,0.10099798761449322,0.09993336385905993,0.36945050481426517,0.1784690176758247,0.22221679353184443,0.11694410580316968,INSUFFICIENT_BACKGROUND,INSUFFICIENT_BODY,,,,,,,,,,,,,16,15,0,1117,64,3,2,-0.10099798761449322,,-0.15831993975576644,-0.011671418074494937
10.721199893951416,0.49000024795532227,99,0.31261140438905166,0.1393760941853073,0.13368547071876227,0.31875894726180487,0.18461112966452123,0.1462229370654731,0.1462229370654731,INSUFFICIENT_BACKGROUND,INSUFFICIENT_BODY,,,,,,,,,,,,,12,11,0,1103,61,3,3,-0.1393760941853073,,-0.12117470549143111,0.1462229370654731
11.259799671173095,0.5385997772216786,100,0.414804928691747,0.09167364525031427,0.09167364525031427,0.4192838439587069,0.21029578089890305,0.5060405948650475,nan,INSUFFICIENT_BACKGROUND,INSUFFICIENT_BODY,,,,,,,,,,,,,14,12,0,1098,60,1,0,-0.07137444251382671,,-0.1644328746847781,-0.5060405948650475
11.743499755859375,0.48370008468628,101,0.32899681750378684,0.10751022368276274,0.10751022368276274,0.3323397226700502,0.17538741728824886,0.4256103669491076,nan,INSUFFICIENT_BACKGROUND,INSUFFICIENT_BODY,,,,,,,,,,,,,12,12,0,1100,59,1,0,-0.04900423555751453,,-0.14919321877655317,-0.4256103669491076
12.2907000541687,0.5472002983093258,102,0.4037738529151579,0.09533141344447178,0.10121827899137409,0.4090327600084044,0.19568713069638816,0.5254260933939406,nan,INSUFFICIENT_BACKGROUND,INSUFFICIENT_BODY,,,,,,,,,,,,,9,8,0,1116,57,1,0,-0.07437796103814825,,-0.15691534506753974,-0.5254260933939406
12.792199993133545,0.5014999389648445,103,0.28464805680952066,nan,nan,0.28481353377593294,0.14472471857317903,0.0969880772645192,0.08997232225586825,INSUFFICIENT_BACKGROUND,INSUFFICIENT_BODY,,,,,,,,,,,,,0,0,0,1491,69,6,3,nan,,-0.06538162386531192,-0.0969880772645192
13.337900352478027,0.5457003593444814,104,0.3742153043935714,nan,nan,0.37437975961203135,0.2068809895388021,0.09505691834526503,0.1092722212572502,INSUFFICIENT_BACKGROUND,INSUFFICIENT_BODY,,,,,,,,,,,,,0,0,2,1513,61,2,1,nan,,-0.11403880942139094,0.014215302911985174
13.861600017547607,0.5236996650695804,105,0.257950245614202,nan,nan,0.25808157803473586,0.13077258032358946,0.07226105880753256,0.12257286015997315,INSUFFICIENT_BACKGROUND,INSUFFICIENT_BODY,,,,,,,,,,,,,0,0,0,1507,64,2,1,nan,,-0.08951285658412983,0.0503118013524406
14.404599857330322,0.5429998397827145,106,0.29099538516324436,0.04779542882157435,0.04823298176566039,0.3491814854429371,0.17839772553069955,0.12387475124205466,0.4026647573406711,OK,INSUFFICIENT_BODY,,,,,,,,,,,,,98,84,0,875,61,5,2,-0.04324502545319861,,-0.14900326296928768,-0.08390667361741379
14.894700145721435,0.49010028839111364,107,0.23426052969684713,0.08080135792700822,0.077031017390789,0.27437191101326,0.17109482971978165,0.28854919110619676,0.30536845081787684,OK,INSUFFICIENT_BODY,,,,,,,,,,,,,93,80,2,858,66,8,4,-0.08080135792700822,,-0.11422196797048409,-0.2456839991210534
15.455799674987793,0.5610995292663574,108,0.27215758232331116,0.05162823074975065,0.03598267222256353,0.3149757229688366,0.17362547993864624,0.33425189228765384,0.3426981279740504,OK,INSUFFICIENT_BODY,,,,,,,,,,,,,104,77,2,810,62,11,6,-0.017510526153907503,,-0.1279488514986455,-0.08263654761513765
15.947399806976318,0.49160013198852504,109,0.23570925294588135,0.03744861805247913,0.03656637110934204,0.26661149011862206,0.1546402514561378,0.20004860673310826,0.20004860673310826,OK,INSUFFICIENT_BODY,,,,,,,,,,,,,91,68,3,789,67,9,5,0.02313787196234504,,-0.11069695432026401,-0.14068036450610677
16.505300331115723,0.5579005241394057,110,0.27630117597483306,0.0356080050452466,0.03274289930026597,0.3261143809766651,0.17941220655220225,0.3021907648293094,0.19669030465247392,OK,INSUFFICIENT_BODY,,,,,,,,,,,,,88,78,14,760,67,24,7,-0.008020109860585909,,-0.1404359796980999,-0.20890762256364373
17.00220069885254,0.4969003677368171,111,0.24782265770382844,0.043081682499257,0.030487246707560554,0.279751517259438,0.16813929860160653,0.32252216856004606,0.19284746774915995,OK,INSUFFICIENT_BODY,,,,,,,,,,,,,115,83,13,728,70,21,8,-0.03080215553711967,,-0.1340713704220714,0.09974509107334044
17.265899848937988,0.2636991500854471,112,0.3575679201183102,0.055332573465083024,0.04226195638594127,0.4011342279224362,0.23784716863150718,0.7354402036804306,0.489640279443453,OK,INSUFFICIENT_BODY,,,,,,,,,,,,,140,95,2,701,65,15,10,-0.039982052637921414,,-0.18307725340718847,0.7354402036804306
16.590600395202635,-0.6752994537353523,113,0.8572993564807354,0.15301012546928378,0.1126229545986995,1.00636861402958,0.666172350219851,nan,nan,OK,OK,0.2134505408815748,0.15935862270907186,0.11132945790996882,0.2236363313408627,0.47834038018447145,0.18779746110362114,0.09813715048733818,0.14561800628205843,0.07085883825496184,0.1821899960343983,0.3157022032063591,0.128806439506164,156,108,55,725,63,0,0,-0.03761001270193179,-0.012557368875451135,0.303144834330908,nan
16.51300048828125,-0.0775999069213853,114,0.13125303090187157,0.2058269168204145,0.06410940983764365,0.12796157455923826,0.07786882125187694,nan,nan,INSUFFICIENT_BACKGROUND,OK,0.07246017287662238,0.11751925213430278,0.11751925213430278,0.192535781049872,0.0711175915611516,0.05540157124825394,0.036193899178245725,0.08233134547336338,0.08233134547336338,0.09291106074819014,0.034851317862774955,0.03371242992670245,44,8,218,1186,74,0,0,0.16051185401382734,0.01822193563571973,0.04465400960235197,nan
