frame,phase,exposure,angle,dangle,t_req_a,t_sav_a,ab_a,aa_a,t_req_b,t_sav_b,ab_b,aa_b,n_body,n_bg,n_body_detected,fb_med_body,fb_p90_body,body_flow,same_angle,static_med,static_cl,affine_med,affine_cl,epi_img_med,epi_img_cl,epi_enc_med,epi_enc_cl,epi_enc_cl16,epi_enc_cl30,epi_enc_bg,epi_sens_px_per_deg,motion_mm,candidate_raw,accel_guard,motion_state,geometry_state,state,label,alarm_confirmed,alarm_any,alarm,n_bed,epi_bed,n_offplane,epi_offplane,n_floor,epi_floor,n_bed_near,epi_bed_near
2,approach,False,-0.3269999921321869,0.0,0.0,0.18,-0.3269999921321869,-0.3269999921321869,0.289,0.455,-0.3269999921321869,-0.3269999921321869,510,1708,510,0.004814280662685633,0.013992859050631523,0.03706669429313231,True,0.028204575301367992,0.06355372472475704,nan,nan,nan,nan,nan,nan,nan,nan,nan,nan,0.14189323539312512,False,False,NO_MOTION,NOT_CHECKED,NO_MOTION/NOT_CHECKED,no motion; geometry not checked,False,False,False,,,,,,,,
3,approach,False,-0.3269999921321869,0.0,0.289,0.455,-0.3269999921321869,-0.3269999921321869,0.523,0.673,-0.3269999921321869,-0.3269999921321869,514,1730,514,0.004659155383706093,0.012718521058559418,0.030738674659579725,True,0.023039013969387862,0.048790548189172,nan,nan,nan,nan,nan,nan,nan,nan,nan,nan,0.10893222653980747,False,False,NO_MOTION,NOT_CHECKED,NO_MOTION/NOT_CHECKED,no motion; geometry not checked,False,False,False,,,,,,,,
4,approach,False,-0.3269999921321869,0.0,0.523,0.673,-0.3269999921321869,-0.3269999921321869,0.788,0.942,-0.3269999921321869,-0.3269999921321869,516,1712,516,0.004402498714625835,0.012653391808271408,0.040585157311292294,True,0.03316595936465156,0.06172019577930753,nan,nan,nan,nan,nan,nan,nan,nan,nan,nan,0.13779960665014399,False,False,NO_MOTION,NOT_CHECKED,NO_MOTION/NOT_CHECKED,no motion; geometry not checked,False,False,False,,,,,,,,
5,approach,False,-0.3269999921321869,0.0,0.788,0.942,-0.3269999921321869,-0.3269999921321869,1.012,1.172,-0.3269999921321869,-0.3269999921321869,514,1782,514,0.005182106047868729,0.014319528825581074,0.0620782423723478,True,0.059241087038557745,0.09529419172429067,nan,nan,nan,nan,nan,nan,nan,nan,nan,nan,0.21275859497602506,False,False,NO_MOTION,NOT_CHECKED,NO_MOTION/NOT_CHECKED,no motion; geometry not checked,False,False,False,,,,,,,,
6,approach,False,-0.3269999921321869,0.0,1.012,1.172,-0.3269999921321869,-0.3269999921321869,1.265,1.441,-0.3269999921321869,-0.3269999921321869,519,1822,519,0.004900803789496422,0.014156496152281761,0.060444799225204945,True,0.0588012274314748,0.10471191548385275,nan,nan,nan,nan,nan,nan,nan,nan,nan,nan,0.2337850776891998,False,False,NO_MOTION,NOT_CHECKED,NO_MOTION/NOT_CHECKED,no motion; geometry not checked,False,False,False,,,,,,,,
7,approach,False,-0.3269999921321869,0.0,1.265,1.441,-0.3269999921321869,-0.3269999921321869,1.529,1.671,-0.3269999921321869,-0.3269999921321869,502,1776,502,0.004494518972933292,0.012811197899281979,0.0321699387929148,True,0.021635177496153193,0.05308262917734535,nan,nan,nan,nan,nan,nan,nan,nan,nan,nan,0.11851494196079679,False,False,NO_MOTION,NOT_CHECKED,NO_MOTION/NOT_CHECKED,no motion; geometry not checked,False,False,False,,,,,,,,
8,approach,False,-0.3314999878406525,-0.004499995708465598,1.529,1.671,-0.3269999921321869,-0.3269999921321869,1.765,1.952,-0.3269999921321869,-0.3319999873638153,507,1802,507,0.004834122955799103,0.013075034134089947,0.025846866585110005,True,0.017422862074684253,0.03757294855698459,nan,nan,nan,nan,nan,nan,nan,nan,nan,nan,0.08388725062298663,False,False,NO_MOTION,NOT_CHECKED,NO_MOTION/NOT_CHECKED,no motion; geometry not checked,False,False,False,,,,,,,,
9,approach,False,-0.5068999946117401,-0.17540000677108758,1.765,1.952,-0.3269999921321869,-0.3319999873638153,2.044,2.175,-0.39800000190734863,-0.5189999938011169,511,1822,511,0.006512768566608429,0.0173970814794302,0.13254524442789936,False,nan,nan,0.28903777885440246,0.3508500255205738,0.0727686654403113,0.12652715196434167,0.0627341259656522,0.13310771147825934,0.1258423796928109,0.12002200836267837,0.0530199946148608,0.03294112427891266,0.28096201255734204,False,False,NO_MOTION,VERIFIED,NO_MOTION/VERIFIED,no motion; geometry verified by background,False,False,False,644,0.0264000918840623,0,nan,1178,0.0848683809615686,536,0.02523780370540383
10,approach,False,-0.9168000221252441,-0.4099000275135041,2.044,2.175,-0.39800000190734863,-0.5189999938011169,2.281,2.446,-0.6449999809265137,-0.9470000267028809,505,1786,508,0.008272121660411358,0.023683132603764534,0.5953998320688874,False,nan,nan,1.136281579254667,1.4484914750551927,0.04591372437170599,0.17946094765700132,0.03964506217597146,0.09241884262794973,0.07536778118142909,0.06581165696340291,0.04582094380598152,0.03179309303151051,0.16826989075068638,False,False,NO_MOTION,VERIFIED,NO_MOTION/VERIFIED,no motion; geometry verified by background,False,False,False,529,0.027163263413173794,83,0.23733248929730613,1174,0.057446933760381944,433,0.02431597249189128
11,approach,False,-1.3974999904632568,-0.48069996833801265,2.281,2.446,-0.6449999809265137,-0.9470000267028809,2.529,2.677,-1.0959999561309814,-1.430999994277954,506,1669,516,0.009090562351047993,0.02604459412395954,0.8359057755529739,False,nan,nan,0.8909796830140454,1.051641414509338,0.1730007763535325,0.26322943571462837,0.027491516072845112,0.08596902613265,0.08257721788438925,0.07321355667549034,0.0952314455546408,0.03252639443050674,0.1843660409539249,False,False,NO_MOTION,VERIFIED,NO_MOTION/VERIFIED,no motion; geometry verified by background,False,False,False,523,0.03726666306520233,89,0.20096159519528953,1057,0.15057459365333303,435,0.032101267966401795
12,approach,False,-1.960099983215332,-0.5625999927520753,2.529,2.677,-1.0959999561309814,-1.430999994277954,2.778,2.945,-1.628000020980835,-1.996999979019165,498,1646,510,0.008865075185894966,0.023741379380226135,1.072380038435044,False,nan,nan,1.1893452465533254,1.3571913904938393,0.04150297747074469,0.14786755394477716,0.022554898016998615,0.08374236126826373,0.05499391451149853,0.04816600306695229,0.14300090657235953,0.032139420918295206,0.12278217351955986,False,False,NO_MOTION,VERIFIED,NO_MOTION/VERIFIED,no motion; geometry verified by background,False,False,False,511,0.06544079699090508,110,0.2565701525955062,1025,0.2423444570491615,413,0.05311426608034004
13,approach,False,-2.4465999841690063,-0.4865000009536742,2.778,2.945,-1.628000020980835,-1.996999979019165,3.046,3.175,-2.200000047683716,-2.4739999771118164,495,1662,502,0.007349859457463026,0.02476397156715393,0.895645882759032,False,nan,nan,0.9084176944920738,1.1087945936953751,0.17386765500432086,0.23255428394319033,0.02010471003717987,0.07253895979047292,0.05011867053395964,0.041205452050647365,0.12027962076114675,0.031574861048276615,0.11189745914129513,False,False,NO_MOTION,VERIFIED,NO_MOTION/VERIFIED,no motion; geometry verified by background,False,False,False,549,0.05509700005065152,100,0.16667317524433312,1013,0.19968667493555345,447,0.04615389915280951
14,approach,False,-2.9944000482559203,-0.5478000640869141,3.046,3.175,-2.200000047683716,-2.4739999771118164,3.279,3.44,-2.683000087738037,-3.0290000438690186,495,1655,504,0.008611420169472694,0.02208608388900757,1.0225036182339218,False,nan,nan,0.9672177716550447,1.1622092270563664,0.2199443712064385,0.28177519449063854,0.02688468157860701,0.09336514433573254,0.05530630312736386,0.04976498553607653,0.14208610570279506,0.03067454753434548,0.12347962802119734,False,False,NO_MOTION,VERIFIED,NO_MOTION/VERIFIED,no motion; geometry verified by background,False,False,False,509,0.0619588580237343,109,0.241515582324165,1037,0.24328899478256608,413,0.051995263117334004
15,approach,False,-3.4958999395370483,-0.5014998912811279,3.279,3.44,-2.683000087738037,-3.0290000438690186,3.545,3.672,-3.243000030517578,-3.5239999294281006,499,1680,507,0.008391223847866058,0.023676596581935883,0.9038519388078032,False,nan,nan,1.0771261654961732,1.2334169266405262,0.12703047571323633,0.2195163405685766,0.02218722480672886,0.10458580913627272,0.0684692916060783,0.05684370122503994,0.12630461957704925,0.03149287457504018,0.1528679767100611,False,False,NO_MOTION,VERIFIED,NO_MOTION/VERIFIED,no motion; geometry verified by background,False,False,False,551,0.0550608287598466,99,0.3301760226085928,1030,0.20418133838960245,453,0.047472023572892666
16,approach,False,-4.056099915504456,-0.5601999759674077,3.545,3.672,-3.243000030517578,-3.5239999294281006,3.743,3.944,-3.6610000133514404,-4.099999904632568,499,1687,507,0.008999425917863846,0.02337067760527134,1.0377162162283218,False,nan,nan,0.9559132012785102,1.1493489455164436,0.03630359303541071,0.10939465448315139,0.021153856758326088,0.057432079553507154,0.05282914750554914,0.03535881623820186,0.1324561420924633,0.030079033920635267,0.11794900605885252,False,False,NO_MOTION,VERIFIED,NO_MOTION/VERIFIED,no motion; geometry verified by background,False,False,False,545,0.06507652788923532,104,0.34309802423876734,1038,0.22899623183961051,444,0.05471007136585783
17,approach,False,-4.541799926757813,-0.48570001125335693,3.743,3.944,-3.6610000133514404,-4.099999904632568,4.058,4.175,-4.315000057220459,-4.566999912261963,495,1705,500,0.007397601846605539,0.020630182698369026,0.9000587594912344,False,nan,nan,0.9383388333123056,1.121092595658153,0.022644060112529014,0.09523033587451209,0.020541285987428423,0.11408549999108215,0.045883984482026866,0.04111814534176743,0.12176674600672938,0.03044439508189209,0.10244288653543789,False,False,NO_MOTION,VERIFIED,NO_MOTION/VERIFIED,no motion; geometry verified by background,False,False,False,597,0.055511953303745705,85,0.29880016218250555,1023,0.2150574234672117,483,0.0440682791442772
18,approach,False,-5.100999784469605,-0.5591998577117918,4.058,4.175,-4.315000057220459,-4.566999912261963,4.32,4.439,-4.857999801635742,-5.127999782562256,502,1685,509,0.008489523082971573,0.024931641295552254,1.0365002734493385,False,nan,nan,0.9700423977083321,1.140992478350166,0.08593467252422969,0.1655157212809215,0.020970972379139016,0.12023582995152006,0.05999345753081817,0.04777580581942317,0.13494108805779667,0.031756127068193654,0.13394440417670392,False,False,NO_MOTION,VERIFIED,NO_MOTION/VERIFIED,no motion; geometry verified by background,False,False,False,570,0.05678496636334884,94,0.2828260438449953,1021,0.23354957598836085,452,0.048219510268204036
19,approach,False,-5.591100025177002,-0.4901002407073971,4.32,4.439,-4.857999801635742,-5.127999782562256,4.554,4.675,-5.348999977111816,-5.618000030517578,490,1721,494,0.00887281633913517,0.022486230358481407,0.9062517014905833,False,nan,nan,0.9780808226331417,1.1392956658096542,0.025394177965276946,0.17105744216440477,0.020509745952192085,0.1395665441678136,0.06155158986292643,0.04701122656319008,0.12638103300722484,0.03073623849463209,0.13742316861940151,False,False,NO_MOTION,VERIFIED,NO_MOTION/VERIFIED,no motion; geometry verified by background,False,False,False,602,0.058082689948293076,90,0.41029382014117655,1029,0.20859285428028745,477,0.0479757949797685
20,approach,False,-6.151700162887574,-0.5606001377105718,4.554,4.675,-5.348999977111816,-5.618000030517578,4.778,4.944,-5.824999809265137,-6.188000202178955,508,1694,509,0.008145677857100964,0.023241817951202393,1.0355876024952535,False,nan,nan,1.0482383017626598,1.2341344887662955,0.03997941830160191,0.26854787436699235,0.021433674603485258,0.230649878227086,0.10001458278323697,0.038261800525691295,0.1383036421366137,0.032582418893075324,0.22329757695663202,False,False,NO_MOTION,VERIFIED,NO_MOTION/VERIFIED,no motion; geometry verified by background,False,False,False,562,0.05763493200994649,103,0.35450638108059335,1029,0.22914179148614133,447,0.04510115610737883
21,approach,False,-6.629799842834473,-0.47809967994689906,4.778,4.944,-5.824999809265137,-6.188000202178955,5.034,5.172,-6.357999801635742,-6.659999847412109,485,1747,486,0.00716220960021019,0.024186983704566956,0.8877319530383173,False,nan,nan,0.9079366116313584,1.0810132746249472,0.12001504108311944,0.26170734711349053,0.0206580202613672,0.1620586603164217,0.0957493247549779,0.04296522807598012,0.12403974116522014,0.029919026652995562,0.213774747822112,False,False,NO_MOTION,VERIFIED,NO_MOTION/VERIFIED,no motion; geometry verified by background,False,False,False,602,0.051868837452706325,104,0.4362476140955184,1041,0.21134450684229975,482,0.04402182298824997
22,approach,False,-7.188599872589111,-0.5588000297546385,5.034,5.172,-6.357999801635742,-6.659999847412109,5.274,5.441,-6.8520002365112305,-7.22599983215332,498,1702,504,0.0079807722941041,0.021680399775505066,1.0537118583767948,False,nan,nan,1.0039503711905282,1.2069831569685427,0.16466708138243108,0.26708125438460995,0.024626749429107475,0.09297709146049137,0.05317534986208962,0.04558834527331143,0.14585154662991157,0.030534575112902973,0.11872195481493253,False,False,NO_MOTION,VERIFIED,NO_MOTION/VERIFIED,no motion; geometry verified by background,False,False,False,583,0.06686530614322872,92,0.24735688649015947,1027,0.25717198025078364,453,0.05371952735610178
23,approach,False,-7.683199834823609,-0.4945999622344974,5.274,5.441,-6.8520002365112305,-7.22599983215332,5.51,5.676,-7.3520002365112305,-7.71999979019165,499,1712,501,0.009184523485600948,0.022823583334684372,0.9117146379417106,False,nan,nan,0.9696112780853088,1.1820405671598624,0.19576793136134202,0.33500716891938437,0.0233444567154619,0.15670602013011037,0.12249410682474375,0.05399741404826057,0.12033241819220614,0.031179705215251957,0.2734864905122274,False,False,NO_MOTION,VERIFIED,NO_MOTION/VERIFIED,no motion; geometry verified by background,False,False,False,576,0.0545087730737805,90,0.35406693344932444,1046,0.20154213498357085,464,0.045736220738260905
24,approach,False,-8.248800230026244,-0.5656003952026358,5.51,5.676,-7.3520002365112305,-7.71999979019165,5.773,5.945,-7.914000034332275,-8.28600025177002,480,1720,485,0.008463149890303612,0.02288832515478134,1.0378305232393137,False,nan,nan,1.1105167794778923,1.2704376870858023,0.029128834066536345,0.1650452948162946,0.02268439439547859,0.06755804727314368,0.049739494260805386,0.04315307107126242,0.14350419898633693,0.03141072729068151,0.11105089116412029,False,False,NO_MOTION,VERIFIED,NO_MOTION/VERIFIED,no motion; geometry verified by background,False,False,False,567,0.05813305359804083,103,0.47039212644665224,1050,0.22321505826102356,444,0.05069905823289986
25,approach,False,-8.79049997329712,-0.5416997432708754,5.773,5.945,-7.914000034332275,-8.28600025177002,6.023,6.199,-8.4350004196167,-8.829999923706055,492,1744,494,0.00853646919131279,0.022957144305109978,0.9030101167387965,False,nan,nan,0.8749424027332311,1.0750184009619863,0.03314784970220831,0.1615008449057544,0.022570259935439034,0.16423491248979577,0.13832593854787015,0.05082589774455504,0.09236346230317694,0.030614431632272014,0.3088334325698789,False,False,NO_MOTION,VERIFIED,NO_MOTION/VERIFIED,no motion; geometry verified by background,False,False,False,592,0.04218700410333629,101,0.6017759086785787,1051,0.14345244121933232,456,0.035708623062132024
26,approach,False,-9.293800354003906,-0.5033003807067864,6.023,6.199,-8.4350004196167,-8.829999923706055,6.298,6.442,-9.022000312805176,-9.324000358581543,489,1700,499,0.008985341526567936,0.026635266840457916,1.041705668295471,False,nan,nan,1.1227495305798831,1.3326807469820063,0.030652385535512156,0.19603049768292452,0.02710452085563401,0.12045118836679136,0.1074584546690365,0.07464848390012363,0.18881906495587447,0.02967037089315172,0.23991713891468305,False,False,NO_MOTION,VERIFIED,NO_MOTION/VERIFIED,no motion; geometry verified by background,False,False,False,566,0.07282016373294604,107,0.6668228917741947,1027,0.3121841998631216,445,0.06471950887310572
27,approach,False,-9.77180004119873,-0.4779996871948242,6.298,6.442,-9.022000312805176,-9.324000358581543,6.532,6.674,-9.5,-9.802000045776367,488,1764,493,0.0075895702466368675,0.023293355479836464,0.8925945127613129,False,nan,nan,0.9050315508178848,1.093663671469828,0.11535584307354504,0.1964491417508979,0.019359048924196334,0.1894462836442633,0.17114757391244506,0.09974700216401172,0.13420688573963832,0.029747632167608305,0.3821126629051982,False,False,NO_MOTION,VERIFIED,NO_MOTION/VERIFIED,no motion; geometry verified by background,False,False,False,587,0.05945761712280473,124,0.43012347157543035,1053,0.22801972239953877,458,0.054430739866576816
28,approach,False,-10.321300315856934,-0.5495002746582038,6.532,6.674,-9.5,-9.802000045776367,6.781,6.944,-10.0,-10.357000350952148,471,1735,482,0.00819611456245184,0.025002986192703247,1.024354351520308,False,nan,nan,0.9414039530788191,1.1292312684910217,0.0646569310769938,0.15831935711454959,0.021789471617296063,0.18376802497250433,0.09562171855311077,0.04342583241943597,0.15196615692115034,0.026831570155140747,0.21348984781164732,False,False,NO_MOTION,VERIFIED,NO_MOTION/VERIFIED,no motion; geometry verified by background,False,False,False,574,0.05178521853299846,123,0.3756057790420055,1038,0.25037535668917815,462,0.04637029804553504
29,approach,False,-10.80939998626709,-0.4880996704101559,6.781,6.944,-10.0,-10.357000350952148,7.028,7.176,-10.515999794006348,-10.842000007629395,481,1769,489,0.00818514171987772,0.02261354587972164,0.9039096690151145,False,nan,nan,0.8803785329086449,1.0504886076244289,0.024909212012608314,0.15907895148351803,0.02028019029375011,0.11689862549979263,0.08327208046159901,0.0367889906157811,0.13522278310037633,0.028449469215520162,0.1859174260168918,False,False,NO_MOTION,VERIFIED,NO_MOTION/VERIFIED,no motion; geometry verified by background,False,False,False,598,0.05081917674472619,118,0.3880477610509606,1053,0.22610760224725973,467,0.04419458029726643
30,approach,False,-11.355699825286866,-0.5462998390197757,7.028,7.176,-10.515999794006348,-10.842000007629395,7.278,7.439,-11.038000106811523,-11.390999794006348,478,1746,486,0.008082514628767967,0.025885876268148422,1.0376030004911843,False,nan,nan,0.9748903878378734,1.2289349437507906,0.056519448149861436,0.2158742961326911,0.023443689488987545,0.17906359130474986,0.11633503617220575,0.06976370559035779,0.15938939641425984,0.02954487211590381,0.259735440267913,False,False,NO_MOTION,VERIFIED,NO_MOTION/VERIFIED,no motion; geometry verified by background,False,False,False,577,0.060899197840829714,121,0.43665190509141905,1048,0.26755165287210403,456,0.058049466946606586
31,approach,False,-11.850800132751464,-0.49510030746459854,7.278,7.439,-11.038000106811523,-11.390999794006348,7.541,7.672,-11.588000297546387,-11.880000114440918,482,1796,488,0.007764579262584448,0.02285367250442505,0.8950546474627262,False,nan,nan,0.9476536018043231,1.130951930382089,0.05500439239646962,0.24140543266261633,0.02056772175599622,0.20041399191101172,0.18639278175226903,0.09754035516253594,0.13011827341650628,0.027266751719697904,0.4161498790400788,False,False,NO_MOTION,VERIFIED,NO_MOTION/VERIFIED,no motion; geometry verified by background,False,False,False,613,0.05227241521026676,102,0.33919689355714305,1081,0.21570805337906343,478,0.04855422278701656
32,approach,False,-12.439100170135498,-0.5883000373840339,7.541,7.672,-11.588000297546387,-11.880000114440918,7.778,7.945,-12.097999572753906,-12.47700023651123,490,1777,495,0.007058504968881607,0.023209843784570694,1.0310809239071568,False,nan,nan,0.8430231750713604,1.0977902967405027,0.024379977135761066,0.12625985901297698,0.02013873790051833,0.14479589900956363,0.06244277742762917,0.03884002420831169,0.13605823459798075,0.027959459675079602,0.13941287870241312,False,False,NO_MOTION,VERIFIED,NO_MOTION/VERIFIED,no motion; geometry verified by background,False,False,False,589,0.05210402464363915,112,0.40146671731032224,1076,0.22746697458901127,459,0.04911603387215449
33,approach,False,-13.18660011291504,-0.747499942779541,7.778,7.945,-12.097999572753906,-12.47700023651123,8.054,8.313,-12.696999549865723,-13.241000175476074,476,1686,496,0.008236025460064411,0.02572743222117424,1.4387199785766063,False,nan,nan,1.2164109611299754,1.479815839509687,0.14386993324918423,0.3448935817884802,0.023679883409485968,0.22753183370686114,0.15144367787442076,0.06743306885245319,0.22980153064502154,0.02807216266314999,0.33812075573070116,False,False,NO_MOTION,VERIFIED,NO_MOTION/VERIFIED,no motion; geometry verified by background,False,False,False,536,0.08004001840205174,119,0.39332231508913285,1031,0.4032021126132119,406,0.07325278852555618
34,approach,False,-13.751699924468994,-0.5650998115539547,8.054,8.313,-12.696999549865723,-13.241000175476074,8.397,8.577,-13.406999588012695,-13.789999961853027,470,1793,482,0.008307874202728271,0.02604653872549534,1.0639778099915276,False,nan,nan,1.0858878866937132,1.2679848506472535,0.09470246989093302,0.21451529386177212,0.0265932691454522,0.18030413980431045,0.07745278309815602,0.05425925405187354,0.15023797746780881,0.02860275537077555,0.17292497067002283,False,False,NO_MOTION,VERIFIED,NO_MOTION/VERIFIED,no motion; geometry verified by background,False,False,False,622,0.04965813563257325,128,0.3242358302423742,1043,0.2544025167696337,495,0.04809911268939721
35,approach,False,-14.261499691009522,-0.509799766540528,8.397,8.577,-13.406999588012695,-13.789999961853027,8.64,8.817,-13.906000137329102,-14.300999641418457,477,1787,483,0.007476806640625,0.0235345009714365,0.9364349910263166,False,nan,nan,0.8658522691016208,1.2279432791510638,0.031607062780789265,0.14774214196086838,0.023537127007610455,0.13604179981625147,0.07644430826639434,0.04906297077040046,0.11558117767326315,0.030035523725998724,0.17067339914827595,False,False,NO_MOTION,VERIFIED,NO_MOTION/VERIFIED,no motion; geometry verified by background,False,False,False,623,0.048290061436772974,118,0.32017758819079417,1046,0.19486273441226976,475,0.04498740646798167
36,approach,False,-14.794799900054931,-0.5333002090454091,8.64,8.817,-13.906000137329102,-14.300999641418457,8.915,9.078,-14.477999687194824,-14.829999923706055,489,1766,498,0.00821603275835514,0.02664066292345524,1.1072833204959092,False,nan,nan,0.952816533313453,1.2659435759721842,0.05914597073298084,0.21606666385868892,0.02277229827131242,0.1629618308804221,0.14115282511402383,0.07445234057062919,0.16688967578078034,0.02780758181077446,0.315144881390512,False,False,NO_MOTION,VERIFIED,NO_MOTION/VERIFIED,no motion; geometry verified by background,False,False,False,594,0.06089314229044192,125,0.34558040630980846,1047,0.28850918055975033,460,0.05761777361495629
37,approach,False,-15.272399711608887,-0.47759981155395614,8.915,9.078,-14.477999687194824,-14.829999923706055,9.174,9.308,-15.015000343322754,-15.300999641418457,479,1786,487,0.009023351594805717,0.02492729388177395,0.9331524451409563,False,nan,nan,0.847818321977866,1.2523516854304293,0.03086966809817176,0.19048072367708802,0.02387529188744686,0.16326156056689367,0.0747039976260859,0.06067974533208177,0.13413133330611163,0.029363872768266297,0.16678789427170257,False,False,NO_MOTION,VERIFIED,NO_MOTION/VERIFIED,no motion; geometry verified by background,False,False,False,627,0.05315895841727102,124,0.3567774097186129,1035,0.2374047517046067,482,0.05079751584105004
38,approach,False,-15.82699966430664,-0.5545999526977532,9.174,9.308,-15.015000343322754,-15.300999641418457,9.395,9.579,-15.467000007629395,-15.866999626159668,470,1766,478,0.00847221165895462,0.024710433557629585,1.0923352088657312,False,nan,nan,0.9633057762247941,1.2328234963982658,0.1509932985616122,0.3320606589466376,0.021599396393040163,0.22000070791308682,0.1673092495723834,0.0673416913237343,0.14725738109377934,0.02901789384709445,0.3735430273494812,False,False,NO_MOTION,VERIFIED,NO_MOTION/VERIFIED,no motion; geometry verified by background,False,False,False,595,0.0534770294742153,140,0.4243370499272926,1031,0.25953400201182114,447,0.04990641496713864
39,approach,False,-16.343299674987794,-0.516300010681153,9.395,9.579,-15.467000007629395,-15.866999626159668,9.653,9.809,-16.02199935913086,-16.378999710083008,482,1778,491,0.00783001258969307,0.027275582775473595,0.9731860788728215,False,nan,nan,1.16278811767196,1.4616473081742178,0.2056482143449502,0.3685103306118761,0.0354897579029604,0.2009124629650214,0.1202116215040564,0.06907017128117313,0.12814927019110045,0.029237237485611398,0.26839049923410363,False,False,NO_MOTION,VERIFIED,NO_MOTION/VERIFIED,no motion; geometry verified by background,False,False,False,582,0.049678573306116955,167,0.3943115537587468,1029,0.20439844186863676,441,0.04395572263171371
40,approach,False,-16.781799697875975,-0.43850002288818146,9.653,9.809,-16.02199935913086,-16.378999710083008,9.903,10.076,-16.56399917602539,-16.805999755859375,495,1718,499,0.008941650390625,0.02629174292087555,1.0381104448391394,False,nan,nan,0.6765465943879541,1.3215431981033479,0.08946597625423033,0.19577831868283888,0.02583466397379836,0.09993849386477043,0.05124077485187421,0.04533199212219834,0.20272954808518956,0.0298200635103308,0.11440272555655327,False,False,NO_MOTION,VERIFIED,NO_MOTION/VERIFIED,no motion; geometry verified by background,False,False,False,592,0.07417717165766319,144,0.42984410672605766,982,0.36166987543366147,451,0.07006953973314897
41,approach,False,-16.894700241088866,-0.11290054321289134,9.903,10.076,-16.56399917602539,-16.805999755859375,10.156,10.314,-16.856000900268555,-16.89900016784668,530,1711,532,0.00809718482196331,0.026189813390374184,0.36711612708712127,False,nan,nan,0.6133679096151029,0.8935555946742779,0.03638581659585805,0.1399021943730991,0.02992366320104345,0.11568556792514231,0.07313612231016192,0.06584480180998073,0.12084530074621373,0.02902030390765996,0.1632873771543666,False,False,NO_MOTION,VERIFIED,NO_MOTION/VERIFIED,no motion; geometry verified by background,False,False,False,688,0.05735050281707245,85,0.3264003360036033,938,0.19187857051616347,528,0.0508551935439004
42,dwell_start,False,-16.516100692749024,0.37859954833984233,10.156,10.314,-16.856000900268555,-16.89900016784668,10.402,10.58,-16.517000198364258,-16.516000747680664,522,1743,522,0.005013984628021717,0.016109319403767586,0.084233509766089,False,nan,nan,0.18693484933165677,0.2431877618304418,0.018577301671232255,0.05890969960723118,0.022479544038421517,0.08267964599736315,0.06699102082112791,0.05519122364116266,0.28896884030315323,0.030527688167897235,0.14956751516556197,False,False,NO_MOTION,VERIFIED,NO_MOTION/VERIFIED,no motion; geometry verified by background,False,False,False,732,0.14553670759182144,0,nan,1011,0.5464657378954803,575,0.11930354405735126
43,dwell_start,False,-16.516000747680664,9.994506836008554e-05,10.402,10.58,-16.517000198364258,-16.516000747680664,10.652,10.812,-16.516000747680664,-16.516000747680664,517,1747,517,0.004575601778924465,0.014355634339153767,0.024521281519523767,True,0.017157285344597706,0.03765014912588627,nan,nan,nan,nan,nan,nan,nan,nan,nan,nan,0.0840596124875837,False,False,NO_MOTION,NOT_CHECKED,NO_MOTION/NOT_CHECKED,no motion; geometry not checked,False,False,False,,,,,,,,
44,dwell_start,False,-16.516000747680664,0.0,10.652,10.812,-16.516000747680664,-16.516000747680664,10.876,11.078,-16.516000747680664,-16.516000747680664,522,1783,522,0.0047728801146149635,0.014265566132962704,0.03304750194358643,True,0.02167182001331439,0.042082775425005846,nan,nan,nan,nan,nan,nan,nan,nan,nan,nan,0.09395611642334317,False,False,NO_MOTION,NOT_CHECKED,NO_MOTION/NOT_CHECKED,no motion; geometry not checked,False,False,False,,,,,,,,
45,dwell_start,False,-16.516000747680664,0.0,10.876,11.078,-16.516000747680664,-16.516000747680664,11.179,11.309,-16.516000747680664,-16.516000747680664,506,1778,506,0.004202681593596935,0.015853431075811386,0.04910924242547339,True,0.04375314801213465,0.07749085349921243,nan,nan,nan,nan,nan,nan,nan,nan,nan,nan,0.1730099685580617,False,False,NO_MOTION,NOT_CHECKED,NO_MOTION/NOT_CHECKED,no motion; geometry not checked,False,False,False,,,,,,,,
46,dwell_start,False,-16.516000747680664,0.0,11.179,11.309,-16.516000747680664,-16.516000747680664,11.377,11.577,-16.516000747680664,-16.516000747680664,519,1871,519,0.004296914208680391,0.01676333136856556,0.02983397653470794,True,0.020343635448120564,0.08230901186987218,nan,nan,nan,nan,nan,nan,nan,nan,nan,nan,0.183767230745451,False,False,NO_MOTION,NOT_CHECKED,NO_MOTION/NOT_CHECKED,no motion; geometry not checked,False,False,False,,,,,,,,
47,dwell_start,False,-16.516000747680664,0.0,11.377,11.577,-16.516000747680664,-16.516000747680664,11.659,11.809,-16.516000747680664,-16.516000747680664,516,1797,516,0.0046953922137618065,0.013840477913618088,0.05364796579082932,True,0.0510843284847568,0.10723099740867344,nan,nan,nan,nan,nan,nan,nan,nan,nan,nan,0.23940930641979233,False,False,NO_MOTION,NOT_CHECKED,NO_MOTION/NOT_CHECKED,no motion; geometry not checked,False,False,False,,,,,,,,
48,dwell_start,False,-16.516000747680664,0.0,11.659,11.809,-16.516000747680664,-16.516000747680664,11.914,12.079,-16.516000747680664,-16.516000747680664,517,1755,517,0.004016280174255371,0.01327925268560648,0.02167873623903497,True,0.0025234617158388516,0.034883644169023294,nan,nan,nan,nan,nan,nan,nan,nan,nan,nan,0.07788297467822664,False,False,NO_MOTION,NOT_CHECKED,NO_MOTION/NOT_CHECKED,no motion; geometry not checked,False,False,False,,,,,,,,
49,sweep,True,-16.420599937438965,0.09540081024169922,11.914,12.079,-16.516000747680664,-16.516000747680664,12.177,12.314,-16.516000747680664,-16.40999984741211,533,1745,533,0.004349477589130402,0.01364890392869711,0.04095039989292978,False,nan,nan,0.046693089927593065,0.08949287829510261,0.021554614847563436,0.06844057035981652,0.03278209844352304,0.07495181362935306,0.07057811907596026,0.0551830605610744,0.059993296995448274,0.03105892175919764,0.1575762507551052,False,False,NO_MOTION,VERIFIED,NO_MOTION/VERIFIED,no motion; geometry verified by background,False,False,False,703,0.025522106738490292,0,nan,1042,0.11441788085716423,546,0.023148080877116197
50,sweep,True,-15.981900310516357,0.4386996269226078,12.177,12.314,-16.516000747680664,-16.40999984741211,12.41,12.575,-16.277999877929688,-15.949000358581543,504,1812,505,0.009737329557538033,0.026107417419552803,0.627460766280683,False,nan,nan,0.6178447937603087,1.041275321199172,0.06512100586353636,0.15190908936021974,0.029562422050667045,0.06998207409450989,0.06154434329903567,0.05418255869494651,0.05815186763905984,0.030777091337609863,0.1374069895771755,False,False,NO_MOTION,VERIFIED,NO_MOTION/VERIFIED,no motion; geometry verified by background,False,False,False,553,0.031041526156619134,132,0.2831660765348108,1127,0.07410465445496661,415,0.02705762664903076
51,sweep,True,-15.485300445556641,0.4965998649597161,12.41,12.575,-16.277999877929688,-15.949000358581543,12.671,12.809,-15.767000198364258,-15.454000473022461,515,1781,522,0.00773775577545166,0.023576956242322922,0.9147463537044561,False,nan,nan,2.0614193549189577,2.635931611559748,0.07538068600600072,0.2722613257808585,0.020519280047196567,0.17857374973799503,0.11168844214220788,0.07056456042101734,0.09408368604563279,0.030357224721397624,0.24936122123778992,False,False,NO_MOTION,VERIFIED,NO_MOTION/VERIFIED,no motion; geometry verified by background,False,False,False,602,0.03943525990793982,130,0.40626829777394696,1049,0.14962781256065633,450,0.03902118278035737
52,sweep,True,-14.93410005569458,0.5512003898620605,12.671,12.809,-15.767000198364258,-15.454000473022461,12.889,13.071,-15.295000076293945,-14.894000053405762,480,1703,496,0.007914016023278236,0.027340790256857872,1.1615756609220278,False,nan,nan,1.0202023694802391,1.3918751472777986,0.10844370952424043,0.2261915315161594,0.022925414164172982,0.15173727513249766,0.11777434135424966,0.06338216391491894,0.16961108603543815,0.03151883043503591,0.26294890525179526,False,False,NO_MOTION,VERIFIED,NO_MOTION/VERIFIED,no motion; geometry verified by background,False,False,False,558,0.058377336352939124,147,0.5620301239262692,998,0.29207729552643624,417,0.055036074996575916
53,sweep,True,-14.430699634552003,0.5034004211425778,12.889,13.071,-15.295000076293945,-14.894000053405762,13.168,13.309,-14.706999778747559,-14.399999618530273,482,1759,489,0.007651731371879578,0.023936057463288307,0.9864175270124773,False,nan,nan,0.9232572631468621,1.153964482229417,0.024807109753981635,0.1636796785721406,0.027452557771082364,0.14605056592098137,0.06906289376777769,0.04375906477536087,0.12461585126448159,0.027551854808828234,0.15419328268740012,False,False,NO_MOTION,VERIFIED,NO_MOTION/VERIFIED,no motion; geometry verified by background,False,False,False,586,0.0450585821758743,144,0.3920219136237919,1029,0.21497309540719678,444,0.043353194354234334
54,sweep,True,-13.892799949645996,0.5378996849060069,13.168,13.309,-14.706999778747559,-14.399999618530273,13.401,13.576,-14.223999977111816,-13.855999946594238,476,1753,485,0.008094755001366138,0.02438357099890709,1.0978373082569723,False,nan,nan,0.8863267187856791,1.3646145090366573,0.03857200199699231,0.18920934918971616,0.026133583200808195,0.18107812621195157,0.1464458936454201,0.0457644393576265,0.15796389750484513,0.029334436487949526,0.32696245183709177,False,False,NO_MOTION,VERIFIED,NO_MOTION/VERIFIED,no motion; geometry verified by background,False,False,False,602,0.05399323781861412,135,0.37041919055509503,1016,0.2677778828090097,456,0.05288781215657745
55,sweep,True,-13.401200294494629,0.49159965515136683,13.401,13.576,-14.223999977111816,-13.855999946594238,13.67,13.81,-13.67300033569336,-13.371000289916992,484,1787,490,0.00882641039788723,0.025744901970028877,0.9641064266184811,False,nan,nan,0.8692963738807222,1.2840119258530809,0.048071255243872714,0.12523546674345296,0.07127438699477368,0.13192733590363886,0.1292199676206888,0.11527026140962164,0.12768795616843873,0.029885311275309606,0.2885029848762259,False,False,NO_MOTION,VERIFIED,NO_MOTION/VERIFIED,no motion; geometry verified by background,False,False,False,602,0.053570738743127344,110,0.25272384394566544,1075,0.21682393233943897,460,0.051059830148935836
56,sweep,True,-12.847600173950195,0.5536001205444343,13.67,13.81,-13.67300033569336,-13.371000289916992,13.892,14.079,-13.213000297546387,-12.807000160217285,493,1719,505,0.009914033114910126,0.02903810888528824,1.1140618633364092,False,nan,nan,0.9487890060042429,1.6481309056730724,0.06911423615146937,0.3486322230891017,0.11987369648193362,0.49090546029675564,0.19384615398241212,0.1710828409607708,0.1619609942586496,0.029976022605725516,0.4327906519437053,False,False,NO_MOTION,VERIFIED,NO_MOTION/VERIFIED,no motion; geometry verified by background,False,False,False,586,0.05814182539388932,116,0.43490652249443784,1017,0.28167177740078225,441,0.05251838036904049
57,sweep,True,-12.025400161743164,0.8222000122070305,13.892,14.079,-13.213000297546387,-12.807000160217285,14.197,14.477,-12.569000244140625,-11.96500015258789,459,1685,484,0.012433357536792755,0.04277736321091652,1.7446065317122883,False,nan,nan,1.6088190715093187,2.71131635832032,0.8049544196639016,1.4246603427798887,0.7219511635066626,1.4214147646995756,1.0195375990210214,0.9613932979716142,0.18587480472519086,0.027270293307632976,2.276270811137489,True,False,SUSPECT,VERIFIED,SUSPECT/VERIFIED,motion suspected; geometry verified by background,True,True,True,541,0.0586279564394204,117,0.4845766461299726,1027,0.2946746079469115,414,0.052605166522397565
58,sweep,True,-11.560599613189698,0.4648005485534661,14.197,14.477,-12.569000244140625,-11.96500015258789,14.551,14.676,-11.817999839782715,-11.531999588012695,477,1831,487,0.010620292276144028,0.03591077774763107,1.2276618540145159,False,nan,nan,1.1581717032540944,1.6721076738516327,0.8859782103436323,1.132217107571671,0.670902733901783,0.953386691277698,0.9291940802462132,0.901743465805116,0.14768637486436195,0.03074570273658539,2.074565337048046,True,False,SUSPECT,VERIFIED,SUSPECT/VERIFIED,motion suspected; geometry verified by background,True,True,True,636,0.055795957715656964,118,0.34789939972886047,1077,0.2515977612103959,481,0.051912474318812976
59,sweep,True,-10.985099792480469,0.5754998207092292,14.551,14.676,-11.817999839782715,-11.531999588012695,14.788,14.943,-11.300999641418457,-10.949999809265137,446,1835,492,0.02136392518877983,0.05585865676403046,2.347372407730663,False,nan,nan,2.2945567557353783,3.7505601664787838,1.840711058812695,3.084327224339275,1.8604243056557868,3.1315620689909824,3.0571655619138167,2.9024187504348875,0.14455171992689736,0.02730460484361652,6.825581263585825,True,False,SUSPECT,VERIFIED,SUSPECT/VERIFIED,motion suspected; geometry verified by background,True,True,True,624,0.04965116309608633,152,0.37158789840154915,1059,0.24964343733710073,480,0.04582111890543894
60,sweep,True,-10.494300174713135,0.4907996177673333,14.788,14.943,-11.300999641418457,-10.949999809265137,15.042,15.172,-10.758000373840332,-10.46500015258789,447,1890,466,0.014638770371675491,0.039264120161533356,1.7877197813781496,False,nan,nan,1.8301800870887885,3.061657050979213,1.2313177498300425,2.0784160160969583,1.365945325500114,2.2293740657431735,2.0799139886469513,2.0314476420607237,0.1294409943473963,0.029877317823743255,4.64372035575707,True,False,SUSPECT,VERIFIED,SUSPECT/VERIFIED,motion suspected; geometry verified by background,True,True,True,644,0.0535978200242703,113,0.39404135100970156,1133,0.21223521193820552,497,0.04846437983434921
61,sweep,True,-9.968000411987305,0.5262997627258308,15.042,15.172,-10.758000373840332,-10.46500015258789,15.243,15.436,-10.32800006866455,-9.928000450134277,437,1830,446,0.011443277820944786,0.03670387715101242,1.4484363192336391,False,nan,nan,3.043252742937665,3.796443943169848,0.6930408985904365,1.6850273511997997,0.7540599119037666,1.6203224582928752,1.0850916126114514,1.0654984263636442,0.18554886178386637,0.02957850620214364,2.422629991840671,True,False,SUSPECT,VERIFIED,SUSPECT/VERIFIED,motion suspected; geometry verified by background,True,True,True,582,0.06672757776566877,127,0.4008395758026183,1121,0.3015552877282082,442,0.05984982587646341
62,sweep,True,-9.463500022888184,0.5045003890991211,15.243,15.436,-10.32800006866455,-9.928000450134277,15.539,15.675,-9.729000091552734,-9.434000015258789,473,1794,484,0.010442988947033882,0.030106088146567345,1.0629011068042107,False,nan,nan,1.137276151185324,1.4006108832490287,0.3073170262528993,0.4276648902390866,0.30646570942654994,0.4564339282456722,0.43336796001092226,0.4306216292830916,0.12876282024117386,0.03158280549819703,0.9675590569708077,False,False,NO_MOTION,VERIFIED,NO_MOTION/VERIFIED,no motion; geometry verified by background,False,False,False,581,0.05235274502001902,132,0.43161218518833483,1081,0.1949845371305533,454,0.04799389512258324
63,sweep,True,-8.91919984817505,0.5443001747131344,15.539,15.675,-9.729000091552734,-9.434000015258789,15.772,15.941,-9.236000061035156,-8.883999824523926,494,1743,508,0.012076152488589287,0.03498267009854317,1.1922276599329953,False,nan,nan,2.7581869326483877,3.302235804515896,0.4927870744258358,0.6096585403391603,0.2799259906264271,0.41620787771017537,0.4110607729562357,0.40156220951929406,0.17109893485916758,0.03208679582258456,0.9177549116210686,False,False,NO_MOTION,VERIFIED,NO_MOTION/VERIFIED,no motion; geometry verified by background,False,False,False,554,0.064065740008305,114,0.3444513484737603,1075,0.27080626070417807,430,0.05875406902165165
64,sweep,True,-8.437699699401856,0.48150014877319336,15.772,15.941,-9.236000061035156,-8.883999824523926,16.052,16.171,-8.668999671936035,-8.411999702453613,491,1758,495,0.010620292276144028,0.030107412487268448,0.9826698091579912,False,nan,nan,1.1095604684624243,1.3516435810961642,0.1654459307254856,0.21742375651129248,0.16202850222039916,0.20987064054554427,0.20487961544197164,0.20050267581391096,0.1304509471153485,0.03306386927205418,0.4574245117349693,False,False,NO_MOTION,VERIFIED,NO_MOTION/VERIFIED,no motion; geometry verified by background,False,False,False,585,0.056303429931082664,119,0.3687793059886988,1054,0.20574512932286287,455,0.05013647397588384
65,sweep,True,-7.881399774551392,0.5562999248504639,16.052,16.171,-8.668999671936035,-8.411999702453613,16.271,16.439,-8.208999633789062,-7.84499979019165,489,1734,495,0.00803916621953249,0.021928073838353157,1.093181635098623,False,nan,nan,1.036265682790224,1.2643916941902253,0.03281737943361706,0.15516242695023647,0.026371495426624755,0.1691122130870778,0.11796484714142158,0.05743865938201294,0.15495002313489922,0.031557030037401984,0.2633742380331548,False,False,NO_MOTION,VERIFIED,NO_MOTION/VERIFIED,no motion; geometry verified by background,False,False,False,571,0.06284269880693684,123,0.47587034624320523,1040,0.24476895153743142,437,0.0526157341730318
66,sweep,True,-7.372300052642823,0.5090997219085693,16.271,16.439,-8.208999633789062,-7.84499979019165,16.537,16.674,-7.6539998054504395,-7.341000080108643,476,1739,483,0.01227930560708046,0.03797323256731033,1.0346024448538587,False,nan,nan,1.0403463740766035,1.450251901634014,0.2554496970925559,0.5241092252403928,0.29976751735198237,0.5810187635536161,0.5530223805138159,0.5296088781389374,0.12058876056913091,0.0333894919333555,1.2347055212854525,True,False,SUSPECT,VERIFIED,SUSPECT/VERIFIED,motion suspected; geometry verified by background,True,True,True,597,0.0548304363408884,105,0.5183841965898022,1037,0.18607634699851028,468,0.047618830960539524
67,sweep,True,-6.797299861907959,0.5750001907348636,16.537,16.674,-7.6539998054504395,-7.341000080108643,16.771,16.944,-7.142000198364258,-6.758999824523926,481,1749,487,0.011549401096999645,0.028381412848830223,1.1842473857558304,False,nan,nan,1.198829669599619,1.4494927068015133,0.32854675231763736,0.46160241044307326,0.2978342260939664,0.4819205159051897,0.4532388359774947,0.4394791914368258,0.13548788679235066,0.034859599931885143,1.011923771914008,False,False,NO_MOTION,VERIFIED,NO_MOTION/VERIFIED,no motion; geometry verified by background,False,False,False,594,0.05798067781014969,115,0.4945708112619409,1040,0.21142095295910102,460,0.048377520114842754
68,sweep,True,-6.31829981803894,0.47900004386901873,16.771,16.944,-7.142000198364258,-6.758999824523926,17.021,17.172,-6.609000205993652,-6.285999774932861,459,1783,463,0.009825807064771652,0.030665013939142227,0.9729825694318609,False,nan,nan,0.9227345001472022,1.335673450951167,0.042537277762144304,0.08672334565982065,0.12193620308566117,0.1753143379184289,0.16917070995949218,0.1653142223340002,0.12717568170566027,0.0328383451316544,0.3776990172309069,False,False,NO_MOTION,VERIFIED,NO_MOTION/VERIFIED,no motion; geometry verified by background,False,False,False,643,0.055982315582200785,123,0.33759104192534606,1017,0.2254166894335198,504,0.048723576861399644
69,sweep,True,-5.763899850845337,0.5543999671936035,17.021,17.172,-6.609000205993652,-6.285999774932861,17.272,17.439,-6.105000019073486,-5.72599983215332,490,1723,492,0.011525064706802368,0.031169725582003593,1.098330754475536,False,nan,nan,1.1048952248605446,1.2668374981066561,0.18286216745364572,0.2548998584224096,0.17969491134152182,0.23660638305657125,0.21926354059278946,0.21351190925999475,0.14280410396445198,0.03611668076939023,0.4895387849131554,False,False,NO_MOTION,VERIFIED,NO_MOTION/VERIFIED,no motion; geometry verified by background,False,False,False,588,0.060222350617175194,105,0.2584359619950758,1030,0.2494762354928581,468,0.050536319346296966
70,sweep,True,-5.246900129318237,0.5169997215270996,17.272,17.439,-6.105000019073486,-5.72599983215332,17.541,17.681,-5.533999919891357,-5.215000152587891,482,1737,483,0.008081595413386822,0.021728934720158577,0.9224688469895197,False,nan,nan,0.9596074728586474,1.1430023172937025,0.0262155124084686,0.12173536099742716,0.028699652328947403,0.10373701766786109,0.06143882878846879,0.05402338049821895,0.11072720078064514,0.03400951774225091,0.13717141258542406,False,False,NO_MOTION,VERIFIED,NO_MOTION/VERIFIED,no motion; geometry verified by background,False,False,False,604,0.04820286306057116,102,0.4033581604040206,1031,0.18373856918617135,475,0.04083681300105973
71,sweep,True,-4.695399904251099,0.5515002250671381,17.541,17.681,-5.533999919891357,-5.215000152587891,17.776,17.942,-5.0229997634887695,-4.658999919891357,473,1695,478,0.008436992764472961,0.02171492390334606,1.0670045885649877,False,nan,nan,1.1130210935413138,1.2905457132222466,0.054459624615198925,0.14532487302931124,0.029179484751099355,0.19712127820486863,0.07624795684752017,0.06245921873382775,0.14466322635606665,0.034472160331025375,0.17023501511620312,False,False,NO_MOTION,VERIFIED,NO_MOTION/VERIFIED,no motion; geometry verified by background,False,False,False,582,0.06797202064756101,98,0.3845708898780609,1015,0.25113734306675517,450,0.05243025173892585
72,sweep,True,-4.222899913787842,0.4724999904632572,17.776,17.942,-5.0229997634887695,-4.658999919891357,18.026,18.169,-4.500999927520752,-4.191999912261963,481,1771,481,0.009558386169373989,0.025690961629152298,0.9364407756242076,False,nan,nan,0.9175388203645346,1.0797214794137182,0.13165369461001059,0.255813381760449,0.07541277873336485,0.12576546258509638,0.1146644507496698,0.0990966837236559,0.13969460394433927,0.03495464529338965,0.25600560741184,False,False,NO_MOTION,VERIFIED,NO_MOTION/VERIFIED,no motion; geometry verified by background,False,False,False,609,0.05925577558363481,109,0.3819639978240881,1053,0.22530921389667705,487,0.04656566005732847
73,sweep,True,-3.6619999170303346,0.5608999967575072,18.026,18.169,-4.500999927520752,-4.191999912261963,18.306,18.437,-3.9230000972747803,-3.632999897003174,464,1679,472,0.008305827155709267,0.022439107298851013,1.0879366432173587,False,nan,nan,0.9845920684931229,1.1908614095026713,0.20228576651700061,0.2966128374347258,0.027617996339108084,0.06148629222111055,0.05362322998486263,0.045836471969564425,0.13545981530322332,0.03156615949581533,0.11972191445480831,False,False,NO_MOTION,VERIFIED,NO_MOTION/VERIFIED,no motion; geometry verified by background,False,False,False,578,0.061117887556669255,107,0.2963502193561874,994,0.2603609431799172,465,0.051960991818719784
74,sweep,True,-3.1726000547409057,0.4893998622894289,18.306,18.437,-3.9230000972747803,-3.632999897003174,18.542,18.671,-3.430000066757202,-3.1440000534057617,476,1704,478,0.009402036666870117,0.026851974427700043,0.9621604617255528,False,nan,nan,1.0504362698951155,1.2084489263299036,0.10430325565912878,0.1578531572917386,0.07705231619311809,0.11507578196054091,0.10945163279191711,0.10554303180012388,0.12062414630127605,0.03476421585348652,0.24436720842351475,False,False,NO_MOTION,VERIFIED,NO_MOTION/VERIFIED,no motion; geometry verified by background,False,False,False,604,0.05857684016355567,97,0.28548586777418133,1003,0.21088490552560865,495,0.050298735936145214
75,sweep,True,-2.6101999521255492,0.5624001026153564,18.542,18.671,-3.430000066757202,-3.1440000534057617,18.772,18.946,-2.944999933242798,-2.572999954223633,484,1701,488,0.009333917871117592,0.024321937933564186,1.096763005973968,False,nan,nan,1.0756489321919265,1.2616259097746774,0.2739326782753859,0.42420813277868036,0.04265541091207522,0.14124010767507922,0.08670664331219105,0.07521324813610804,0.13511683261406773,0.03453757505589079,0.19358560340762934,False,False,NO_MOTION,VERIFIED,NO_MOTION/VERIFIED,no motion; geometry verified by background,False,False,False,585,0.0649445477774246,100,0.49265120331427825,1016,0.228253984591885,469,0.05415421908433539
76,sweep,True,-2.1099000692367555,0.5002998828887937,18.772,18.946,-2.944999933242798,-2.572999954223633,19.037,19.178,-2.3970000743865967,-2.078000068664551,485,1686,487,0.008772782050073147,0.023601962253451347,0.9332921862648063,False,nan,nan,0.9870000727015046,1.1606082866294063,0.06730051609544811,0.13785070220122764,0.022708497750032537,0.09415883153196193,0.05640557899325097,0.03794359026431961,0.11638359428973277,0.03363774892541617,0.1259339264887668,False,False,NO_MOTION,VERIFIED,NO_MOTION/VERIFIED,no motion; geometry verified by background,False,False,False,585,0.05558276414648176,104,0.19605006129598979,997,0.1994727090632954,470,0.045206384228142785
77,sweep,True,-1.5503999710083007,0.5595000982284548,19.037,19.178,-2.3970000743865967,-2.078000068664551,19.249,19.448,-1.940999984741211,-1.5069999694824219,501,1660,505,0.00848833192139864,0.023747695609927177,1.0984376645925173,False,nan,nan,1.175441744794297,1.3489746396763125,0.0363746158796661,0.11652053586729144,0.023033842878088844,0.10145437881506462,0.05766088362318624,0.04342155817199153,0.14042725667864014,0.03475765474695171,0.12873658260557028,False,False,NO_MOTION,VERIFIED,NO_MOTION/VERIFIED,no motion; geometry verified by background,False,False,False,534,0.06064201298951473,103,0.22643941162272924,1023,0.23647289309824132,432,0.05384106551931271
78,sweep,True,-1.0310999751091003,0.5192999958992004,19.249,19.448,-1.940999984741211,-1.5069999694824219,19.552,19.678,-1.2929999828338623,-1.0019999742507935,479,1715,483,0.008411136455833912,0.021680235862731934,0.9377314318834261,False,nan,nan,0.9823243186158707,1.152825950587764,0.1388334826120473,0.24899698451991512,0.03528210563940615,0.12501112073473533,0.0782165327014207,0.06262033129581365,0.10696588061578616,0.032308633799484066,0.1746301563645951,False,False,NO_MOTION,VERIFIED,NO_MOTION/VERIFIED,no motion; geometry verified by background,False,False,False,592,0.05324217684697849,104,0.20094721487583722,1019,0.17632496660398636,476,0.04641404597821451
79,sweep,True,-0.4743999898433685,0.5566999852657318,19.552,19.678,-1.2929999828338623,-1.0019999742507935,19.771,19.946,-0.8199999928474426,-0.4359999895095825,502,1635,510,0.01010672003030777,0.02569163218140602,1.0706133576253942,False,nan,nan,0.9944517191437838,1.169865843077908,0.05843411018275822,0.12275522327086445,0.03572002484021025,0.1334528346589018,0.06846689771314302,0.05920475507296008,0.15292445804325214,0.03642809518233113,0.1528626319845514,False,False,NO_MOTION,VERIFIED,NO_MOTION/VERIFIED,no motion; geometry verified by background,False,False,False,534,0.06483493820770934,110,0.36387174566634684,991,0.25448568823725526,430,0.05254210558583215
80,sweep,True,0.016199999675154675,0.4905999895185232,19.771,19.946,-0.8199999928474426,-0.4359999895095825,20.02,20.177,-0.3149999976158142,0.05299999937415123,499,1640,504,0.009237303398549557,0.02635163813829422,0.9229902708611357,False,nan,nan,0.8637136823259299,1.0022795565195635,0.04669317826791185,0.22149592592800948,0.022388588243445393,0.1517223540188925,0.05655976747977853,0.041993024988596736,0.12024436866678723,0.03640841783852003,0.12627817544205028,False,False,NO_MOTION,VERIFIED,NO_MOTION/VERIFIED,no motion; geometry verified by background,False,False,False,569,0.055186635461012344,94,0.2668726427278041,977,0.2142396735511101,462,0.04671994684968675
81,sweep,True,0.572599995136261,0.5563999954611063,20.02,20.177,-0.3149999976158142,0.05299999937415123,20.281,20.441,0.2630000114440918,0.6069999933242798,490,1626,497,0.010287501849234104,0.02469952590763569,1.0753013185903328,False,nan,nan,1.3285317122062725,1.5232777911920037,0.029734087849601982,0.12194718534732343,0.03741008917352383,0.12523629741471343,0.06823637889941415,0.06327732329727752,0.14397951911471635,0.03563264355925853,0.15234796411196597,False,False,NO_MOTION,VERIFIED,NO_MOTION/VERIFIED,no motion; geometry verified by background,False,False,False,538,0.06727225384150409,100,0.2371644652527008,988,0.23840550359552834,435,0.052287994117065986
82,sweep,True,1.0772999942302703,0.5046999990940093,20.281,20.441,0.2630000114440918,0.6069999933242798,20.545,20.676,0.8100000023841858,1.1069999933242798,504,1659,508,0.008799766190350056,0.023789845407009125,0.9129563843301224,False,nan,nan,0.8182764867773857,0.936026442273789,0.24404901420763508,0.3333943694772759,0.021740214406178286,0.09229147889579456,0.05574156810853087,0.04215146207294569,0.10845390727209418,0.036549008515662194,0.1244514224628071,False,False,NO_MOTION,VERIFIED,NO_MOTION/VERIFIED,no motion; geometry verified by background,False,False,False,564,0.05679965627572821,92,0.27128993011823116,1003,0.17626059541317332,462,0.04402883785037211
83,sweep,True,1.6439999699592591,0.5666999757289888,20.545,20.676,0.8100000023841858,1.1069999933242798,20.772,20.947,1.2929999828338623,1.6829999685287476,468,1642,480,0.009957471862435341,0.02605137787759304,1.1149280712099536,False,nan,nan,0.953756388107964,1.0975576350955074,0.04018008454404219,0.16184211835258316,0.05221533070026334,0.10314658809335592,0.09786573591819066,0.09452877656600756,0.14107849878964102,0.03551613823181074,0.21849995360148947,False,False,NO_MOTION,VERIFIED,NO_MOTION/VERIFIED,no motion; geometry verified by background,False,False,False,514,0.07127624757980883,110,0.36252793836232167,1018,0.2092843580287891,421,0.05718226077026532
84,sweep,True,2.1395999431610107,0.49559997320175153,20.772,20.947,1.2929999828338623,1.6829999685287476,21.028,21.178,1.8480000495910645,2.171999931335449,481,1544,485,0.009420989081263542,0.023376962170004845,0.942792143777439,False,nan,nan,0.8596872593074826,1.0296720253421259,0.07917173769832433,0.2616295658061564,0.03089578774476246,0.13051829340114285,0.08632893804300272,0.0591235976356935,0.1167703549897206,0.03570694649170578,0.19274231966773414,False,False,NO_MOTION,VERIFIED,NO_MOTION/VERIFIED,no motion; geometry verified by background,False,False,False,534,0.06130675245790909,109,0.2782692901368876,901,0.20906410714601126,449,0.05519467076990696
85,sweep,True,2.670099902153015,0.5304999589920043,21.028,21.178,1.8480000495910645,2.171999931335449,21.242,21.439,2.2929999828338623,2.7119998931884766,490,1508,504,0.009530526585876942,0.02363196760416031,1.1038560946563905,False,nan,nan,1.1918020047840807,1.3911804296661248,0.07159140339385274,0.16375540000555816,0.04423769426741635,0.10547204744317173,0.08018484396811065,0.06911993783149664,0.14667718094118132,0.0363774105445306,0.17902470688230193,False,False,NO_MOTION,VERIFIED,NO_MOTION/VERIFIED,no motion; geometry verified by background,False,False,False,528,0.0686625371158476,114,0.2505336574846372,866,0.28395713075811546,444,0.058593339010792424
86,sweep,True,3.197600078582764,0.5275001764297489,21.242,21.439,2.2929999828338623,2.7119998931884766,21.541,21.68,2.9149999618530273,3.2290000915527344,496,1716,499,0.010121122002601624,0.027623118832707405,0.9441570865077604,False,nan,nan,0.9621320060227891,1.155849919818965,0.04465610048796055,0.09733568743434101,0.05059753324990038,0.08615389137183227,0.08039861240535574,0.07528984276914125,0.11464063842226065,0.03825123638229795,0.1795019770236981,False,False,NO_MOTION,VERIFIED,NO_MOTION/VERIFIED,no motion; geometry verified by background,False,False,False,540,0.05048884749305972,132,0.27540303642045594,1044,0.17560902667572587,451,0.044698348806782244
87,sweep,True,3.728200101852417,0.530600023269653,21.541,21.68,2.9149999618530273,3.2290000915527344,21.777,21.944,3.3970000743865967,3.765000104904175,493,1689,501,0.010146578773856163,0.027540091425180435,1.1121651282671914,False,nan,nan,1.0746917373353142,1.212195900448727,0.05530197185941646,0.20943206435120534,0.056091254233207835,0.10682420160209413,0.09945110068925647,0.09725128376404273,0.16048406827650588,0.036709511987952775,0.2220395185541189,False,False,NO_MOTION,VERIFIED,NO_MOTION/VERIFIED,no motion; geometry verified by background,False,False,False,501,0.0672292430712523,140,0.2802727262321606,1048,0.24941538066149288,412,0.05791055131206052
88,sweep,True,4.235399889945984,0.5071997880935668,21.777,21.944,3.3970000743865967,3.765000104904175,22.042,22.176,3.9690001010894775,4.264999866485596,500,1698,506,0.009861262515187263,0.02317076362669468,0.9639569630321245,False,nan,nan,1.5461450126508163,1.6789401969559066,0.060112388785454156,0.23524150101066166,0.03029774255440157,0.0890055350155703,0.06478683995403076,0.05423192726909431,0.13213880628068597,0.03826239668783853,0.14464635034039153,False,False,NO_MOTION,VERIFIED,NO_MOTION/VERIFIED,no motion; geometry verified by background,False,False,False,514,0.05243250955121024,139,0.20620609989974942,1045,0.18924017942129523,418,0.04447985822897009
89,sweep,True,4.769599914550781,0.5342000246047975,22.042,22.176,3.9690001010894775,4.264999866485596,22.273,22.438,4.460000038146973,4.803999900817871,505,1634,514,0.01041145995259285,0.02571192942559719,1.0914032679689363,False,nan,nan,0.9627023960227472,1.2166497530818572,0.02543186346847535,0.08994876978501862,0.037567741334827966,0.08606512790931246,0.07571901273462711,0.06920828416812703,0.1712321371059904,0.036399836036436345,0.1690540679436245,False,False,NO_MOTION,VERIFIED,NO_MOTION/VERIFIED,no motion; geometry verified by background,False,False,False,489,0.06997861724865075,140,0.3699279793881169,1005,0.25930013506734706,394,0.05494502606050715
90,sweep,True,5.272799968719482,0.5032000541687012,22.273,22.438,4.460000038146973,4.803999900817871,22.539,22.675,5.000999927520752,5.302999973297119,514,1523,520,0.010451970621943474,0.025828737765550613,0.9364748903489878,False,nan,nan,1.0101092924192825,1.2606545886198521,0.2292238774085541,0.3039126454575004,0.05480976009230833,0.133153396963831,0.10053802720836086,0.08167358644147132,0.12570429753084075,0.037797883519292245,0.22446624525028422,False,False,NO_MOTION,VERIFIED,NO_MOTION/VERIFIED,no motion; geometry verified by background,False,False,False,512,0.05549118754003865,135,0.24754215863623963,876,0.2049325961789849,413,0.047198316153365394
91,sweep,True,5.820699834823609,0.5478998661041263,22.539,22.675,5.000999927520752,5.302999973297119,22.77,22.943,5.485000133514404,5.857999801635742,500,1601,512,0.009452944621443748,0.025063659995794296,1.0959568883030841,False,nan,nan,0.972932821247239,1.252052104668891,0.1365448199376641,0.286096602712631,0.021570427697092734,0.10336585029082757,0.052718321715326213,0.0415364519393211,0.171797338246502,0.03778473288966828,0.11770157083758365,False,False,NO_MOTION,VERIFIED,NO_MOTION/VERIFIED,no motion; geometry verified by background,False,False,False,474,0.059859774690696865,160,0.3118924311224567,967,0.26960757505165817,387,0.047574123767976415
92,sweep,True,6.3024999618530275,0.48180012702941877,22.77,22.943,5.485000133514404,5.857999801635742,23.021,23.175,6.000999927520752,6.335999965667725,490,1498,495,0.009662777185440063,0.025053352117538452,0.9239370616196936,False,nan,nan,0.7937123997927615,1.1051669755293534,0.04864392620542303,0.1708774300305103,0.023685629310810877,0.07327195562787096,0.05296932369241139,0.05058441188650234,0.13234311517470837,0.03457798195293151,0.11826197044866754,False,False,NO_MOTION,VERIFIED,NO_MOTION/VERIFIED,no motion; geometry verified by background,False,False,False,501,0.05760574161267245,143,0.34236913146499187,854,0.22801432824810747,415,0.04830016825670283
93,sweep,True,6.858799934387207,0.5562999725341795,23.021,23.175,6.000999927520752,6.335999965667725,23.271,23.438,6.52400016784668,6.895999908447266,502,1658,509,0.009705089032649994,0.024487322196364403,1.1072044311337206,False,nan,nan,0.9895440215585221,1.2294102317565905,0.05858676492238653,0.14497911264944857,0.022245246014237524,0.10958219772483967,0.054264297803546246,0.04144475505856959,0.14964554171615171,0.03657596299483361,0.12115319464009064,False,False,NO_MOTION,VERIFIED,NO_MOTION/VERIFIED,no motion; geometry verified by background,False,False,False,493,0.06329583473666398,154,0.342977644749732,1011,0.22971218384291225,401,0.053861451561672234
94,sweep,True,7.361999940872193,0.5032000064849855,23.271,23.438,6.52400016784668,6.895999908447266,23.494,23.673,7.001999855041504,7.4019999504089355,498,1658,505,0.009144885465502739,0.02471902407705784,0.9437892366783336,False,nan,nan,1.3521278293811072,1.5147446657692902,0.03056337281040132,0.1122353902947665,0.030079875418867447,0.08170653494620181,0.0617394205683561,0.05765723789839368,0.12594698717618638,0.038676245526406916,0.13784252887900889,False,False,NO_MOTION,VERIFIED,NO_MOTION/VERIFIED,no motion; geometry verified by background,False,False,False,524,0.05517899249389575,162,0.24379422547780474,972,0.18499667148006477,442,0.047623689564630506
95,sweep,True,7.935900068283081,0.5739001274108881,23.494,23.673,7.001999855041504,7.4019999504089355,23.771,23.942,7.6020002365112305,7.9730000495910645,492,1607,503,0.009810748510062695,0.02402351424098015,1.1356657001422104,False,nan,nan,1.0445577286240475,1.3234623184154959,0.023984586864302968,0.11356414498565656,0.039813574909366496,0.09456026472388282,0.08685788619190712,0.0805753889136737,0.1511043957052924,0.03722356205831261,0.19392327585131425,False,False,NO_MOTION,VERIFIED,NO_MOTION/VERIFIED,no motion; geometry verified by background,False,False,False,495,0.06501170116886375,140,0.3545756370406244,972,0.22189920145438896,414,0.05167775154093993
96,sweep,True,8.418000221252441,0.4821001529693607,23.771,23.942,7.6020002365112305,7.9730000495910645,24.019,24.171,8.121000289916992,8.451000213623047,533,1384,537,0.009473877027630806,0.02708125114440918,0.9338833047786027,False,nan,nan,0.8846667500402909,1.193570102195018,0.026912706277412428,0.0965727242604916,0.023769192384245973,0.08641819588632424,0.06457519103331824,0.050733539337577266,0.1555385166222284,0.03877957601827032,0.1441738123379782,False,False,NO_MOTION,VERIFIED,NO_MOTION/VERIFIED,no motion; geometry verified by background,False,False,False,395,0.06804609768843428,118,0.41460639169369656,871,0.21840060594397875,314,0.05427336258127803
97,sweep,True,8.9830002784729,0.565000057220459,24.019,24.171,8.121000289916992,8.451000213623047,24.271,24.441,8.631999969482422,9.022000312805176,524,1471,530,0.01005958579480648,0.024547962471842766,1.1126403415388597,False,nan,nan,0.9418281937052587,1.3097003436619663,0.4361774535979902,0.5363018129068521,0.045113774960426456,0.1067211328323868,0.102904191122165,0.08901766679702096,0.15383421773234,0.03736791622820708,0.22974906155498057,False,False,NO_MOTION,VERIFIED,NO_MOTION/VERIFIED,no motion; geometry verified by background,False,False,False,495,0.05981439438910127,150,0.32302899155433173,826,0.25232406578932876,396,0.047338632480070905
98,sweep,True,9.488199710845947,0.5051994323730469,24.271,24.441,8.631999969482422,9.022000312805176,24.54,24.674,9.220000267028809,9.517999649047852,523,1489,534,0.010336632840335369,0.02880779281258583,0.9638660824617324,False,nan,nan,0.9250186436593343,1.2149071978748336,0.0750777031530388,0.2206449984149256,0.0599254681561939,0.11836933374934952,0.10747970835580303,0.09667390314271818,0.12977943927626165,0.03803902555076122,0.2399645909624174,False,False,NO_MOTION,VERIFIED,NO_MOTION/VERIFIED,no motion; geometry verified by background,False,False,False,455,0.05400468432254054,153,0.39423593682492175,881,0.1887318808165979,370,0.04500643004096227
99,sweep,True,10.029699993133544,0.541500282287597,24.54,24.674,9.220000267028809,9.517999649047852,24.776,24.942,9.70300006866455,10.065999984741211,510,1434,522,0.010023046284914017,0.026696624234318733,1.0971673826136814,False,nan,nan,0.9895153450994009,1.3006009966747052,0.05633970937981819,0.10846219534941379,0.026685145956252147,0.10342594356521206,0.07688182452803169,0.06179285005518019,0.17682862249300824,0.03633631387822052,0.17165021991164886,False,False,NO_MOTION,VERIFIED,NO_MOTION/VERIFIED,no motion; geometry verified by background,False,False,False,433,0.06717373760964535,133,0.3652779711315362,868,0.2580965494714922,343,0.052527739316889074
100,sweep,True,10.519600105285644,0.4899001121520996,24.776,24.942,9.70300006866455,10.065999984741211,25.059,25.17,10.291000366210938,10.545000076293945,530,1427,539,0.010410264134407043,0.02689637802541256,0.9474801878116637,False,nan,nan,0.8814088289305753,1.1975764691101425,0.21375981570635255,0.41535118717558694,0.03205032519363418,0.07846678659938336,0.0762216392869873,0.07047982808326471,0.15131353436057707,0.036876078485844656,0.17017625720975726,False,False,NO_MOTION,VERIFIED,NO_MOTION/VERIFIED,no motion; geometry verified by background,False,False,False,436,0.062066145466558864,136,0.3192859634677051,855,0.20774542190466366,332,0.04850305835770726
101,sweep,True,11.061700057983398,0.5420999526977539,25.059,25.17,10.291000366210938,10.545000076293945,25.242,25.439,10.680999755859375,11.104000091552734,513,1468,524,0.010519493371248245,0.025674937292933464,1.1226320449389506,False,nan,nan,0.9277604281707489,1.250866619379366,0.05352261451039966,0.19882430704315743,0.05805383979664713,0.11516326903090063,0.11047090175237104,0.09941671597996476,0.1510972830655105,0.03849136206824075,0.2466428794587052,False,False,NO_MOTION,VERIFIED,NO_MOTION/VERIFIED,no motion; geometry verified by background,False,False,False,448,0.06516803476912328,153,0.325778704333216,867,0.22985958821515318,345,0.054063970324314044
102,sweep,True,11.55270004272461,0.49099998474121165,25.242,25.439,10.680999755859375,11.104000091552734,25.554,25.671,11.324999809265137,11.57800006866455,511,1558,519,0.0097609031945467,0.025269974023103714,0.9625840374830695,False,nan,nan,0.9004259366375633,1.2755093967944693,0.08730244974449268,0.17387762940085505,0.031220672084448696,0.07866909917567626,0.07469517231331485,0.06760762752846274,0.13832914568260432,0.03851484180612874,0.1667681904354937,False,False,NO_MOTION,VERIFIED,NO_MOTION/VERIFIED,no motion; geometry verified by background,False,False,False,477,0.0540884064111575,168,0.4027370401910616,913,0.19426623959864014,373,0.04048640181146012
103,sweep,True,12.104100131988526,0.5514000892639164,25.554,25.671,11.324999809265137,11.57800006866455,25.769,25.945,11.762999534606934,12.142000198364258,519,1519,531,0.010193281807005405,0.0249729435890913,1.13306964021739,False,nan,nan,0.9013755195130231,1.2187490021006182,0.026125161415627464,0.07606189375964154,0.045017598550340154,0.10603119306479453,0.08527380560162603,0.07909586658959523,0.16707860139748856,0.03731282821949192,0.190386578025154,False,False,NO_MOTION,VERIFIED,NO_MOTION/VERIFIED,no motion; geometry verified by background,False,False,False,437,0.061760101388065675,166,0.4209860352047145,916,0.22040663783991704,343,0.05050324579616743
104,sweep,True,12.585100173950195,0.48100004196166957,25.769,25.945,11.762999534606934,12.142000198364258,26.034,26.174,12.307000160217285,12.616000175476074,498,1568,503,0.009610796347260475,0.026652662083506584,0.987734406144581,False,nan,nan,0.8057390525468984,1.1123323476330433,0.13510475482801648,0.27268632488499256,0.025633691922471107,0.072778950641435,0.062332017356512295,0.05396064764871174,0.13458701410983875,0.035481397504822654,0.13916559020891867,False,False,NO_MOTION,VERIFIED,NO_MOTION/VERIFIED,no motion; geometry verified by background,False,False,False,467,0.056803419365248305,161,0.3552847538480799,940,0.18486254645872008,351,0.04296066099648451
105,sweep,True,13.137399578094483,0.5522994041442875,26.034,26.174,12.307000160217285,12.616000175476074,26.286,26.436,12.835000038146973,13.170999526977539,493,1458,507,0.010844566859304905,0.025969436392188072,1.1670378545211828,False,nan,nan,1.1266941677636555,1.6550471934908808,0.07307512393255014,0.14058588818886397,0.03525318830037704,0.10160394810275317,0.08943833036042478,0.08033016818269359,0.15966114414962027,0.035761432151302924,0.19968450500677337,False,False,NO_MOTION,VERIFIED,NO_MOTION/VERIFIED,no motion; geometry verified by background,False,False,False,449,0.057661267289882565,195,0.37715046320801965,814,0.22856671893223046,344,0.046973431073049174
106,sweep,True,13.634299564361573,0.4968999862670902,26.286,26.436,12.835000038146973,13.170999526977539,26.538,26.667,13.366999626159668,13.663999557495117,490,1483,500,0.010766565799713135,0.02543429471552372,0.9804931341213103,False,nan,nan,0.8509839919053926,1.230412009051507,0.05631570363858192,0.14731911473432607,0.04001661177829213,0.08584979246799232,0.07264361262767606,0.07004652479545595,0.14006309463928032,0.03602070698224897,0.1621877753196509,False,False,NO_MOTION,VERIFIED,NO_MOTION/VERIFIED,no motion; geometry verified by background,False,False,False,465,0.05186902427029168,231,0.335202411351522,787,0.19519959364054665,356,0.04193695380455001
107,sweep,True,14.215500259399414,0.5812006950378414,26.538,26.667,13.366999626159668,13.663999557495117,26.768,26.939,13.878000259399414,14.253000259399414,498,1538,514,0.01205526478588581,0.03067030757665634,1.1914837063270665,False,nan,nan,0.9998418296639552,1.4148160544286972,0.04481679369335879,0.0981936878972539,0.06969681295467486,0.14282398992446826,0.12740802427989123,0.12214925692753878,0.14550768703163813,0.03723143409906652,0.28445754923750804,False,False,NO_MOTION,VERIFIED,NO_MOTION/VERIFIED,no motion; geometry verified by background,False,False,False,451,0.05140842269030984,204,0.3678234040895876,883,0.17823663154414557,343,0.041834844551782976
108,sweep,True,14.701199913024903,0.4856996536254883,26.768,26.939,13.878000259399414,14.253000259399414,27.035,27.171,14.432999610900879,14.730999946594238,512,1531,520,0.01079049427062273,0.026451770216226578,0.9977732957936958,False,nan,nan,0.766102995350143,1.173715778085963,0.053369251993226056,0.10557840714246888,0.02447235757597672,0.0840320029076436,0.06282434551157975,0.05356181677723912,0.13046607243776764,0.03632749780397078,0.14026478675640972,False,False,NO_MOTION,VERIFIED,NO_MOTION/VERIFIED,no motion; geometry verified by background,False,False,False,481,0.04967465331310753,226,0.275580049681308,824,0.19429723112320416,369,0.03943123510282434
109,sweep,True,15.243800258636474,0.5426003456115716,27.035,27.171,14.432999610900879,14.730999946594238,27.272,27.434,14.927000045776367,15.279000282287598,498,1488,508,0.010589001700282097,0.025712471455335617,1.2000698097211264,False,nan,nan,0.918539643111715,1.3794893638562895,0.11394213178241372,0.21222694198218356,0.029730575601259357,0.10800626851968403,0.07789640096710501,0.06017666068280667,0.16601050193939076,0.03804316105868053,0.17391541418810125,False,False,NO_MOTION,VERIFIED,NO_MOTION/VERIFIED,no motion; geometry verified by background,False,False,False,465,0.05530564392655589,215,0.3882446331121199,808,0.24541345405226758,344,0.04060685151954282
110,sweep,True,15.752200317382812,0.5084000587463375,27.272,27.434,14.927000045776367,15.279000282287598,27.532,27.672,15.465999603271484,15.784000396728516,506,1525,507,0.01088661327958107,0.026600230485200882,1.0039300253155385,False,nan,nan,0.6748966233342026,1.3021678023701262,0.04574483552247271,0.16910541641754415,0.05828021695125192,0.12972778602943177,0.12724604033211118,0.11093761308382143,0.11927263043173611,0.03919605686224105,0.2840958957462012,False,False,NO_MOTION,VERIFIED,NO_MOTION/VERIFIED,no motion; geometry verified by background,False,False,False,522,0.04483920410354081,210,0.26726674577324977,793,0.16287626406356884,388,0.034862453455752174
111,sweep,True,16.303300666809083,0.551100349426271,27.532,27.672,15.465999603271484,15.784000396728516,27.77,27.94,15.982000350952148,16.339000701904297,489,1492,496,0.011283830739557743,0.02601112239062786,1.2272244430651624,False,nan,nan,0.8880461801955905,1.5378707062642494,0.04421865914198391,0.11117998347592763,0.06605027085605027,0.1305809215078351,0.12082320554766773,0.11855285329952861,0.15442080266162872,0.03781011613892021,0.26975595246345646,False,False,NO_MOTION,VERIFIED,NO_MOTION/VERIFIED,no motion; geometry verified by background,False,False,False,477,0.05882956938485133,199,0.3970770896135752,816,0.22077476057472384,356,0.04472718262226371
112,sweep,True,16.80479965209961,0.501498985290528,27.77,27.94,15.982000350952148,16.339000701904297,28.041,28.167,16.54199981689453,16.833999633789062,499,1427,504,0.009993982501327991,0.026706956326961517,1.068405933899545,False,nan,nan,1.0393589265205743,1.5717737243497085,0.48914209120322016,0.6036841978296156,0.033324532888946316,0.09346425450127877,0.0887601343795511,0.07807198850158016,0.12880363143172877,0.037211060979605304,0.19817033062323336,False,False,NO_MOTION,VERIFIED,NO_MOTION/VERIFIED,no motion; geometry verified by background,False,False,False,461,0.050532096881068855,196,0.3183583853503591,770,0.18321196476635326,337,0.041555230490426816
113,sweep,True,17.212499809265136,0.4077001571655252,28.041,28.167,16.54199981689453,16.833999633789062,28.243,28.434,16.96500015258789,17.239999771118164,506,1370,511,0.010991474613547325,0.023197438567876816,1.1713538594541708,False,nan,nan,0.8984693842934894,1.3943400341578234,0.1369328862835846,0.28953857766587465,0.06007406003928373,0.14800308449575686,0.1322680902542268,0.12930709091367742,0.1914697253374183,0.03640472587228778,0.29530837644408214,False,False,NO_MOTION,VERIFIED,NO_MOTION/VERIFIED,no motion; geometry verified by background,False,False,False,497,0.07687802649295626,193,0.3804883082294051,680,0.30963604621739826,371,0.05965346055426112
114,sweep,True,16.593400764465333,-0.6190990447998033,28.243,28.434,16.96500015258789,17.239999771118164,28.541,28.817,17.290000915527344,16.516000747680664,509,1548,509,0.00970842782407999,0.024414025247097015,0.40303370755629686,False,nan,nan,0.5576280098449062,0.8256728114926793,0.2384889185337056,0.33141476914369317,0.04431659521287309,0.19349733493951482,0.1742904898800769,0.15883804360815224,0.36082374073190393,0.041071075046255345,0.3891296948281482,False,False,NO_MOTION,VERIFIED,NO_MOTION/VERIFIED,no motion; geometry verified by background,False,False,False,767,0.18130824659551809,1,0.966155520592676,780,0.6367335965193175,601,0.14716196430267178
115,dwell_end,True,16.51779975891113,-0.07560100555420135,28.541,28.817,17.290000915527344,16.516000747680664,28.918,29.077,16.516000747680664,16.51799964904785,498,1489,498,0.005670552141964436,0.015809522941708565,0.039210702144674675,False,nan,nan,0.041641165725466014,0.08805552066354017,0.017204954353304932,0.06715676256984193,0.029513978898701797,0.0684636571500091,0.05905790984031763,0.052196322450107815,0.044093031157763564,0.039281867912402034,0.13185565345053324,False,False,NO_MOTION,VERIFIED,NO_MOTION/VERIFIED,no motion; geometry verified by background,False,False,False,687,0.023340269941258766,0,nan,802,0.07844904598071067,544,0.020331951598916598
116,dwell_end,False,16.51799964904785,0.00019989013672017109,28.918,29.077,16.516000747680664,16.51799964904785,29.177,29.307,16.51799964904785,16.51799964904785,502,1481,502,0.005579794757068157,0.014144967310130596,0.05064487778548168,True,0.04760084401836971,0.09543908885408735,nan,nan,nan,nan,nan,nan,nan,nan,nan,nan,0.21308209957996557,False,False,NO_MOTION,NOT_CHECKED,NO_MOTION/NOT_CHECKED,no motion; geometry not checked,False,False,False,,,,,,,,
117,dwell_end,False,16.51799964904785,0.0,29.177,29.307,16.51799964904785,16.51799964904785,29.409,29.568,16.51799964904785,16.51799964904785,500,1460,500,0.008589757606387138,0.02043234556913376,0.12741714415932287,True,0.1273598099451672,0.1860116218734232,nan,nan,nan,nan,nan,nan,nan,nan,nan,nan,0.41529888236528567,False,False,NO_MOTION,NOT_CHECKED,NO_MOTION/NOT_CHECKED,no motion; geometry not checked,False,False,False,,,,,,,,
118,dwell_end,False,16.51799964904785,0.0,29.409,29.568,16.51799964904785,16.51799964904785,29.659,29.8,16.51799964904785,16.51799964904785,502,1492,502,0.006021580658853054,0.014040084555745125,0.05520062081996856,True,0.05091251438917658,0.06975731712661398,nan,nan,nan,nan,nan,nan,nan,nan,nan,nan,0.15574368712938336,False,False,NO_MOTION,NOT_CHECKED,NO_MOTION/NOT_CHECKED,no motion; geometry not checked,False,False,False,,,,,,,,
119,dwell_end,False,16.51980037689209,0.0018007278442375707,29.659,29.8,16.51799964904785,16.51799964904785,29.894,30.069,16.51799964904785,16.520000457763672,504,1480,504,0.005499866791069508,0.012663397006690502,0.029375241651004632,True,0.026681847442961395,0.04371356749218884,nan,nan,nan,nan,nan,nan,nan,nan,nan,nan,0.09759710463714487,False,False,NO_MOTION,NOT_CHECKED,NO_MOTION/NOT_CHECKED,no motion; geometry not checked,False,False,False,,,,,,,,
120,dwell_end,False,16.520000457763672,0.0002000808715827418,29.894,30.069,16.51799964904785,16.520000457763672,30.174,30.302,16.520000457763672,16.520000457763672,498,1483,498,0.0055740270763635635,0.014172597788274288,0.025778345372894872,True,0.02081731178713011,0.0544988381701843,nan,nan,nan,nan,nan,nan,nan,nan,nan,nan,0.12167684123353095,False,False,NO_MOTION,NOT_CHECKED,NO_MOTION/NOT_CHECKED,no motion; geometry not checked,False,False,False,,,,,,,,
121,dwell_end,False,16.520000457763672,0.0,30.174,30.302,16.520000457763672,16.520000457763672,30.405,30.567,16.520000457763672,16.520000457763672,495,1462,495,0.0055509284138679504,0.01387101225554943,0.04766087929941022,True,0.05377005783013905,0.07443862223914792,nan,nan,nan,nan,nan,nan,nan,nan,nan,nan,0.16619540386442258,False,False,NO_MOTION,NOT_CHECKED,NO_MOTION/NOT_CHECKED,no motion; geometry not checked,False,False,False,,,,,,,,
122,dwell_end,False,16.520000457763672,0.0,30.405,30.567,16.520000457763672,16.520000457763672,30.667,30.801,16.520000457763672,16.520000457763672,502,1491,502,0.005628172308206558,0.012914001941680908,0.023690710486473608,True,0.008049401332930441,0.02898886377556036,nan,nan,nan,nan,nan,nan,nan,nan,nan,nan,0.06472199213026611,False,False,NO_MOTION,NOT_CHECKED,NO_MOTION/NOT_CHECKED,no motion; geometry not checked,False,False,False,,,,,,,,
123,dwell_end,False,16.520000457763672,0.0,30.667,30.801,16.520000457763672,16.520000457763672,30.869,31.067,16.520000457763672,16.520000457763672,498,1489,498,0.005528507754206657,0.012861588038504124,0.03687489102162387,True,0.04046322913732552,0.07090197142470768,nan,nan,nan,nan,nan,nan,nan,nan,nan,nan,0.15829929976210594,False,False,NO_MOTION,NOT_CHECKED,NO_MOTION/NOT_CHECKED,no motion; geometry not checked,False,False,False,,,,,,,,
124,dwell_end,False,16.520000457763672,0.0,30.869,31.067,16.520000457763672,16.520000457763672,31.209,31.308,16.520000457763672,16.520000457763672,504,1453,504,0.005311154760420322,0.013450386933982372,0.026346049445908876,True,0.020676890835233247,0.038512642889442325,nan,nan,nan,nan,nan,nan,nan,nan,nan,nan,0.08598525935009857,False,False,NO_MOTION,NOT_CHECKED,NO_MOTION/NOT_CHECKED,no motion; geometry not checked,False,False,False,,,,,,,,
125,dwell_end,False,16.520000457763672,0.0,31.209,31.308,16.520000457763672,16.520000457763672,31.376,31.573,16.520000457763672,16.520000457763672,511,1450,511,0.0057227578945457935,0.014443844556808472,0.04151019198217872,True,0.04499387230502265,0.07573033669712134,nan,nan,nan,nan,nan,nan,nan,nan,nan,nan,0.16907935039060512,False,False,NO_MOTION,NOT_CHECKED,NO_MOTION/NOT_CHECKED,no motion; geometry not checked,False,False,False,,,,,,,,
126,dwell_end,False,16.520000457763672,0.0,31.376,31.573,16.520000457763672,16.520000457763672,31.659,31.805,16.520000457763672,16.520000457763672,496,1499,496,0.0065040746703743935,0.015396937727928162,0.04535853890641867,True,0.06242444588948608,0.09076757236950496,nan,nan,nan,nan,nan,nan,nan,nan,nan,nan,0.20265223742695315,False,False,NO_MOTION,NOT_CHECKED,NO_MOTION/NOT_CHECKED,no motion; geometry not checked,False,False,False,,,,,,,,
127,return,False,16.305300331115724,-0.2147001266479478,31.659,31.805,16.520000457763672,16.520000457763672,31.896,32.072,16.43400001525879,16.291000366210938,494,1472,494,0.009964574128389359,0.02573918178677559,0.26150492612960186,False,nan,nan,0.6015277836428881,0.6780824490856998,0.19655305381263555,0.33820204949293053,0.027522739390210632,0.0677410809256925,0.060933736100386895,0.051123956080933015,0.031035477659138493,0.03995177518333663,0.136043717300911,False,False,NO_MOTION,VERIFIED,NO_MOTION/VERIFIED,no motion; geometry verified by background,False,False,False,674,0.025766096666062784,1,0.7635177467386207,797,0.034882166413877924,533,0.025628513684048015
128,return,False,16.05930061340332,-0.24599971771240448,31.896,32.072,16.43400001525879,16.291000366210938,32.174,32.307,16.19700050354004,16.04400062561035,499,1480,499,0.009737546555697918,0.023162027820944786,0.5211857449568802,False,nan,nan,0.6703236438811228,0.8887309533373542,0.1734013814788501,0.22817207804070794,0.03851536697423374,0.08298713896176466,0.07748896100434385,0.07378827443177127,0.07021440599110831,0.040361967446189695,0.17300574327903942,False,False,NO_MOTION,VERIFIED,NO_MOTION/VERIFIED,no motion; geometry verified by background,False,False,False,501,0.03291990963477649,177,0.2071587785901822,802,0.09278672500208211,377,0.026519025693734464
129,return,False,15.6794002532959,-0.37990036010742045,32.174,32.307,16.19700050354004,16.04400062561035,32.367,32.571,15.970999717712402,15.647000312805176,489,1457,490,0.010421160608530045,0.023377638310194016,0.7799704577585898,False,nan,nan,0.7129225707972711,0.9730430793467915,0.0420788173441699,0.10121051077014778,0.02218556354525865,0.061318484626893,0.05737839252565402,0.053628784938392696,0.0995653599843283,0.037067954575168635,0.1281058788038309,False,False,NO_MOTION,VERIFIED,NO_MOTION/VERIFIED,no motion; geometry verified by background,False,False,False,494,0.040477767028718505,189,0.29665532378850273,774,0.12178529160594853,369,0.03253350992628112
130,return,False,15.229800033569337,-0.4496002197265625,32.367,32.571,15.970999717712402,15.647000312805176,32.669,32.8,15.470999717712402,15.20300006866455,503,1386,508,0.009332044050097466,0.023622041568160057,0.8754620595995803,False,nan,nan,0.7274033682380102,1.1722502139323518,0.20815048437646003,0.35192722968653256,0.030189107036731,0.07054258887650817,0.062430827066257785,0.058520139241172484,0.11062739012033959,0.04080923962893883,0.13938619772586222,False,False,NO_MOTION,VERIFIED,NO_MOTION/VERIFIED,no motion; geometry verified by background,False,False,False,497,0.04132347682017778,181,0.33954337747143565,708,0.16136543987021612,381,0.03326466897034833
131,return,False,14.602000045776368,-0.6277999877929688,32.669,32.8,15.470999717712402,15.20300006866455,32.905,33.069,14.98900032043457,14.559000015258789,493,1424,500,0.010864943265914917,0.025409948080778122,1.2788000270711222,False,nan,nan,0.9912081818784759,1.4522952087472132,0.23088914911777647,0.2883961459482641,0.05222080326883419,0.10250477292615623,0.08508184325954837,0.08173658535253063,0.15426237391318826,0.037201513393248786,0.18995799326621177,False,False,NO_MOTION,VERIFIED,NO_MOTION/VERIFIED,no motion; geometry verified by background,False,False,False,440,0.058190195412263876,213,0.44738125805382967,771,0.19185464791228854,332,0.04456636064286984
132,return,False,13.956800174713134,-0.6451998710632338,32.905,33.069,14.98900032043457,14.559000015258789,33.17,33.302,14.305999755859375,13.918000221252441,487,1539,498,0.011369302868843079,0.029840344563126564,1.3033785533057696,False,nan,nan,1.2712121536318297,1.8870890586236717,0.10015991668015976,0.22112501697301779,0.03653523586990253,0.09183993858861064,0.08396223407013026,0.08009690826775193,0.1596256117054215,0.03716520103851262,0.1874582976000579,False,False,NO_MOTION,VERIFIED,NO_MOTION/VERIFIED,no motion; geometry verified by background,False,False,False,412,0.05902341391146547,203,0.36732520024384546,924,0.19318375102539226,293,0.041382265245805315
133,return,False,13.547600173950196,-0.4092000007629384,33.17,33.302,14.305999755859375,13.918000221252441,33.339,33.438,13.822999954223633,13.517000198364258,486,1592,489,0.009999381378293037,0.023890424519777298,0.7953784379221422,False,nan,nan,0.6899243995127952,1.0726855284184842,0.08943432157137052,0.1871571264123713,0.02657988612734548,0.0768891797186185,0.06165169823858696,0.057856158737115096,0.10057112375330315,0.038395359789182334,0.1376466756030432,False,False,NO_MOTION,VERIFIED,NO_MOTION/VERIFIED,no motion; geometry verified by background,False,False,False,562,0.04175840562442423,234,0.2701204799297624,796,0.14407822459556507,423,0.032795027564244766
134,return,False,12.792800140380859,-0.754800033569337,33.339,33.438,13.822999954223633,13.517000198364258,33.528,33.669,13.258999824523926,12.741000175476074,483,1347,509,0.012256711721420288,0.03195545822381973,1.5779627521830224,False,nan,nan,1.1921515255097075,1.723620971718585,0.19167899995020993,0.30545728606751055,0.024414457049833183,0.08774389990800406,0.07858192149512673,0.06953075169387571,0.1907057508131405,0.036551151284194006,0.17544594172320122,False,False,NO_MOTION,VERIFIED,NO_MOTION/VERIFIED,no motion; geometry verified by background,False,False,False,441,0.06403584374000101,221,0.5050850373123903,685,0.2968516120505446,330,0.04791712032410836
135,return,False,11.817399883270264,-0.9754002571105946,33.528,33.669,13.258999824523926,12.741000175476074,33.769,33.941,12.406000137329102,11.751999855041504,448,1368,488,0.013510322198271751,0.03304886817932129,1.9095396834633833,False,nan,nan,1.504082126874797,2.146919156139539,0.36962067541087684,0.4364890732063647,0.029436672740166335,0.10254561591061409,0.07334998588815561,0.0563718070617071,0.25987164725032563,0.0382280807605402,0.1637648597117729,False,False,NO_MOTION,VERIFIED,NO_MOTION/VERIFIED,no motion; geometry verified by background,False,False,False,372,0.08086643984599284,244,0.5092180779025648,752,0.360296162990673,265,0.05272136325298106
136,return,False,10.952400398254394,-0.8649994850158702,33.769,33.941,12.406000137329102,11.751999855041504,34.044,34.169,11.406000137329102,10.902000427246094,463,1322,499,0.013961750082671642,0.03773035481572151,1.7466454714247097,False,nan,nan,1.3039526881368493,1.828718099931113,0.03551814236830479,0.13517665050524216,0.026254404574327535,0.11939092962301594,0.06519006853566976,0.05634818870533208,0.2593180012430235,0.036488331660369244,0.14554661870860333,False,False,NO_MOTION,VERIFIED,NO_MOTION/VERIFIED,no motion; geometry verified by background,False,False,False,426,0.08195285239411021,198,0.5896481253169059,698,0.39501370939400215,315,0.060097177542194374
137,return,False,9.929200267791748,-1.0232001304626461,34.044,34.169,11.406000137329102,10.902000427246094,34.278,34.438,10.515999794006348,9.86400032043457,441,1362,504,0.014105097390711308,0.03384788706898689,2.034372345356422,False,nan,nan,1.6643962420048817,3.6577335006383502,0.16081318666277633,1.1683538104089357,0.031720361685469364,0.6863126978617278,0.09867113017229087,0.07371320813285394,0.333886844505943,0.032842049687526395,0.22029811723353848,False,False,NO_MOTION,VERIFIED,NO_MOTION/VERIFIED,no motion; geometry verified by background,False,False,False,356,0.12753714990609294,178,0.8493687580430016,828,0.42519918262287865,258,0.08544597589043493
138,return,False,8.95510025024414,-0.9741000175476078,34.278,34.438,10.515999794006348,9.86400032043457,34.543,34.676,9.477999687194824,8.897000312805176,455,1409,503,0.01388724148273468,0.03684760257601738,1.8561133014364353,False,nan,nan,1.477211429496837,2.029808469858774,0.14986665105104804,0.25189768804275725,0.026018641850114915,0.09048331505506575,0.07365666118842693,0.06498542634098539,0.27419233292185885,0.03495002363489449,0.16444955837828087,False,False,NO_MOTION,VERIFIED,NO_MOTION/VERIFIED,no motion; geometry verified by background,False,False,False,369,0.09082753540323431,187,0.61339823758529,853,0.3589974214597535,273,0.06513422712209012
139,return,False,7.827199935913086,-1.127900314331054,34.543,34.676,9.477999687194824,8.897000312805176,34.8,34.943,8.395999908447266,7.763999938964844,427,1320,503,0.01529125589877367,0.04007105529308319,2.1794242598288043,False,nan,nan,1.7956113768259891,3.8737885262584486,0.1022952671849496,0.9754178908865817,0.05131419316796082,0.7640260191089792,0.0978469338676444,0.08169150514021968,0.33741815917948287,0.03461891458238872,0.21845797519982083,False,False,NO_MOTION,VERIFIED,NO_MOTION/VERIFIED,no motion; geometry verified by background,False,False,False,342,0.1207634286698454,155,0.6882917990790244,823,0.45358268174081917,252,0.08208916825834046
140,return,False,6.814400148391724,-1.0127997875213621,34.8,34.943,8.395999908447266,7.763999938964844,35.041,35.175,7.357999801635742,6.754000186920166,466,1275,515,0.013030637986958027,0.03808894008398056,1.9279977675280322,False,nan,nan,1.887250825318215,2.271546799671696,0.29400114157843515,0.6413227948259761,0.03056350666801718,0.6332556565753874,0.09643599916716222,0.08004908088928714,0.29247279235043167,0.03514927268472551,0.21530785157690344,False,False,NO_MOTION,VERIFIED,NO_MOTION/VERIFIED,no motion; geometry verified by background,False,False,False,362,0.11278639755899683,144,0.4923871790107839,769,0.4236668038110452,283,0.07945252580076642
141,return,False,5.654900074005127,-1.1595000743865969,35.041,35.175,7.357999801635742,6.754000186920166,35.272,35.439,6.3470001220703125,5.578000068664551,446,1146,530,0.014304743148386478,0.04008927941322327,2.263115371194818,False,nan,nan,1.984333716028336,5.037366313338609,0.03881035394510402,1.3092652704628045,0.029497759133303922,1.6012057704681775,0.1443751088620654,0.06608258374696595,0.4157182175910893,0.035180876081714156,0.3223391138032378,False,False,NO_MOTION,VERIFIED,NO_MOTION/VERIFIED,no motion; geometry verified by background,False,False,False,274,0.1913388741340109,159,0.5509425411346894,713,0.5489669756960804,189,0.1379864567907763
142,return,False,5.051299905776977,-0.6036001682281498,35.272,35.439,6.3470001220703125,5.578000068664551,35.472,35.567,5.440999984741211,5.007999897003174,472,1601,478,0.01174597255885601,0.032592885196208954,1.1736594391418045,False,nan,nan,1.0550454929271338,1.367516531372437,0.02079936225312342,0.0746371637766013,0.031524442093070454,0.07900713601710453,0.07565092059614723,0.06964489141805782,0.1314154770834223,0.03781900770291946,0.16890204201791215,False,False,NO_MOTION,VERIFIED,NO_MOTION/VERIFIED,no motion; geometry verified by background,False,False,False,552,0.06328874878747465,168,0.2744468742051895,881,0.22156821616744599,454,0.05216962216428507
143,return,False,4.071199893951416,-0.9801000118255612,35.472,35.567,5.440999984741211,5.007999897003174,35.661,35.802,4.639999866485596,4.007999897003174,456,1387,493,0.012686210684478283,0.03393539413809776,2.01348035143085,False,nan,nan,1.4792088799940735,1.8216485854475573,0.06659065166290674,0.221702169806617,0.028907447035059625,0.1116269565754642,0.08292497655159199,0.07147903646306833,0.30588009716307196,0.03585154897719586,0.1851424644072961,False,False,NO_MOTION,VERIFIED,NO_MOTION/VERIFIED,no motion; geometry verified by background,False,False,False,384,0.14107556726766718,166,0.4505356092063652,837,0.4628237544962976,298,0.09745179716039742
144,return,False,2.973699998855591,-1.097499895095825,35.661,35.802,4.639999866485596,4.007999897003174,35.893,36.07,3.6549999713897705,2.8980000019073486,444,1354,497,0.012344064190983772,0.03395412117242813,2.2175531328058042,False,nan,nan,1.833203796305349,2.2398124098671364,0.024746846367760783,0.05848916635560196,0.03584464180291646,0.10941277595606447,0.09194078309922546,0.07190977985740828,0.34554351029985014,0.03624892914893672,0.20527160658208818,False,False,NO_MOTION,VERIFIED,NO_MOTION/VERIFIED,no motion; geometry verified by background,False,False,False,342,0.1903423373446621,170,0.3551318595248051,842,0.5153050071246521,263,0.12084781385256543
145,return,False,2.073900079727173,-0.8997999191284181,35.893,36.07,3.6549999713897705,2.8980000019073486,36.174,36.302,2.5139999389648438,2.0250000953674316,461,1383,488,0.010765613988041878,0.02829590067267418,1.786625243996237,False,nan,nan,1.6035342730616238,1.925483266190451,0.08910934088935267,0.16241797690439894,0.05291419515096647,0.12002043972870574,0.10205638238289587,0.09532546987009272,0.2655974690236668,0.03699493973008269,0.22785620121468642,False,False,NO_MOTION,VERIFIED,NO_MOTION/VERIFIED,no motion; geometry verified by background,False,False,False,426,0.10342305166927798,151,0.34250631550060023,806,0.4403612976640515,346,0.07355404510813983
146,return,False,1.2301000237464905,-0.8438000559806824,36.174,36.302,2.5139999389648438,2.0250000953674316,36.408,36.566,1.690000057220459,1.1790000200271606,442,1431,488,0.011226647533476353,0.035439878702163696,1.8019758361569673,False,nan,nan,1.551993205868142,1.844702031480006,0.07271447339145566,0.23924650832214958,0.02379341958975166,0.11559045776028996,0.08073852809849087,0.05060884159415995,0.2936542430756101,0.03733349263322104,0.18026088985955038,False,False,NO_MOTION,VERIFIED,NO_MOTION/VERIFIED,no motion; geometry verified by background,False,False,False,420,0.13085022641109306,142,0.39906491892673535,869,0.4523869201751384,338,0.09875232115629778
147,return,False,0.5770999968051911,-0.6530000269412994,36.408,36.566,1.690000057220459,1.1790000200271606,36.674,36.803,0.8930000066757202,0.5419999957084656,490,1516,506,0.011088719591498375,0.02775382623076439,1.315800627029407,False,nan,nan,1.2260946003253523,1.4312854949328493,0.030752930732399916,0.08877222564133921,0.035823223703900293,0.10403041357525777,0.09298029870869368,0.08095269270009184,0.17874206127349082,0.038077261385091786,0.20759248130198707,False,False,NO_MOTION,VERIFIED,NO_MOTION/VERIFIED,no motion; geometry verified by background,False,False,False,494,0.08017206334652513,113,0.25739443800503686,909,0.2973147616976875,399,0.06946004174737354
148,return,False,0.03369999884162095,-0.5433999979635702,36.674,36.803,0.8930000066757202,0.5419999957084656,36.893,37.069,0.35499998927116394,-0.0020000000949949026,500,1475,516,0.009689204394817352,0.023316508159041405,1.1885811178102699,False,nan,nan,0.9961484145787485,1.1640761944849911,0.0263965303552321,0.1458057694360559,0.02838841955459244,0.11743146886285533,0.06541816130323336,0.06403353032358396,0.16710230811491814,0.0359236974262641,0.1460558700687642,False,False,NO_MOTION,VERIFIED,NO_MOTION/VERIFIED,no motion; geometry verified by background,False,False,False,524,0.08451561650255895,110,0.2912157430029768,841,0.312493007407138,438,0.0712132217635568
149,return,False,-0.3242999956011772,-0.3579999944427982,36.893,37.069,0.35499998927116394,-0.0020000000949949026,37.169,37.306,-0.15600000321865082,-0.34299999475479126,510,1629,515,0.008293736726045609,0.021423039957880974,0.7711931829272188,False,nan,nan,0.8656431709307431,1.0036490573677868,0.024525589551424545,0.08686093488963353,0.025369703699137797,0.06215203590648169,0.051126589417881396,0.04310784630336234,0.1188491524439269,0.03622930378245848,0.11414778942599321,False,False,NO_MOTION,VERIFIED,NO_MOTION/VERIFIED,no motion; geometry verified by background,False,False,False,572,0.060392447970542884,94,0.23676892234300184,963,0.201137381637756,472,0.048416743772019835
150,return,False,-0.5566000252962112,-0.232300029695034,37.169,37.306,-0.15600000321865082,-0.34299999475479126,37.39,37.569,-0.4180000126361847,-0.5720000267028809,490,1677,494,0.007582251913845539,0.0207970067858696,0.5896648345142903,False,nan,nan,1.264462177190442,1.4707792435221498,0.05700016025702695,0.13352921202600165,0.026465023672265393,0.07472254732119038,0.06505966605483199,0.05695463822499257,0.12252167842565996,0.03717215306701646,0.14525547558537183,False,False,NO_MOTION,VERIFIED,NO_MOTION/VERIFIED,no motion; geometry verified by background,False,False,False,545,0.058296070460201,81,0.18035683030110208,1051,0.19100889948075578,440,0.049860845919290187
151,return,False,-0.6714999854564667,-0.1148999601602555,37.39,37.569,-0.4180000126361847,-0.5720000267028809,37.667,37.804,-0.621999979019165,-0.6769999861717224,496,1710,500,0.013823148794472218,0.03617892041802406,0.3872859423893011,False,nan,nan,0.6649149075231094,0.8186334003237036,0.08912669533719834,0.3038777704750535,0.2008286660208793,0.26466055854855364,0.2576258485131314,0.2526473269621432,0.0693212472172704,0.03674096284953021,0.575188398866375,False,False,NO_MOTION,VERIFIED,NO_MOTION/VERIFIED,no motion; geometry verified by background,False,False,False,647,0.040142423645020485,0,nan,1063,0.10707898920456849,538,0.035381898118902175
152,return,False,-0.35520000159740445,0.3162999838590623,37.667,37.804,-0.621999979019165,-0.6769999861717224,37.913,38.07,-0.6990000009536743,-0.31700000166893005,510,1745,510,0.006942966021597385,0.01837361976504326,0.14398771100201782,False,nan,nan,0.33455703035689294,0.40553940020139484,0.029755554964991788,0.126053373388487,0.060268472108069564,0.13807114281236704,0.13352850170917768,0.11859154999767421,0.2690462826609665,0.03693481325993481,0.29812243431471186,False,False,NO_MOTION,VERIFIED,NO_MOTION/VERIFIED,no motion; geometry verified by background,False,False,False,632,0.09356372224347537,0,nan,1113,0.5147507932540544,531,0.07736795336050444
